,id,customer_id,country_id,tbl_loan_id,lender_id,loan_type,total_amount,total_amount_to_repay,disbursement_date,due_date,duration,new_versus_repeat,amount_funded_by_lender,lender_portion_funded,lender_portion_to_be_repaid,target
0,ID_248648126311251804,248648,Kenya,126311,251804,Type_5,40700.0,42835.0,2022-03-14,2022-03-28,14,Repeat Loan,4980.0,0.122358722358722,5241.0,0
1,ID_248648126311245684,248648,Kenya,126311,245684,Type_5,40700.0,42835.0,2022-03-14,2022-03-28,14,Repeat Loan,10000.0,0.245700245700245,10525.0,0
2,ID_244985126314245684,244985,Kenya,126314,245684,Type_5,28000.0,29500.0,2022-03-14,2022-03-28,14,Repeat Loan,10000.0,0.357142857142857,10536.0,0
3,ID_244985126314251804,244985,Kenya,126314,251804,Type_5,28000.0,29500.0,2022-03-14,2022-03-28,14,Repeat Loan,3440.0,0.122857142857142,3624.0,0
4,ID_249613126316245684,249613,Kenya,126316,245684,Type_5,17000.0,17950.0,2022-03-14,2022-03-28,14,Repeat Loan,10000.0,0.588235294117647,10559.0,0
5,ID_249613126316251804,249613,Kenya,126316,251804,Type_5,17000.0,17950.0,2022-03-14,2022-03-28,14,Repeat Loan,600.0,0.0352941176470588,634.0,0
6,ID_248670127372251804,248670,Kenya,127372,251804,Type_5,28000.0,29500.0,2022-03-16,2022-03-30,14,Repeat Loan,1040.0,0.0371428571428571,1096.0,0
7,ID_248670127372245684,248670,Kenya,127372,245684,Type_5,28000.0,29500.0,2022-03-16,2022-03-30,14,Repeat Loan,10000.0,0.357142857142857,10536.0,0
8,ID_256868127382251804,256868,Kenya,127382,251804,Type_5,24000.0,25300.0,2022-03-16,2022-03-30,14,Repeat Loan,1520.0,0.0633333333333333,1602.0,0
9,ID_256868127382245684,256868,Kenya,127382,245684,Type_5,24000.0,25300.0,2022-03-16,2022-03-30,14,New Loan,10000.0,0.416666666666666,10542.0,0
10,ID_249830127427251804,249830,Kenya,127427,251804,Type_5,33900.0,35695.0,2022-03-14,2022-03-28,14,Repeat Loan,2404.0,0.0709144542772861,2531.0,0
11,ID_249830127427245684,249830,Kenya,127427,245684,Type_5,33900.0,35695.0,2022-03-14,2022-03-28,14,Repeat Loan,10000.0,0.294985250737463,10529.0,0
12,ID_246989128195245684,246989,Kenya,128195,245684,Type_5,54000.0,56800.0,2022-03-18,2022-04-01,14,Repeat Loan,10000.0,0.185185185185185,10519.0,0
13,ID_246989128195251804,246989,Kenya,128195,251804,Type_5,54000.0,56800.0,2022-03-18,2022-04-01,14,Repeat Loan,8640.0,0.16,9088.0,0
14,ID_261840179408267278,261840,Kenya,179408,267278,Type_10,257434.4,261295.92,2022-06-02,2022-11-29,180,Repeat Loan,37874.0,0.147120975285354,38442.0,0
15,ID_261840179408251804,261840,Kenya,179408,251804,Type_10,257434.4,261295.92,2022-06-02,2022-11-29,180,Repeat Loan,19449.3,0.0755505091782605,19741.0,0
16,ID_259346179524267278,259346,Kenya,179524,267278,Type_10,223832.4,227189.89,2022-06-01,2022-06-30,29,Repeat Loan,26558.0,0.118651276580155,26956.0,0
17,ID_259346179524251804,259346,Kenya,179524,251804,Type_10,223832.4,227189.89,2022-06-01,2022-06-30,29,Repeat Loan,27817.0,0.124276020808426,28234.0,0
18,ID_252041179528267278,252041,Kenya,179528,267278,Type_10,179171.6,181859.17,2022-06-01,2022-06-30,29,Repeat Loan,20116.0,0.112272257433655,20418.0,0
19,ID_252041179528251804,252041,Kenya,179528,251804,Type_10,179171.6,181859.17,2022-06-01,2022-06-30,29,Repeat Loan,19226.43,0.107307352281276,19515.0,0
20,ID_259205179530251804,259205,Kenya,179530,251804,Type_10,155775.8,158112.44,2022-06-01,2022-06-30,29,Repeat Loan,17601.8,0.112994444579966,17866.0,0
21,ID_259205179530267278,259205,Kenya,179530,267278,Type_10,155775.8,158112.44,2022-06-01,2022-06-30,29,Repeat Loan,18970.0,0.121777580343031,19255.0,0
22,ID_259206179666267278,259206,Kenya,179666,267278,Type_10,667293.95,677303.36,2022-06-01,2022-06-30,29,Repeat Loan,100211.0,0.150175196403324,101714.0,0
23,ID_259206179666251804,259206,Kenya,179666,251804,Type_10,667293.95,677303.36,2022-06-01,2022-06-30,29,Repeat Loan,54849.0,0.0821961595785485,55672.0,0
24,ID_259334181063251804,259334,Kenya,181063,251804,Type_10,102930.0,104473.95,2022-06-03,2022-06-30,27,Repeat Loan,12194.0,0.118468862333624,12377.0,0
25,ID_259334181063267278,259334,Kenya,181063,267278,Type_10,102930.0,104473.95,2022-06-03,2022-06-30,27,Repeat Loan,12562.0,0.122044107645973,12750.0,0
26,ID_261839182953267278,261839,Kenya,182953,267278,Type_10,231416.4,234887.65,2022-06-06,2022-06-30,24,Repeat Loan,22993.0,0.0993576946145562,23338.0,0
27,ID_261839182953251804,261839,Kenya,182953,251804,Type_10,231416.4,234887.65,2022-06-06,2022-06-30,24,Repeat Loan,22900.24,0.0989568587187425,23244.0,0
28,ID_259388182954251804,259388,Kenya,182954,251804,Type_10,89780.0,91126.7,2022-06-06,2022-07-21,45,Repeat Loan,9446.0,0.105212742258854,9588.0,0
29,ID_259388182954267278,259388,Kenya,182954,267278,Type_10,89780.0,91126.7,2022-06-06,2022-07-21,45,Repeat Loan,10832.0,0.12065047894854,10994.0,0
30,ID_259843184951251804,259843,Kenya,184951,251804,Type_10,191612.2,194486.38,2022-06-07,2022-06-30,23,Repeat Loan,7317.1,0.0381870256695554,7427.0,0
31,ID_259843184951267278,259843,Kenya,184951,267278,Type_10,191612.2,194486.38,2022-06-07,2022-06-30,23,Repeat Loan,34516.0,0.180134667834302,35034.0,0
32,ID_261841185893251804,261841,Kenya,185893,251804,Type_10,55930.2,56769.15,2022-06-08,2022-06-30,22,Repeat Loan,1132.0,0.020239512821338,1149.0,0
33,ID_261841185893267278,261841,Kenya,185893,267278,Type_10,55930.2,56769.15,2022-06-08,2022-06-30,22,Repeat Loan,10053.0,0.179741892573243,10204.0,0
34,ID_248670187030251804,248670,Kenya,187030,251804,Type_5,38000.0,40000.0,2022-06-10,2022-06-24,14,Repeat Loan,5066.0,0.133315789473684,5333.0,0
35,ID_248670187030267278,248670,Kenya,187030,267278,Type_5,38000.0,40000.0,2022-06-10,2022-06-24,14,Repeat Loan,5066.0,0.133315789473684,5333.0,0
36,ID_245757187135267278,245757,Kenya,187135,267278,Type_5,6500.0,6925.0,2022-06-10,2022-06-24,14,Repeat Loan,866.0,0.133230769230769,923.0,0
37,ID_245757187135251804,245757,Kenya,187135,251804,Type_5,6500.0,6925.0,2022-06-10,2022-06-24,14,Repeat Loan,866.0,0.133230769230769,923.0,0
38,ID_250523187154251804,250523,Kenya,187154,251804,Type_5,18000.0,18730.0,2022-06-10,2022-06-17,7,Repeat Loan,2400.0,0.133333333333333,2497.0,0
39,ID_250523187154267278,250523,Kenya,187154,267278,Type_5,18000.0,18730.0,2022-06-10,2022-06-17,7,Repeat Loan,2400.0,0.133333333333333,2497.0,0
40,ID_245537187927267278,245537,Kenya,187927,267278,Type_5,23000.0,24250.0,2022-06-11,2022-06-25,14,Repeat Loan,3066.0,0.133304347826086,3233.0,0
41,ID_245537187927251804,245537,Kenya,187927,251804,Type_5,23000.0,24250.0,2022-06-11,2022-06-25,14,Repeat Loan,3066.0,0.133304347826086,3233.0,0
42,ID_267312188905267278,267312,Kenya,188905,267278,Type_10,26747.0,27148.21,2022-06-13,2022-06-30,17,Repeat Loan,4551.0,0.17014992335589,4619.0,0
43,ID_267312188905251804,267312,Kenya,188905,251804,Type_10,26747.0,27148.21,2022-06-13,2022-06-30,17,Repeat Loan,3191.0,0.119303099413018,3239.0,0
44,ID_257771188906251804,257771,Kenya,188906,251804,Type_5,6000.0,6400.0,2022-06-13,2022-06-27,14,Repeat Loan,800.0,0.133333333333333,853.0,0
45,ID_257771188906267278,257771,Kenya,188906,267278,Type_5,6000.0,6400.0,2022-06-13,2022-06-27,14,Repeat Loan,800.0,0.133333333333333,853.0,0
46,ID_267021188907251804,267021,Kenya,188907,251804,Type_5,9000.0,10145.0,2022-06-15,2022-06-29,14,Repeat Loan,1200.0,0.133333333333333,1353.0,1
47,ID_267021188907267278,267021,Kenya,188907,267278,Type_5,9000.0,10145.0,2022-06-15,2022-06-29,14,Repeat Loan,1200.0,0.133333333333333,1353.0,1
48,ID_240303189299251804,240303,Kenya,189299,251804,Type_4,75000.0,79875.0,2022-06-13,2022-07-13,30,Repeat Loan,6186.49,0.0824865333333333,6589.0,0
49,ID_240303189299267278,240303,Kenya,189299,267278,Type_4,75000.0,79875.0,2022-06-13,2022-07-13,30,Repeat Loan,10000.0,0.133333333333333,10650.0,0
50,ID_250359190280267278,250359,Kenya,190280,267278,Type_5,21500.0,22675.0,2022-06-14,2022-06-28,14,Repeat Loan,2866.0,0.133302325581395,3023.0,0
51,ID_250359190280251804,250359,Kenya,190280,251804,Type_5,21500.0,22675.0,2022-06-14,2022-06-28,14,Repeat Loan,2866.0,0.133302325581395,3023.0,0
52,ID_247743190365251804,247743,Kenya,190365,251804,Type_5,6500.0,6925.0,2022-06-14,2022-06-28,14,Repeat Loan,866.0,0.133230769230769,923.0,0
53,ID_247743190365267278,247743,Kenya,190365,267278,Type_5,6500.0,6925.0,2022-06-14,2022-06-28,14,Repeat Loan,866.0,0.133230769230769,923.0,0
54,ID_267435190433267278,267435,Kenya,190433,267278,Type_4,5000.0,5350.0,2022-06-14,2022-07-14,30,Repeat Loan,666.0,0.1332,713.0,0
55,ID_267435190433251804,267435,Kenya,190433,251804,Type_4,5000.0,5350.0,2022-06-14,2022-07-14,30,Repeat Loan,666.0,0.1332,713.0,0
56,ID_260263191125251804,260263,Kenya,191125,251804,Type_5,6500.0,6900.0,2022-06-15,2022-06-29,14,Repeat Loan,866.0,0.133230769230769,923.0,0
57,ID_260263191125267278,260263,Kenya,191125,267278,Type_5,6500.0,6900.0,2022-06-15,2022-06-29,14,Repeat Loan,866.0,0.133230769230769,923.0,0
58,ID_267162191127251804,267162,Kenya,191127,251804,Type_5,22000.0,23200.0,2022-06-15,2022-06-29,14,New Loan,2933.0,0.133318181818181,3093.0,0
59,ID_267162191127267278,267162,Kenya,191127,267278,Type_5,22000.0,23200.0,2022-06-15,2022-06-29,14,Repeat Loan,2933.0,0.133318181818181,3093.0,0
60,ID_266991191282251804,266991,Kenya,191282,251804,Type_5,16000.0,16900.0,2022-06-15,2022-06-29,14,Repeat Loan,2133.0,0.1333125,2253.0,0
61,ID_266991191282267278,266991,Kenya,191282,267278,Type_5,16000.0,16900.0,2022-06-15,2022-06-29,14,Repeat Loan,2133.0,0.1333125,2253.0,0
62,ID_259630191477251804,259630,Kenya,191477,251804,Type_6,7130.0,7809.0,2022-06-15,2022-06-22,7,Repeat Loan,678.65,0.0951823281907433,743.0,1
63,ID_259630191477267278,259630,Kenya,191477,267278,Type_6,7130.0,7809.0,2022-06-15,2022-06-22,7,Repeat Loan,1140.0,0.159887798036465,1249.0,1
64,ID_255901192116251804,255901,Kenya,192116,251804,Type_5,13000.0,13750.0,2022-06-16,2022-06-30,14,Repeat Loan,1733.0,0.133307692307692,1833.0,0
65,ID_255901192116267278,255901,Kenya,192116,267278,Type_5,13000.0,13750.0,2022-06-16,2022-06-30,14,Repeat Loan,1733.0,0.133307692307692,1833.0,0
66,ID_248455192121267278,248455,Kenya,192121,267278,Type_5,105000.0,110350.0,2022-06-16,2022-06-30,14,Repeat Loan,14000.0,0.133333333333333,14713.0,0
67,ID_248455192121251804,248455,Kenya,192121,251804,Type_5,105000.0,110350.0,2022-06-16,2022-06-30,14,Repeat Loan,14000.0,0.133333333333333,14713.0,0
68,ID_256868192175267278,256868,Kenya,192175,267278,Type_5,24000.0,25300.0,2022-06-16,2022-06-30,14,Repeat Loan,3200.0,0.133333333333333,3373.0,0
69,ID_256868192175251804,256868,Kenya,192175,251804,Type_5,24000.0,25300.0,2022-06-16,2022-06-30,14,Repeat Loan,1115.61,0.04648375,1176.0,0
70,ID_244946192501267278,244946,Kenya,192501,267278,Type_5,43000.0,44605.0,2022-06-16,2022-06-23,7,Repeat Loan,5733.0,0.133325581395348,5947.0,0
71,ID_244946192501251804,244946,Kenya,192501,251804,Type_5,43000.0,44605.0,2022-06-16,2022-06-23,7,Repeat Loan,121.44,0.0028241860465116,126.0,0
72,ID_245766192990267278,245766,Kenya,192990,267278,Type_5,10000.0,10600.0,2022-06-17,2022-07-01,14,Repeat Loan,1333.0,0.1333,1413.0,0
73,ID_245766192990251804,245766,Kenya,192990,251804,Type_5,10000.0,10600.0,2022-06-17,2022-07-01,14,Repeat Loan,1333.0,0.1333,1413.0,0
74,ID_249613192991251804,249613,Kenya,192991,251804,Type_5,16000.0,16900.0,2022-06-17,2022-07-01,14,Repeat Loan,2133.0,0.1333125,2253.0,0
75,ID_249613192991267278,249613,Kenya,192991,267278,Type_5,16000.0,16900.0,2022-06-17,2022-07-01,14,Repeat Loan,2133.0,0.1333125,2253.0,0
76,ID_267352193030267278,267352,Kenya,193030,267278,Type_5,22000.0,23200.0,2022-06-16,2022-06-30,14,Repeat Loan,2933.0,0.133318181818181,3093.0,0
77,ID_267352193030251804,267352,Kenya,193030,251804,Type_5,22000.0,23200.0,2022-06-16,2022-06-30,14,Repeat Loan,2933.0,0.133318181818181,3093.0,0
78,ID_267352193137251804,267352,Kenya,193137,251804,Type_5,22000.0,23200.0,2022-06-20,2022-07-04,14,Repeat Loan,2933.0,0.133318181818181,3093.0,0
79,ID_267352193137267278,267352,Kenya,193137,267278,Type_5,22000.0,23200.0,2022-06-20,2022-07-04,14,Repeat Loan,2933.0,0.133318181818181,3093.0,0
80,ID_245210193457251804,245210,Kenya,193457,251804,Type_4,15000.0,16050.0,2022-06-17,2022-07-17,30,Repeat Loan,491.15,0.0327433333333333,526.0,0
81,ID_245210193457267278,245210,Kenya,193457,267278,Type_4,15000.0,16050.0,2022-06-17,2022-07-17,30,Repeat Loan,2000.0,0.133333333333333,2140.0,0
82,ID_256582193806267278,256582,Kenya,193806,267278,Type_5,22500.0,23725.0,2022-06-18,2022-07-02,14,Repeat Loan,3000.0,0.133333333333333,3163.0,0
83,ID_256582193806251804,256582,Kenya,193806,251804,Type_5,22500.0,23725.0,2022-06-18,2022-07-02,14,Repeat Loan,3000.0,0.133333333333333,3163.0,0
84,ID_252426194789251804,252426,Kenya,194789,251804,Type_5,10500.0,11125.0,2022-06-18,2022-07-02,14,Repeat Loan,1400.0,0.133333333333333,1483.0,0
85,ID_252426194789267278,252426,Kenya,194789,267278,Type_5,10500.0,11125.0,2022-06-18,2022-07-02,14,Repeat Loan,1400.0,0.133333333333333,1483.0,0
86,ID_247952194893267278,247952,Kenya,194893,267278,Type_5,15000.0,15850.0,2022-06-20,2022-07-04,14,Repeat Loan,2000.0,0.133333333333333,2113.0,0
87,ID_247952194893251804,247952,Kenya,194893,251804,Type_5,15000.0,15850.0,2022-06-20,2022-07-04,14,Repeat Loan,2000.0,0.133333333333333,2113.0,0
88,ID_248683194921251804,248683,Kenya,194921,251804,Type_5,12500.0,13225.0,2022-06-20,2022-07-04,14,Repeat Loan,1666.0,0.13328,1763.0,0
89,ID_248683194921267278,248683,Kenya,194921,267278,Type_5,12500.0,13225.0,2022-06-20,2022-07-04,14,Repeat Loan,1666.0,0.13328,1763.0,0
90,ID_249830194923251804,249830,Kenya,194923,251804,Type_5,36000.0,37900.0,2022-06-20,2022-07-04,14,Repeat Loan,4800.0,0.133333333333333,5053.0,0
91,ID_249830194923267278,249830,Kenya,194923,267278,Type_5,36000.0,37900.0,2022-06-20,2022-07-04,14,Repeat Loan,4800.0,0.133333333333333,5053.0,0
92,ID_256578194933267278,256578,Kenya,194933,267278,Type_5,25000.0,26350.0,2022-06-20,2022-07-04,14,Repeat Loan,7333.0,0.29332,7729.0,0
93,ID_256578194933251804,256578,Kenya,194933,251804,Type_5,25000.0,26350.0,2022-06-20,2022-07-04,14,Repeat Loan,3333.0,0.13332,3513.0,0
94,ID_267133195380267278,267133,Kenya,195380,267278,Type_5,9500.0,10486.0,2022-06-20,2022-07-04,14,New Loan,1266.0,0.133263157894736,1397.0,1
95,ID_267133195380251804,267133,Kenya,195380,251804,Type_5,9500.0,10486.0,2022-06-20,2022-07-04,14,Repeat Loan,1266.0,0.133263157894736,1397.0,1
96,ID_241206195402267278,241206,Kenya,195402,267278,Type_4,15000.0,19340.0,2022-06-20,2022-07-20,30,Repeat Loan,2000.0,0.133333333333333,2579.0,1
97,ID_241206195402251804,241206,Kenya,195402,251804,Type_4,15000.0,19340.0,2022-06-20,2022-07-20,30,Repeat Loan,2000.0,0.133333333333333,2579.0,1
98,ID_260276195734267278,260276,Kenya,195734,267278,Type_5,28000.0,31307.0,2022-06-20,2022-07-04,14,Repeat Loan,3733.0,0.133321428571428,4174.0,1
99,ID_260276195734251804,260276,Kenya,195734,251804,Type_5,28000.0,31307.0,2022-06-20,2022-07-04,14,Repeat Loan,3733.0,0.133321428571428,4174.0,1
100,ID_251285195746251804,251285,Kenya,195746,251804,Type_5,13500.0,14275.0,2022-06-20,2022-07-04,14,Repeat Loan,1800.0,0.133333333333333,1903.0,0
101,ID_251285195746267278,251285,Kenya,195746,267278,Type_5,13500.0,14275.0,2022-06-20,2022-07-04,14,Repeat Loan,1800.0,0.133333333333333,1903.0,0
102,ID_247837196083251804,247837,Kenya,196083,251804,Type_5,21000.0,22150.0,2022-06-21,2022-07-05,14,Repeat Loan,2800.0,0.133333333333333,2953.0,0
103,ID_247837196083267278,247837,Kenya,196083,267278,Type_5,21000.0,22150.0,2022-06-21,2022-07-05,14,Repeat Loan,2800.0,0.133333333333333,2953.0,0
104,ID_256869196507267278,256869,Kenya,196507,267278,Type_5,10000.0,10600.0,2022-06-21,2022-07-05,14,Repeat Loan,1333.0,0.1333,1413.0,0
105,ID_256869196507251804,256869,Kenya,196507,251804,Type_5,10000.0,10600.0,2022-06-21,2022-07-05,14,Repeat Loan,1333.0,0.1333,1413.0,0
106,ID_240519197119267278,240519,Kenya,197119,267278,Type_4,30000.0,33600.0,2022-06-22,2022-08-21,60,Repeat Loan,4000.0,0.133333333333333,4480.0,0
107,ID_240519197119251804,240519,Kenya,197119,251804,Type_4,30000.0,33600.0,2022-06-22,2022-08-21,60,Repeat Loan,4000.0,0.133333333333333,4480.0,0
108,ID_246549197853251804,246549,Kenya,197853,251804,Type_5,36000.0,37900.0,2022-06-23,2022-07-07,14,Repeat Loan,4800.0,0.133333333333333,5053.0,0
109,ID_246549197853267278,246549,Kenya,197853,267278,Type_5,36000.0,37900.0,2022-06-23,2022-07-07,14,Repeat Loan,4800.0,0.133333333333333,5053.0,0
110,ID_257775198629267278,257775,Kenya,198629,267278,Type_5,7000.0,7450.0,2022-06-24,2022-07-08,14,Repeat Loan,933.0,0.133285714285714,993.0,0
111,ID_257775198629251804,257775,Kenya,198629,251804,Type_5,7000.0,7450.0,2022-06-24,2022-07-08,14,Repeat Loan,933.0,0.133285714285714,993.0,0
112,ID_244944198658267278,244944,Kenya,198658,267278,Type_5,16500.0,17425.0,2022-06-24,2022-07-08,14,Repeat Loan,2200.0,0.133333333333333,2323.0,0
113,ID_244944198658251804,244944,Kenya,198658,251804,Type_5,16500.0,17425.0,2022-06-24,2022-07-08,14,Repeat Loan,2200.0,0.133333333333333,2323.0,0
114,ID_246989198940251804,246989,Kenya,198940,251804,Type_5,50000.0,52600.0,2022-06-24,2022-07-08,14,Repeat Loan,2450.97,0.0490194,2578.0,0
115,ID_246989198940267278,246989,Kenya,198940,267278,Type_5,50000.0,52600.0,2022-06-24,2022-07-08,14,Repeat Loan,6666.0,0.13332,7013.0,0
116,ID_245757199140267278,245757,Kenya,199140,267278,Type_5,6500.0,6925.0,2022-06-24,2022-07-08,14,Repeat Loan,866.0,0.133230769230769,923.0,0
117,ID_245757199140251804,245757,Kenya,199140,251804,Type_5,6500.0,6925.0,2022-06-24,2022-07-08,14,Repeat Loan,160.0,0.0246153846153846,170.0,0
118,ID_257777201072251804,257777,Kenya,201072,251804,Type_5,13000.0,13750.0,2022-06-27,2022-07-11,14,Repeat Loan,1398.27,0.10755923076923,1479.0,0
119,ID_257777201072267278,257777,Kenya,201072,267278,Type_5,13000.0,13750.0,2022-06-27,2022-07-11,14,Repeat Loan,1733.0,0.133307692307692,1833.0,0
120,ID_248456201337251804,248456,Kenya,201337,251804,Type_5,67900.0,71395.0,2022-06-27,2022-07-11,14,Repeat Loan,640.0,0.0094256259204712,673.0,0
121,ID_248456201337267278,248456,Kenya,201337,267278,Type_5,67900.0,71395.0,2022-06-27,2022-07-11,14,Repeat Loan,9053.0,0.133328424153166,9519.0,0
122,ID_248649202792251804,248649,Kenya,202792,251804,Type_5,15500.0,16375.0,2022-06-29,2022-07-13,14,Repeat Loan,2066.0,0.133290322580645,2183.0,0
123,ID_248649202792267278,248649,Kenya,202792,267278,Type_5,15500.0,16375.0,2022-06-29,2022-07-13,14,Repeat Loan,2066.0,0.133290322580645,2183.0,0
124,ID_255901202807251804,255901,Kenya,202807,251804,Type_5,15000.0,15850.0,2022-06-29,2022-07-13,14,Repeat Loan,2000.0,0.133333333333333,2113.0,0
125,ID_255901202807267278,255901,Kenya,202807,267278,Type_5,15000.0,15850.0,2022-06-29,2022-07-13,14,Repeat Loan,2000.0,0.133333333333333,2113.0,0
126,ID_248641202951267278,248641,Kenya,202951,267278,Type_5,12000.0,12700.0,2022-06-29,2022-07-13,14,Repeat Loan,1600.0,0.133333333333333,1693.0,0
127,ID_248641202951251804,248641,Kenya,202951,251804,Type_5,12000.0,12700.0,2022-06-29,2022-07-13,14,Repeat Loan,1600.0,0.133333333333333,1693.0,0
128,ID_249613202952267278,249613,Kenya,202952,267278,Type_5,16500.0,17425.0,2022-06-29,2022-07-13,14,Repeat Loan,2200.0,0.133333333333333,2323.0,0
129,ID_249613202952251804,249613,Kenya,202952,251804,Type_5,16500.0,17425.0,2022-06-29,2022-07-13,14,Repeat Loan,2200.0,0.133333333333333,2323.0,0
130,ID_250359203080267278,250359,Kenya,203080,267278,Type_5,26000.0,27400.0,2022-06-29,2022-07-13,14,Repeat Loan,3466.0,0.133307692307692,3653.0,0
131,ID_250359203080251804,250359,Kenya,203080,251804,Type_5,26000.0,27400.0,2022-06-29,2022-07-13,14,Repeat Loan,3466.0,0.133307692307692,3653.0,0
132,ID_246898203435251804,246898,Kenya,203435,251804,Type_5,36000.0,37900.0,2022-06-30,2022-07-14,14,Repeat Loan,1264.84,0.0351344444444444,1332.0,0
133,ID_246898203435267278,246898,Kenya,203435,267278,Type_5,36000.0,37900.0,2022-06-30,2022-07-14,14,Repeat Loan,4800.0,0.133333333333333,5053.0,0
134,ID_249483203544251804,249483,Kenya,203544,251804,Type_5,41500.0,43675.0,2022-07-29,2022-08-12,14,Repeat Loan,2357.64,0.0568106024096385,2481.0,0
135,ID_249483203544267278,249483,Kenya,203544,267278,Type_5,41500.0,43675.0,2022-07-29,2022-08-12,14,Repeat Loan,5533.0,0.133325301204819,5823.0,0
136,ID_248455203634267278,248455,Kenya,203634,267278,Type_5,102500.0,107725.0,2022-06-30,2022-07-14,14,Repeat Loan,13666.0,0.133326829268292,14363.0,0
137,ID_248455203634251804,248455,Kenya,203634,251804,Type_5,102500.0,107725.0,2022-06-30,2022-07-14,14,Repeat Loan,2068.0,0.0201756097560975,2173.0,0
138,ID_245620203665251804,245620,Kenya,203665,251804,Type_4,500000.0,567500.0,2022-07-06,2022-10-04,90,Repeat Loan,18442.61,0.03688522,20932.0,0
139,ID_245620203665267278,245620,Kenya,203665,267278,Type_4,500000.0,567500.0,2022-07-06,2022-10-04,90,Repeat Loan,66666.0,0.133332,75666.0,0
140,ID_256868203795251804,256868,Kenya,203795,251804,Type_5,24000.0,25300.0,2022-06-30,2022-07-14,14,Repeat Loan,221.8,0.0092416666666666,234.0,0
141,ID_256868203795267278,256868,Kenya,203795,267278,Type_5,24000.0,25300.0,2022-06-30,2022-07-14,14,Repeat Loan,3200.0,0.133333333333333,3373.0,0
142,ID_262937204250251804,262937,Kenya,204250,251804,Type_6,1310.0,1359.0,2022-07-01,2022-07-08,7,Repeat Loan,209.0,0.159541984732824,217.0,0
143,ID_262937204250267278,262937,Kenya,204250,267278,Type_6,1310.0,1359.0,2022-07-01,2022-07-08,7,Repeat Loan,209.0,0.159541984732824,217.0,0
144,ID_261841204254267278,261841,Kenya,204254,267278,Type_10,169633.4,172177.9,2022-07-01,2022-07-31,30,Repeat Loan,9746.0,0.0574533081338934,9892.0,0
145,ID_261841204254251804,261841,Kenya,204254,251804,Type_10,169633.4,172177.9,2022-07-01,2022-07-31,30,Repeat Loan,6486.1,0.0382359841870763,6583.0,0
146,ID_259346204255267278,259346,Kenya,204255,267278,Type_10,97434.8,98896.32,2022-07-01,2022-07-31,30,Repeat Loan,17506.0,0.179668865744066,17769.0,0
147,ID_259346204255251804,259346,Kenya,204255,251804,Type_10,97434.8,98896.32,2022-07-01,2022-07-31,30,Repeat Loan,13132.51,0.134782541761259,13329.0,0
148,ID_259835204259267278,259835,Kenya,204259,267278,Type_10,839507.95,852100.57,2022-07-01,2022-07-31,30,Repeat Loan,60451.0,0.0720076563896744,61358.0,0
149,ID_259835204259251804,259835,Kenya,204259,251804,Type_10,839507.95,852100.57,2022-07-01,2022-07-31,30,Repeat Loan,68303.07,0.0813608376192268,69328.0,0
150,ID_248684204356251804,248684,Kenya,204356,251804,Type_5,32000.0,33700.0,2022-07-01,2022-07-15,14,Repeat Loan,681.91,0.0213096875,718.0,0
151,ID_248684204356267278,248684,Kenya,204356,267278,Type_5,32000.0,33700.0,2022-07-01,2022-07-15,14,Repeat Loan,4266.0,0.1333125,4493.0,0
152,ID_247952204575251804,247952,Kenya,204575,251804,Type_5,15000.0,15850.0,2022-07-01,2022-07-15,14,Repeat Loan,1179.84,0.0786559999999999,1247.0,0
153,ID_247952204575267278,247952,Kenya,204575,267278,Type_5,15000.0,15850.0,2022-07-01,2022-07-15,14,Repeat Loan,2000.0,0.133333333333333,2113.0,0
154,ID_252041205093267278,252041,Kenya,205093,267278,Type_10,176676.0,179326.14,2022-07-01,2022-07-31,30,Repeat Loan,10225.0,0.0578743009803255,10378.0,0
155,ID_252041205093251804,252041,Kenya,205093,251804,Type_10,176676.0,179326.14,2022-07-01,2022-07-31,30,Repeat Loan,17435.0,0.0986834657791663,17697.0,0
156,ID_259206205216267278,259206,Kenya,205216,267278,Type_10,635819.2,645356.49,2022-07-02,2022-07-31,29,Repeat Loan,67863.0,0.106733171945735,68881.0,0
157,ID_259206205216251804,259206,Kenya,205216,251804,Type_10,635819.2,645356.49,2022-07-02,2022-07-31,29,Repeat Loan,56792.12,0.0893211780959115,57644.0,0
158,ID_259205206327267278,259205,Kenya,206327,267278,Type_10,148591.5,150820.37,2022-07-03,2022-07-31,28,Repeat Loan,9324.0,0.0627492151300713,9464.0,0
159,ID_259205206327251804,259205,Kenya,206327,251804,Type_10,148591.5,150820.37,2022-07-03,2022-07-31,28,Repeat Loan,16101.0,0.108357476706271,16343.0,0
160,ID_249305206539251804,249305,Kenya,206539,251804,Type_5,14500.0,15325.0,2022-07-04,2022-07-18,14,Repeat Loan,1933.0,0.133310344827586,2043.0,0
161,ID_249305206539267278,249305,Kenya,206539,267278,Type_5,14500.0,15325.0,2022-07-04,2022-07-18,14,Repeat Loan,1933.0,0.133310344827586,2043.0,0
162,ID_266990206820251804,266990,Kenya,206820,251804,Type_5,28000.0,29500.0,2022-07-04,2022-07-18,14,Repeat Loan,3733.0,0.133321428571428,3933.0,0
163,ID_266990206820267278,266990,Kenya,206820,267278,Type_5,28000.0,29500.0,2022-07-04,2022-07-18,14,New Loan,3733.0,0.133321428571428,3933.0,0
164,ID_238568207367267278,238568,Kenya,207367,267278,Type_4,13000.0,13910.0,2022-07-04,2022-08-03,30,Repeat Loan,1733.0,0.133307692307692,1854.0,0
165,ID_238568207367251804,238568,Kenya,207367,251804,Type_4,13000.0,13910.0,2022-07-04,2022-08-03,30,Repeat Loan,1733.0,0.133307692307692,1854.0,0
166,ID_251644207603251804,251644,Kenya,207603,251804,Type_5,18500.0,19525.0,2022-07-05,2022-07-19,14,Repeat Loan,2466.0,0.133297297297297,2603.0,0
167,ID_251644207603267278,251644,Kenya,207603,267278,Type_5,18500.0,19525.0,2022-07-05,2022-07-19,14,Repeat Loan,2466.0,0.133297297297297,2603.0,0
168,ID_246989207899251804,246989,Kenya,207899,251804,Type_5,38000.0,40000.0,2022-07-05,2022-07-19,14,Repeat Loan,5066.0,0.133315789473684,5333.0,0
169,ID_246989207899267278,246989,Kenya,207899,267278,Type_5,38000.0,40000.0,2022-07-05,2022-07-19,14,Repeat Loan,5066.0,0.133315789473684,5333.0,0
170,ID_256578208578251804,256578,Kenya,208578,251804,Type_5,25000.0,26350.0,2022-07-06,2022-07-20,14,Repeat Loan,3333.0,0.13332,3513.0,0
171,ID_256578208578267278,256578,Kenya,208578,267278,Type_5,25000.0,26350.0,2022-07-06,2022-07-20,14,Repeat Loan,3333.0,0.13332,3513.0,0
172,ID_250523208788251804,250523,Kenya,208788,251804,Type_5,18000.0,18730.0,2022-07-06,2022-07-13,7,Repeat Loan,2400.0,0.133333333333333,2497.0,0
173,ID_250523208788267278,250523,Kenya,208788,267278,Type_5,18000.0,18730.0,2022-07-06,2022-07-13,7,Repeat Loan,2400.0,0.133333333333333,2497.0,0
174,ID_245757208830267278,245757,Kenya,208830,267278,Type_5,6500.0,6925.0,2022-07-06,2022-07-20,14,Repeat Loan,866.0,0.133230769230769,923.0,0
175,ID_245757208830251804,245757,Kenya,208830,251804,Type_5,6500.0,6925.0,2022-07-06,2022-07-20,14,Repeat Loan,866.0,0.133230769230769,923.0,0
176,ID_267352208896251804,267352,Kenya,208896,251804,Type_5,22000.0,40609.0,2022-07-06,2022-07-20,14,Repeat Loan,2933.0,0.133318181818181,5414.0,1
177,ID_267352208896267278,267352,Kenya,208896,267278,Type_5,22000.0,40609.0,2022-07-06,2022-07-20,14,Repeat Loan,2933.0,0.133318181818181,5414.0,1
178,ID_239267209105267278,239267,Kenya,209105,267278,Type_4,10000.0,10700.0,2022-07-06,2022-08-05,30,Repeat Loan,1333.0,0.1333,1426.0,0
179,ID_239267209105251804,239267,Kenya,209105,251804,Type_4,10000.0,10700.0,2022-07-06,2022-08-05,30,Repeat Loan,1333.0,0.1333,1426.0,0
180,ID_238927209109267278,238927,Kenya,209109,267278,Type_4,20000.0,21400.0,2022-07-06,2022-08-05,30,Repeat Loan,2666.0,0.1333,2853.0,0
181,ID_238927209109251804,238927,Kenya,209109,251804,Type_4,20000.0,21400.0,2022-07-06,2022-08-05,30,Repeat Loan,2666.0,0.1333,2853.0,0
182,ID_242475209142251804,242475,Kenya,209142,251804,Type_4,13000.0,13910.0,2022-07-06,2022-08-05,30,Repeat Loan,1733.0,0.133307692307692,1854.0,0
183,ID_242475209142267278,242475,Kenya,209142,267278,Type_4,13000.0,13910.0,2022-07-06,2022-08-05,30,Repeat Loan,1733.0,0.133307692307692,1854.0,0
184,ID_268568209148267278,268568,Kenya,209148,267278,Type_4,50000.0,53500.0,2022-07-06,2022-08-05,30,Repeat Loan,6666.0,0.13332,7133.0,0
185,ID_268568209148251804,268568,Kenya,209148,251804,Type_4,50000.0,53500.0,2022-07-06,2022-08-05,30,New Loan,6666.0,0.13332,7133.0,0
186,ID_239266209153267278,239266,Kenya,209153,267278,Type_4,99000.0,113850.0,2022-07-06,2022-10-04,90,Repeat Loan,13200.0,0.133333333333333,15180.0,0
187,ID_239266209153251804,239266,Kenya,209153,251804,Type_4,99000.0,113850.0,2022-07-06,2022-10-04,90,Repeat Loan,1464.63,0.0147942424242424,1684.0,0
188,ID_248673209345251804,248673,Kenya,209345,251804,Type_5,14000.0,14800.0,2022-07-07,2022-07-21,14,Repeat Loan,1866.0,0.133285714285714,1973.0,0
189,ID_248673209345267278,248673,Kenya,209345,267278,Type_5,14000.0,14800.0,2022-07-07,2022-07-21,14,Repeat Loan,1866.0,0.133285714285714,1973.0,0
190,ID_267164209374251804,267164,Kenya,209374,251804,Type_5,11000.0,11650.0,2022-07-07,2022-07-21,14,Repeat Loan,1466.0,0.133272727272727,1553.0,0
191,ID_267164209374267278,267164,Kenya,209374,267278,Type_5,11000.0,11650.0,2022-07-07,2022-07-21,14,Repeat Loan,1466.0,0.133272727272727,1553.0,0
192,ID_266767209564251804,266767,Kenya,209564,251804,Type_5,20000.0,21100.0,2022-07-07,2022-07-21,14,Repeat Loan,2666.0,0.1333,2813.0,0
193,ID_266767209564267278,266767,Kenya,209564,267278,Type_5,20000.0,21100.0,2022-07-07,2022-07-21,14,Repeat Loan,2666.0,0.1333,2813.0,0
194,ID_250359209845267278,250359,Kenya,209845,267278,Type_5,31000.0,32650.0,2022-07-07,2022-07-21,14,Repeat Loan,4133.0,0.133322580645161,4353.0,0
195,ID_250359209845251804,250359,Kenya,209845,251804,Type_5,31000.0,32650.0,2022-07-07,2022-07-21,14,Repeat Loan,4133.0,0.133322580645161,4353.0,0
196,ID_247075209917267278,247075,Kenya,209917,267278,Type_4,25000.0,26750.0,2022-07-07,2022-08-06,30,Repeat Loan,3333.0,0.13332,3566.0,0
197,ID_247075209917251804,247075,Kenya,209917,251804,Type_4,25000.0,26750.0,2022-07-07,2022-08-06,30,Repeat Loan,3333.0,0.13332,3566.0,0
198,ID_246202209919251804,246202,Kenya,209919,251804,Type_5,18000.0,19000.0,2022-07-07,2022-07-21,14,Repeat Loan,2400.0,0.133333333333333,2533.0,0
199,ID_246202209919267278,246202,Kenya,209919,267278,Type_5,18000.0,19000.0,2022-07-07,2022-07-21,14,Repeat Loan,2400.0,0.133333333333333,2533.0,0
200,ID_239697209927251804,239697,Kenya,209927,251804,Type_4,15000.0,16050.0,2022-07-07,2022-08-06,30,Repeat Loan,2000.0,0.133333333333333,2140.0,0
201,ID_239697209927267278,239697,Kenya,209927,267278,Type_4,15000.0,16050.0,2022-07-07,2022-08-06,30,Repeat Loan,2000.0,0.133333333333333,2140.0,0
202,ID_264673209931267278,264673,Kenya,209931,267278,Type_4,10000.0,10700.0,2022-07-07,2022-08-06,30,Repeat Loan,1333.0,0.1333,1426.0,0
203,ID_264673209931251804,264673,Kenya,209931,251804,Type_4,10000.0,10700.0,2022-07-07,2022-08-06,30,Repeat Loan,1333.0,0.1333,1426.0,0
204,ID_268614209941267278,268614,Kenya,209941,267278,Type_4,25000.0,28000.0,2022-07-07,2022-09-05,60,New Loan,3333.0,0.13332,3733.0,0
205,ID_268614209941251804,268614,Kenya,209941,251804,Type_4,25000.0,28000.0,2022-07-07,2022-09-05,60,Repeat Loan,3333.0,0.13332,3733.0,0
206,ID_247107210298267278,247107,Kenya,210298,267278,Type_5,17000.0,17950.0,2022-07-08,2022-07-22,14,Repeat Loan,2266.0,0.133294117647058,2393.0,0
207,ID_247107210298251804,247107,Kenya,210298,251804,Type_5,17000.0,17950.0,2022-07-08,2022-07-22,14,Repeat Loan,2266.0,0.133294117647058,2393.0,0
208,ID_246549210543267278,246549,Kenya,210543,267278,Type_5,30500.0,32125.0,2022-07-08,2022-07-22,14,Repeat Loan,4066.0,0.133311475409836,4283.0,0
209,ID_246549210543251804,246549,Kenya,210543,251804,Type_5,30500.0,32125.0,2022-07-08,2022-07-22,14,Repeat Loan,343.58,0.0112649180327868,362.0,0
210,ID_246550212274267278,246550,Kenya,212274,267278,Type_5,71000.0,74650.0,2022-07-11,2022-07-25,14,Repeat Loan,9466.0,0.133323943661971,9953.0,0
211,ID_246550212274251804,246550,Kenya,212274,251804,Type_5,71000.0,74650.0,2022-07-11,2022-07-25,14,Repeat Loan,9466.0,0.133323943661971,9953.0,0
212,ID_245537212293267278,245537,Kenya,212293,267278,Type_5,12000.0,12520.0,2022-07-11,2022-07-18,7,Repeat Loan,1600.0,0.133333333333333,1669.0,0
213,ID_245537212293251804,245537,Kenya,212293,251804,Type_5,12000.0,12520.0,2022-07-11,2022-07-18,7,Repeat Loan,1600.0,0.133333333333333,1669.0,0
214,ID_257771212294251804,257771,Kenya,212294,251804,Type_5,6000.0,6400.0,2022-07-11,2022-07-25,14,Repeat Loan,800.0,0.133333333333333,853.0,0
215,ID_257771212294267278,257771,Kenya,212294,267278,Type_5,6000.0,6400.0,2022-07-11,2022-07-25,14,Repeat Loan,800.0,0.133333333333333,853.0,0
216,ID_251616213466251804,251616,Kenya,213466,251804,Type_5,17000.0,17950.0,2022-07-12,2022-07-26,14,Repeat Loan,960.0,0.0564705882352941,1014.0,0
217,ID_251616213466267278,251616,Kenya,213466,267278,Type_5,17000.0,17950.0,2022-07-12,2022-07-26,14,Repeat Loan,3400.0,0.2,3590.0,0
218,ID_248456214321267278,248456,Kenya,214321,267278,Type_5,72000.0,75700.0,2022-07-13,2022-07-27,14,Repeat Loan,14400.0,0.2,15140.0,0
219,ID_248456214321251804,248456,Kenya,214321,251804,Type_5,72000.0,75700.0,2022-07-13,2022-07-27,14,Repeat Loan,14400.0,0.2,15140.0,0
220,ID_264463214355267278,264463,Kenya,214355,267278,Type_4,4500.0,4815.0,2022-07-13,2022-08-12,30,Repeat Loan,900.0,0.2,963.0,0
221,ID_264463214355251804,264463,Kenya,214355,251804,Type_4,4500.0,4815.0,2022-07-13,2022-08-12,30,Repeat Loan,900.0,0.2,963.0,0
222,ID_34823214415267278,34823,Kenya,214415,267278,Type_5,59000.0,62050.0,2022-07-13,2022-07-27,14,Repeat Loan,11800.0,0.2,12410.0,0
223,ID_34823214415251804,34823,Kenya,214415,251804,Type_5,59000.0,62050.0,2022-07-13,2022-07-27,14,Repeat Loan,11800.0,0.2,12410.0,0
224,ID_255901214438251804,255901,Kenya,214438,251804,Type_5,15000.0,15850.0,2022-07-13,2022-07-27,14,Repeat Loan,3000.0,0.2,3170.0,0
225,ID_255901214438267278,255901,Kenya,214438,267278,Type_5,15000.0,15850.0,2022-07-13,2022-07-27,14,Repeat Loan,3000.0,0.2,3170.0,0
226,ID_257775214710251804,257775,Kenya,214710,251804,Type_5,7000.0,7450.0,2022-07-13,2022-07-27,14,Repeat Loan,1400.0,0.2,1490.0,0
227,ID_257775214710267278,257775,Kenya,214710,267278,Type_5,7000.0,7450.0,2022-07-13,2022-07-27,14,Repeat Loan,1400.0,0.2,1490.0,0
228,ID_246898215076251804,246898,Kenya,215076,251804,Type_5,36000.0,36000.0,2022-07-13,2022-07-27,14,Repeat Loan,7200.0,0.2,7580.0,0
229,ID_246898215076267278,246898,Kenya,215076,267278,Type_5,36000.0,36000.0,2022-07-13,2022-07-27,14,Repeat Loan,7200.0,0.2,7580.0,0
230,ID_261581230162251804,261581,Kenya,230162,251804,Type_10,72927.6,74021.51,2022-08-02,2022-08-31,29,Repeat Loan,9012.0,0.12357461372649,9147.0,0
231,ID_261581230162267278,261581,Kenya,230162,267278,Type_10,72927.6,74021.51,2022-08-02,2022-08-31,29,Repeat Loan,12612.0,0.172938640514702,12801.0,0
232,ID_261840230165251804,261840,Kenya,230165,251804,Type_10,257711.3,261576.97,2022-08-02,2022-08-31,29,Repeat Loan,10585.53,0.0410751488196287,10744.0,0
233,ID_261840230165267278,261840,Kenya,230165,267278,Type_10,257711.3,261576.97,2022-08-02,2022-08-31,29,Repeat Loan,26122.46,0.101363269674244,26514.0,0
234,ID_252041230166267278,252041,Kenya,230166,267278,Type_10,130194.55,132147.47,2022-08-02,2022-08-31,29,Repeat Loan,16783.94,0.128914305552728,17036.0,0
235,ID_252041230166251804,252041,Kenya,230166,251804,Type_10,130194.55,132147.47,2022-08-02,2022-08-31,29,Repeat Loan,8837.0,0.0678753450125216,8970.0,0
236,ID_259205230220251804,259205,Kenya,230220,251804,Type_10,88459.7,89786.6,2022-08-02,2022-08-31,29,Repeat Loan,11338.46,0.128176559495453,11509.0,0
237,ID_259205230220267278,259205,Kenya,230220,267278,Type_10,88459.7,89786.6,2022-08-02,2022-08-31,29,Repeat Loan,13839.83,0.156453503685859,14047.0,0
238,ID_267312231016267278,267312,Kenya,231016,267278,Type_10,52663.3,53453.25,2022-08-03,2022-08-31,28,Repeat Loan,7019.42,0.133288646932493,7125.0,0
239,ID_267312231016251804,267312,Kenya,231016,251804,Type_10,52663.3,53453.25,2022-08-03,2022-08-31,28,Repeat Loan,5291.0,0.100468447666591,5370.0,0
240,ID_259206231025251804,259206,Kenya,231025,251804,Type_10,409894.7,416043.12,2022-08-03,2022-08-31,28,Repeat Loan,57321.66,0.13984484307799,58181.0,0
241,ID_259206231025267278,259206,Kenya,231025,267278,Type_10,409894.7,416043.12,2022-08-03,2022-08-31,28,Repeat Loan,60634.3,0.147926528447428,61544.0,0
242,ID_259843231409251804,259843,Kenya,231409,251804,Type_10,341247.2,346365.91,2022-08-03,2022-08-31,28,Repeat Loan,21566.25,0.0631983207481262,21890.0,0
243,ID_259843231409267278,259843,Kenya,231409,267278,Type_10,341247.2,346365.91,2022-08-03,2022-08-31,28,Repeat Loan,45195.0,0.132440647132049,45873.0,0
244,ID_261841231542251804,261841,Kenya,231542,251804,Type_10,260910.5,264824.16,2022-08-04,2022-08-31,27,Repeat Loan,13810.0,0.0529300277298153,14017.0,0
245,ID_261841231542267278,261841,Kenya,231542,267278,Type_10,260910.5,264824.16,2022-08-04,2022-08-31,27,Repeat Loan,24423.0,0.0936068115311572,24789.0,0
246,ID_245220235807267278,245220,Kenya,235807,267278,Type_4,100000.0,110093.0,2022-08-12,2022-11-10,90,Repeat Loan,3814.92,0.0381492,4391.0,1
247,ID_245220235807251804,245220,Kenya,235807,251804,Type_4,100000.0,110093.0,2022-08-12,2022-11-10,90,Repeat Loan,13333.0,0.13333,15345.0,1
248,ID_266807235809251804,266807,Kenya,235809,251804,Type_4,38500.0,47187.0,2022-08-12,2022-10-11,60,Repeat Loan,5133.0,0.133324675324675,6291.0,1
249,ID_266807235809267278,266807,Kenya,235809,267278,Type_4,38500.0,47187.0,2022-08-12,2022-10-11,60,Repeat Loan,5133.0,0.133324675324675,6291.0,1
250,ID_256869236945251804,256869,Kenya,236945,251804,Type_5,10500.0,11125.0,2022-08-15,2022-08-29,14,Repeat Loan,1400.0,0.133333333333333,1483.0,0
251,ID_256869236945267278,256869,Kenya,236945,267278,Type_5,10500.0,11125.0,2022-08-15,2022-08-29,14,Repeat Loan,1400.0,0.133333333333333,1483.0,0
252,ID_250493236979251804,250493,Kenya,236979,251804,Type_6,200.0,201.0,2022-08-15,2022-08-22,7,Repeat Loan,32.0,0.16,32.0,0
253,ID_250493236979267278,250493,Kenya,236979,267278,Type_6,200.0,201.0,2022-08-15,2022-08-22,7,Repeat Loan,32.0,0.16,32.0,0
254,ID_250493237212267278,250493,Kenya,237212,267278,Type_6,1920.0,2195.6,2022-08-15,2022-08-22,7,Repeat Loan,108.0,0.05625,124.0,0
255,ID_250493237212251804,250493,Kenya,237212,251804,Type_6,1920.0,2195.6,2022-08-15,2022-08-22,7,Repeat Loan,354.0,0.184375,405.0,0
256,ID_239697237865267278,239697,Kenya,237865,267278,Type_4,8000.0,8560.0,2022-08-16,2022-09-15,30,Repeat Loan,1066.0,0.13325,1141.0,0
257,ID_239697237865251804,239697,Kenya,237865,251804,Type_4,8000.0,8560.0,2022-08-16,2022-09-15,30,Repeat Loan,1066.0,0.13325,1141.0,0
258,ID_247075237866251804,247075,Kenya,237866,251804,Type_4,20000.0,21400.0,2022-08-16,2022-09-15,30,Repeat Loan,2666.0,0.1333,2853.0,0
259,ID_247075237866267278,247075,Kenya,237866,267278,Type_4,20000.0,21400.0,2022-08-16,2022-09-15,30,Repeat Loan,2666.0,0.1333,2853.0,0
260,ID_237235238276251804,237235,Kenya,238276,251804,Type_6,560.0,562.8,2022-08-17,2022-08-24,7,Repeat Loan,112.0,0.2,113.0,0
261,ID_237235238276267278,237235,Kenya,238276,267278,Type_6,560.0,562.8,2022-08-17,2022-08-24,7,Repeat Loan,112.0,0.2,113.0,0
262,ID_270513238433251804,270513,Kenya,238433,251804,Type_4,6200.0,7616.0,2022-08-17,2022-09-16,30,Repeat Loan,992.0,0.16,1219.0,1
263,ID_270513238433267278,270513,Kenya,238433,267278,Type_4,6200.0,7616.0,2022-08-17,2022-09-16,30,New Loan,992.0,0.16,1219.0,1
264,ID_244279238816267278,244279,Kenya,238816,267278,Type_5,300000.0,315100.0,2022-08-18,2022-09-01,14,Repeat Loan,48000.0,0.16,50416.0,0
265,ID_244279238816251804,244279,Kenya,238816,251804,Type_5,300000.0,315100.0,2022-08-18,2022-09-01,14,Repeat Loan,1537.02,0.0051234,1614.0,0
266,ID_256578238833267278,256578,Kenya,238833,267278,Type_5,25000.0,26350.0,2022-08-18,2022-09-01,14,Repeat Loan,4000.0,0.16,4216.0,0
267,ID_256578238833251804,256578,Kenya,238833,251804,Type_5,25000.0,26350.0,2022-08-18,2022-09-01,14,Repeat Loan,4000.0,0.16,4216.0,0
268,ID_269326239595251804,269326,Kenya,239595,251804,Type_5,13500.0,14275.0,2022-08-19,2022-09-02,14,Repeat Loan,2160.0,0.16,2284.0,0
269,ID_269326239595267278,269326,Kenya,239595,267278,Type_5,13500.0,14275.0,2022-08-19,2022-09-02,14,Repeat Loan,2160.0,0.16,2284.0,0
270,ID_244944239597267278,244944,Kenya,239597,267278,Type_5,14500.0,15325.0,2022-08-19,2022-09-02,14,Repeat Loan,2320.0,0.16,2452.0,0
271,ID_244944239597251804,244944,Kenya,239597,251804,Type_5,14500.0,15325.0,2022-08-19,2022-09-02,14,Repeat Loan,2320.0,0.16,2452.0,0
272,ID_260263239598267278,260263,Kenya,239598,267278,Type_5,5500.0,5875.0,2022-08-19,2022-09-02,14,Repeat Loan,880.0,0.16,940.0,0
273,ID_260263239598251804,260263,Kenya,239598,251804,Type_5,5500.0,5875.0,2022-08-19,2022-09-02,14,Repeat Loan,880.0,0.16,940.0,0
274,ID_248455239637251804,248455,Kenya,239637,251804,Type_5,99000.0,104050.0,2022-08-19,2022-09-02,14,Repeat Loan,2667.39,0.0269433333333333,2803.0,0
275,ID_248455239637267278,248455,Kenya,239637,267278,Type_5,99000.0,104050.0,2022-08-19,2022-09-02,14,Repeat Loan,15840.0,0.16,16648.0,0
276,ID_270614239938267278,270614,Kenya,239938,267278,Type_4,1250000.0,1703286.0,2022-09-06,2023-09-01,360,Repeat Loan,1143.37,0.0009146959999999,1558.0,1
277,ID_270614239938251804,270614,Kenya,239938,251804,Type_4,1250000.0,1703286.0,2022-09-06,2023-09-01,360,Repeat Loan,51784.02,0.0414272159999999,70562.0,1
278,ID_251285240451267278,251285,Kenya,240451,267278,Type_5,17000.0,17950.0,2022-08-20,2022-09-03,14,Repeat Loan,2720.0,0.16,2872.0,0
279,ID_251285240451251804,251285,Kenya,240451,251804,Type_5,17000.0,17950.0,2022-08-20,2022-09-03,14,Repeat Loan,2720.0,0.16,2872.0,0
280,ID_251644240529267278,251644,Kenya,240529,267278,Type_5,21000.0,22150.0,2022-08-20,2022-09-03,14,Repeat Loan,3360.0,0.16,3544.0,0
281,ID_251644240529251804,251644,Kenya,240529,251804,Type_5,21000.0,22150.0,2022-08-20,2022-09-03,14,Repeat Loan,3360.0,0.16,3544.0,0
282,ID_246550241412251804,246550,Kenya,241412,251804,Type_5,93500.0,98275.0,2022-08-22,2022-09-05,14,Repeat Loan,11942.25,0.127724598930481,12552.0,0
283,ID_246550241412267278,246550,Kenya,241412,267278,Type_5,93500.0,98275.0,2022-08-22,2022-09-05,14,Repeat Loan,14960.0,0.16,15724.0,0
284,ID_257777243148267278,257777,Kenya,243148,267278,Type_5,15650.0,16532.5,2022-08-24,2022-09-07,14,Repeat Loan,2504.0,0.16,2645.0,0
285,ID_257777243148251804,257777,Kenya,243148,251804,Type_5,15650.0,16532.5,2022-08-24,2022-09-07,14,Repeat Loan,2504.0,0.16,2645.0,0
286,ID_248456243162251804,248456,Kenya,243162,251804,Type_5,48000.0,50500.0,2022-08-24,2022-09-07,14,Repeat Loan,1010.43,0.021050625,1063.0,0
287,ID_248456243162267278,248456,Kenya,243162,267278,Type_5,48000.0,50500.0,2022-08-24,2022-09-07,14,Repeat Loan,8880.0,0.185,9343.0,0
288,ID_241795244253251804,241795,Kenya,244253,251804,Type_4,10000.0,10700.0,2022-08-25,2022-09-24,30,Repeat Loan,1600.0,0.16,1712.0,0
289,ID_241795244253267278,241795,Kenya,244253,267278,Type_4,10000.0,10700.0,2022-08-25,2022-09-24,30,Repeat Loan,1600.0,0.16,1712.0,0
290,ID_27288244266267278,27288,Kenya,244266,267278,Type_4,52000.0,55640.0,2022-08-25,2022-09-24,30,Repeat Loan,8320.0,0.16,8902.0,0
291,ID_27288244266251804,27288,Kenya,244266,251804,Type_4,52000.0,55640.0,2022-08-25,2022-09-24,30,Repeat Loan,1468.65,0.0282432692307692,1571.0,0
292,ID_265616244829251804,265616,Kenya,244829,251804,Type_6,8030.0,8318.15,2022-08-26,2022-09-02,7,Repeat Loan,1606.0,0.2,1664.0,0
293,ID_265616244829267278,265616,Kenya,244829,267278,Type_6,8030.0,8318.15,2022-08-26,2022-09-02,7,Repeat Loan,1012.83,0.126130759651307,1049.0,0
294,ID_245766246434267278,245766,Kenya,246434,267278,Type_5,5000.0,5350.0,2022-08-29,2022-09-12,14,Repeat Loan,800.0,0.16,856.0,0
295,ID_245766246434251804,245766,Kenya,246434,251804,Type_5,5000.0,5350.0,2022-08-29,2022-09-12,14,Repeat Loan,800.0,0.16,856.0,0
296,ID_269445246436267278,269445,Kenya,246436,267278,Type_5,23000.0,24250.0,2022-08-29,2022-09-12,14,Repeat Loan,3680.0,0.16,3880.0,0
297,ID_269445246436251804,269445,Kenya,246436,251804,Type_5,23000.0,24250.0,2022-08-29,2022-09-12,14,Repeat Loan,968.16,0.0420939130434782,1021.0,0
298,ID_267209247981267278,267209,Kenya,247981,267278,Type_4,17500.0,18725.0,2022-08-30,2022-09-29,30,Repeat Loan,2800.0,0.16,2996.0,0
299,ID_267209247981251804,267209,Kenya,247981,251804,Type_4,17500.0,18725.0,2022-08-30,2022-09-29,30,Repeat Loan,1280.0,0.0731428571428571,1370.0,0
300,ID_237235248157267278,237235,Kenya,248157,267278,Type_6,92.0,92.46,2022-08-30,2022-09-06,7,Repeat Loan,18.0,0.195652173913043,21.0,0
301,ID_237235248157251804,237235,Kenya,248157,251804,Type_6,92.0,92.46,2022-08-30,2022-09-06,7,Repeat Loan,18.0,0.195652173913043,21.0,0
302,ID_248158248734267278,248158,Kenya,248734,267278,Type_4,50000.0,56000.0,2022-08-31,2022-10-30,60,Repeat Loan,8000.0,0.16,8960.0,0
303,ID_248158248734251804,248158,Kenya,248734,251804,Type_4,50000.0,56000.0,2022-08-31,2022-10-30,60,Repeat Loan,129.62,0.0025924,145.0,0
304,ID_261839248985267278,261839,Kenya,248985,267278,Type_10,433956.0,440465.34,2022-09-01,2022-09-30,29,Repeat Loan,88006.0,0.202799362147314,89326.0,0
305,ID_261839248985251804,261839,Kenya,248985,251804,Type_10,433956.0,440465.34,2022-09-01,2022-09-30,29,Repeat Loan,18091.01,0.0416885813308261,18362.0,0
306,ID_249307248987267278,249307,Kenya,248987,267278,Type_5,22000.0,23200.0,2022-09-01,2022-09-15,14,Repeat Loan,3520.0,0.16,3712.0,0
307,ID_249307248987251804,249307,Kenya,248987,251804,Type_5,22000.0,23200.0,2022-09-01,2022-09-15,14,Repeat Loan,413.97,0.0188168181818181,437.0,0
308,ID_251616249221267278,251616,Kenya,249221,267278,Type_5,16000.0,16900.0,2022-09-01,2022-09-15,14,Repeat Loan,939.88,0.0587425,993.0,0
309,ID_251616249221251804,251616,Kenya,249221,251804,Type_5,16000.0,16900.0,2022-09-01,2022-09-15,14,Repeat Loan,2560.0,0.16,2704.0,0
310,ID_259205249725267278,259205,Kenya,249725,267278,Type_10,82515.85,83753.59,2022-09-01,2022-09-30,29,Repeat Loan,15892.41,0.192598270514089,16131.0,0
311,ID_259205249725251804,259205,Kenya,249725,251804,Type_10,82515.85,83753.59,2022-09-01,2022-09-30,29,Repeat Loan,11432.0,0.138543079905254,11603.0,0
312,ID_261581249726251804,261581,Kenya,249726,251804,Type_10,52047.05,52827.76,2022-09-01,2022-09-30,29,Repeat Loan,5541.57,0.106472316874827,5625.0,0
313,ID_261581249726267278,261581,Kenya,249726,267278,Type_10,52047.05,52827.76,2022-09-01,2022-09-30,29,Repeat Loan,9445.0,0.181470419553077,9587.0,0
314,ID_269034249767251804,269034,Kenya,249767,251804,Type_5,13000.0,22234.0,2022-09-02,2022-09-16,14,Repeat Loan,2080.0,0.16,3557.0,1
315,ID_269034249767267278,269034,Kenya,249767,267278,Type_5,13000.0,22234.0,2022-09-02,2022-09-16,14,Repeat Loan,2080.0,0.16,3557.0,1
316,ID_268862249792251804,268862,Kenya,249792,251804,Type_5,13500.0,14072.5,2022-09-02,2022-09-09,7,New Loan,2160.0,0.16,2252.0,0
317,ID_268862249792267278,268862,Kenya,249792,267278,Type_5,13500.0,14072.5,2022-09-02,2022-09-09,7,Repeat Loan,2160.0,0.16,2252.0,0
318,ID_246549249827267278,246549,Kenya,249827,267278,Type_5,38000.0,40000.0,2022-09-02,2022-09-16,14,Repeat Loan,6080.0,0.16,6400.0,0
319,ID_246549249827251804,246549,Kenya,249827,251804,Type_5,38000.0,40000.0,2022-09-02,2022-09-16,14,Repeat Loan,1936.77,0.0509676315789473,2039.0,0
320,ID_249309249855267278,249309,Kenya,249855,267278,Type_5,24000.0,25300.0,2022-09-02,2022-09-16,14,Repeat Loan,3840.0,0.16,4048.0,0
321,ID_249309249855251804,249309,Kenya,249855,251804,Type_5,24000.0,25300.0,2022-09-02,2022-09-16,14,Repeat Loan,3840.0,0.16,4048.0,0
322,ID_248684249862267278,248684,Kenya,249862,267278,Type_5,33000.0,34750.0,2022-09-02,2022-09-16,14,Repeat Loan,5280.0,0.16,5560.0,0
323,ID_248684249862251804,248684,Kenya,249862,251804,Type_5,33000.0,34750.0,2022-09-02,2022-09-16,14,Repeat Loan,5280.0,0.16,5560.0,0
324,ID_248649250038251804,248649,Kenya,250038,251804,Type_5,30000.0,31600.0,2022-09-02,2022-09-16,14,Repeat Loan,4800.0,0.16,5056.0,0
325,ID_248649250038267278,248649,Kenya,250038,267278,Type_5,30000.0,31600.0,2022-09-02,2022-09-16,14,Repeat Loan,4800.0,0.16,5056.0,0
326,ID_241289250336267278,241289,Kenya,250336,267278,Type_4,43500.0,46545.0,2022-09-02,2022-10-02,30,Repeat Loan,1729.17,0.0397510344827586,1850.0,0
327,ID_241289250336251804,241289,Kenya,250336,251804,Type_4,43500.0,46545.0,2022-09-02,2022-10-02,30,Repeat Loan,6960.0,0.16,7447.0,0
328,ID_242538250345251804,242538,Kenya,250345,251804,Type_4,35000.0,37159.0,2022-09-02,2022-11-02,61,Repeat Loan,5600.0,0.16,6281.0,1
329,ID_242538250345267278,242538,Kenya,250345,267278,Type_4,35000.0,37159.0,2022-09-02,2022-11-02,61,Repeat Loan,1424.1,0.0406885714285714,1597.0,1
330,ID_249307250655267278,249307,Kenya,250655,267278,Type_5,13000.0,13750.0,2022-09-03,2022-09-17,14,Repeat Loan,2080.0,0.16,2200.0,0
331,ID_249307250655251804,249307,Kenya,250655,251804,Type_5,13000.0,13750.0,2022-09-03,2022-09-17,14,Repeat Loan,2080.0,0.16,2200.0,0
332,ID_259206251632267278,259206,Kenya,251632,267278,Type_10,302049.1,306579.84,2022-09-05,2022-09-30,25,Repeat Loan,45614.34,0.151016308275707,46299.0,0
333,ID_259206251632251804,259206,Kenya,251632,251804,Type_10,302049.1,306579.84,2022-09-05,2022-09-30,25,Repeat Loan,14107.78,0.0467069095719868,14319.0,0
334,ID_252041251635251804,252041,Kenya,251635,251804,Type_10,82076.0,83307.14,2022-09-05,2022-09-30,25,Repeat Loan,6577.0,0.0801330474194648,6676.0,0
335,ID_252041251635267278,252041,Kenya,251635,267278,Type_10,82076.0,83307.14,2022-09-05,2022-09-30,25,Repeat Loan,15110.4,0.184102539110093,15337.0,0
336,ID_267312251636267278,267312,Kenya,251636,267278,Type_10,23088.0,23434.32,2022-09-05,2022-09-30,25,Repeat Loan,5220.0,0.226091476091476,5298.0,0
337,ID_267312251636251804,267312,Kenya,251636,251804,Type_10,23088.0,23434.32,2022-09-05,2022-09-30,25,Repeat Loan,2806.0,0.121534996534996,2848.0,0
338,ID_270766251781251804,270766,Kenya,251781,251804,Type_5,15000.0,15850.0,2022-09-05,2022-09-19,14,Repeat Loan,1022.71,0.0681806666666666,1081.0,0
339,ID_270766251781267278,270766,Kenya,251781,267278,Type_5,15000.0,15850.0,2022-09-05,2022-09-19,14,Repeat Loan,2400.0,0.16,2536.0,0
340,ID_256870252021251804,256870,Kenya,252021,251804,Type_4,15000.0,22219.0,2022-09-05,2022-10-05,30,Repeat Loan,2400.0,0.16,3555.0,1
341,ID_256870252021267278,256870,Kenya,252021,267278,Type_4,15000.0,22219.0,2022-09-05,2022-10-05,30,Repeat Loan,2400.0,0.16,3555.0,1
342,ID_60275252027267278,60275,Kenya,252027,267278,Type_4,13000.0,13007.0,2022-09-05,2022-10-05,30,Repeat Loan,2080.0,0.16,2226.0,0
343,ID_60275252027251804,60275,Kenya,252027,251804,Type_4,13000.0,13007.0,2022-09-05,2022-10-05,30,Repeat Loan,2080.0,0.16,2226.0,0
344,ID_260263252770251804,260263,Kenya,252770,251804,Type_5,5500.0,5875.0,2022-09-06,2022-09-20,14,Repeat Loan,436.2,0.0793090909090909,466.0,0
345,ID_260263252770267278,260263,Kenya,252770,267278,Type_5,5500.0,5875.0,2022-09-06,2022-09-20,14,Repeat Loan,880.0,0.16,940.0,0
346,ID_246989253683267278,246989,Kenya,253683,267278,Type_5,42000.0,44200.0,2022-09-07,2022-09-21,14,Repeat Loan,6720.0,0.16,7072.0,0
347,ID_246989253683251804,246989,Kenya,253683,251804,Type_5,42000.0,44200.0,2022-09-07,2022-09-21,14,Repeat Loan,4592.95,0.109355952380952,4834.0,0
348,ID_240269253799267278,240269,Kenya,253799,267278,Type_4,20000.0,21400.0,2022-09-07,2022-10-07,30,Repeat Loan,3200.0,0.16,3424.0,0
349,ID_240269253799251804,240269,Kenya,253799,251804,Type_4,20000.0,21400.0,2022-09-07,2022-10-07,30,Repeat Loan,2008.95,0.1004475,2150.0,0
350,ID_268614253805251804,268614,Kenya,253805,251804,Type_4,25000.0,26500.0,2022-09-07,2022-11-07,61,Repeat Loan,4000.0,0.16,4480.0,0
351,ID_268614253805267278,268614,Kenya,253805,267278,Type_4,25000.0,26500.0,2022-09-07,2022-11-07,61,Repeat Loan,4000.0,0.16,4480.0,0
352,ID_266767254307251804,266767,Kenya,254307,251804,Type_5,22000.0,23200.0,2022-09-08,2022-09-22,14,Repeat Loan,3520.0,0.16,3712.0,0
353,ID_266767254307267278,266767,Kenya,254307,267278,Type_5,22000.0,23200.0,2022-09-08,2022-09-22,14,Repeat Loan,3520.0,0.16,3712.0,0
354,ID_245537254337251804,245537,Kenya,254337,251804,Type_5,15000.0,15850.0,2022-09-08,2022-09-22,14,Repeat Loan,2400.0,0.16,2536.0,0
355,ID_245537254337267278,245537,Kenya,254337,267278,Type_5,15000.0,15850.0,2022-09-08,2022-09-22,14,Repeat Loan,2400.0,0.16,2536.0,0
356,ID_267236254355251804,267236,Kenya,254355,251804,Type_4,800000.0,896000.0,2022-09-08,2022-12-08,91,Repeat Loan,49758.29,0.0621978625,55729.0,0
357,ID_267236254355267278,267236,Kenya,254355,267278,Type_4,800000.0,896000.0,2022-09-08,2022-12-08,91,Repeat Loan,126835.64,0.15854455,142056.0,0
358,ID_264463254730267278,264463,Kenya,254730,267278,Type_4,10000.0,10700.0,2022-09-08,2022-10-08,30,Repeat Loan,1600.0,0.16,1712.0,0
359,ID_264463254730251804,264463,Kenya,254730,251804,Type_4,10000.0,10700.0,2022-09-08,2022-10-08,30,Repeat Loan,1600.0,0.16,1712.0,0
360,ID_266663255153251804,266663,Kenya,255153,251804,Type_5,23000.0,24250.0,2022-09-09,2022-09-23,14,Repeat Loan,3680.0,0.16,3880.0,0
361,ID_266663255153267278,266663,Kenya,255153,267278,Type_5,23000.0,24250.0,2022-09-09,2022-09-23,14,Repeat Loan,3680.0,0.16,3880.0,0
362,ID_248649255986251804,248649,Kenya,255986,251804,Type_5,15000.0,15850.0,2022-09-10,2022-09-24,14,Repeat Loan,2400.0,0.16,2536.0,0
363,ID_248649255986267278,248649,Kenya,255986,267278,Type_5,15000.0,15850.0,2022-09-10,2022-09-24,14,Repeat Loan,2400.0,0.16,2536.0,0
364,ID_251644256101251804,251644,Kenya,256101,251804,Type_5,12000.0,12700.0,2022-09-10,2022-09-24,14,Repeat Loan,1920.0,0.16,2032.0,0
365,ID_251644256101267278,251644,Kenya,256101,267278,Type_5,12000.0,12700.0,2022-09-10,2022-09-24,14,Repeat Loan,305.25,0.0254375,323.0,0
366,ID_249830256959251804,249830,Kenya,256959,251804,Type_5,74500.0,138260.0,2022-09-12,2022-09-26,14,Repeat Loan,11920.0,0.16,22122.0,1
367,ID_249830256959267278,249830,Kenya,256959,267278,Type_5,74500.0,138260.0,2022-09-12,2022-09-26,14,Repeat Loan,11920.0,0.16,22122.0,1
368,ID_260263257365267278,260263,Kenya,257365,267278,Type_5,13500.0,14275.0,2022-09-12,2022-09-26,14,Repeat Loan,785.06,0.0581525925925925,830.0,0
369,ID_260263257365251804,260263,Kenya,257365,251804,Type_5,13500.0,14275.0,2022-09-12,2022-09-26,14,Repeat Loan,2160.0,0.16,2284.0,0
370,ID_264470257414267278,264470,Kenya,257414,267278,Type_5,24200.0,25510.0,2022-09-12,2022-09-26,14,Repeat Loan,3872.0,0.16,4082.0,0
371,ID_264470257414251804,264470,Kenya,257414,251804,Type_5,24200.0,25510.0,2022-09-12,2022-09-26,14,Repeat Loan,3521.59,0.145520247933884,3712.0,0
372,ID_248670258734267278,248670,Kenya,258734,267278,Type_5,39300.0,41365.0,2022-09-14,2022-09-28,14,Repeat Loan,6288.0,0.16,6618.0,0
373,ID_248670258734251804,248670,Kenya,258734,251804,Type_5,39300.0,41365.0,2022-09-14,2022-09-28,14,Repeat Loan,1230.0,0.0312977099236641,1295.0,0
374,ID_260784259139251804,260784,Kenya,259139,251804,Type_5,5800.0,6103.0,2022-09-14,2022-09-21,7,Repeat Loan,400.0,0.0689655172413793,421.0,0
375,ID_260784259139267278,260784,Kenya,259139,267278,Type_5,5800.0,6103.0,2022-09-14,2022-09-21,7,Repeat Loan,243.0,0.0418965517241379,256.0,0
376,ID_271468259366267278,271468,Kenya,259366,267278,Type_5,8500.0,9025.0,2022-09-14,2022-09-28,14,Repeat Loan,1360.0,0.16,1444.0,0
377,ID_271468259366251804,271468,Kenya,259366,251804,Type_5,8500.0,9025.0,2022-09-14,2022-09-28,14,New Loan,1360.0,0.16,1444.0,0
378,ID_244279259526267278,244279,Kenya,259526,267278,Type_5,300500.0,352568.0,2022-09-15,2022-09-29,14,Repeat Loan,744.16,0.0024764059900166,873.0,1
379,ID_244279259526251804,244279,Kenya,259526,251804,Type_5,300500.0,352568.0,2022-09-15,2022-09-29,14,Repeat Loan,9915.24,0.0329958069883527,11633.0,1
380,ID_242536259852251804,242536,Kenya,259852,251804,Type_4,50000.0,53500.0,2022-09-15,2022-10-15,30,Repeat Loan,8000.0,0.16,8560.0,0
381,ID_242536259852267278,242536,Kenya,259852,267278,Type_4,50000.0,53500.0,2022-09-15,2022-10-15,30,Repeat Loan,8000.0,0.16,8560.0,0
382,ID_245846259917251804,245846,Kenya,259917,251804,Type_4,100000.0,115000.0,2022-09-15,2022-12-15,91,Repeat Loan,16000.0,0.16,18400.0,0
383,ID_245846259917267278,245846,Kenya,259917,267278,Type_4,100000.0,115000.0,2022-09-15,2022-12-15,91,Repeat Loan,16000.0,0.16,18400.0,0
384,ID_257774260219251804,257774,Kenya,260219,251804,Type_5,9200.0,9760.0,2022-09-16,2022-09-30,14,Repeat Loan,1472.0,0.16,1562.0,0
385,ID_257774260219267278,257774,Kenya,260219,267278,Type_5,9200.0,9760.0,2022-09-16,2022-09-30,14,Repeat Loan,1472.0,0.16,1562.0,0
386,ID_244944260268251804,244944,Kenya,260268,251804,Type_5,12000.0,12700.0,2022-09-16,2022-09-30,14,Repeat Loan,1920.0,0.16,2032.0,0
387,ID_244944260268267278,244944,Kenya,260268,267278,Type_5,12000.0,12700.0,2022-09-16,2022-09-30,14,Repeat Loan,1920.0,0.16,2032.0,0
388,ID_248684260275251804,248684,Kenya,260275,251804,Type_5,24000.0,25300.0,2022-09-16,2022-09-30,14,Repeat Loan,3840.0,0.16,4048.0,0
389,ID_248684260275267278,248684,Kenya,260275,267278,Type_5,24000.0,25300.0,2022-09-16,2022-09-30,14,Repeat Loan,3840.0,0.16,4048.0,0
390,ID_241961260578251804,241961,Kenya,260578,251804,Type_4,64000.0,71680.0,2022-09-16,2022-11-16,61,Repeat Loan,10240.0,0.16,11469.0,0
391,ID_241961260578267278,241961,Kenya,260578,267278,Type_4,64000.0,71680.0,2022-09-16,2022-11-16,61,Repeat Loan,10240.0,0.16,11469.0,0
392,ID_242508260829267278,242508,Kenya,260829,267278,Type_4,50000.0,56000.0,2022-09-16,2022-11-16,61,Repeat Loan,8000.0,0.16,8960.0,0
393,ID_242508260829251804,242508,Kenya,260829,251804,Type_4,50000.0,56000.0,2022-09-16,2022-11-16,61,Repeat Loan,8000.0,0.16,8960.0,0
394,ID_239697260833251804,239697,Kenya,260833,251804,Type_4,20000.0,21400.0,2022-09-16,2022-10-16,30,Repeat Loan,3200.0,0.16,3424.0,0
395,ID_239697260833267278,239697,Kenya,260833,267278,Type_4,20000.0,21400.0,2022-09-16,2022-10-16,30,Repeat Loan,3200.0,0.16,3424.0,0
396,ID_270904261107251804,270904,Kenya,261107,251804,Type_5,7000.0,7450.0,2022-09-17,2022-10-01,14,Repeat Loan,1120.0,0.16,1192.0,0
397,ID_270904261107267278,270904,Kenya,261107,267278,Type_5,7000.0,7450.0,2022-09-17,2022-10-01,14,Repeat Loan,1120.0,0.16,1192.0,0
398,ID_267271261113267278,267271,Kenya,261113,267278,Type_6,4360.0,4447.2,2022-09-17,2022-09-24,7,Repeat Loan,872.0,0.2,889.0,0
399,ID_267271261113251804,267271,Kenya,261113,251804,Type_6,4360.0,4447.2,2022-09-17,2022-09-24,7,Repeat Loan,872.0,0.2,889.0,0
400,ID_246202261115267278,246202,Kenya,261115,267278,Type_5,26500.0,27925.0,2022-09-17,2022-10-01,14,Repeat Loan,4240.0,0.16,4468.0,0
401,ID_246202261115251804,246202,Kenya,261115,251804,Type_5,26500.0,27925.0,2022-09-17,2022-10-01,14,Repeat Loan,4240.0,0.16,4468.0,0
402,ID_257771262155251804,257771,Kenya,262155,251804,Type_5,6000.0,6400.0,2022-09-19,2022-10-03,14,Repeat Loan,960.0,0.16,1024.0,0
403,ID_257771262155267278,257771,Kenya,262155,267278,Type_5,6000.0,6400.0,2022-09-19,2022-10-03,14,Repeat Loan,960.0,0.16,1024.0,0
404,ID_245350262540267278,245350,Kenya,262540,267278,Type_5,24000.0,25300.0,2022-09-19,2022-10-03,14,Repeat Loan,3840.0,0.16,4048.0,0
405,ID_245350262540251804,245350,Kenya,262540,251804,Type_5,24000.0,25300.0,2022-09-19,2022-10-03,14,Repeat Loan,3840.0,0.16,4048.0,0
406,ID_265047262602251804,265047,Kenya,262602,251804,Type_4,1000000.0,1135000.0,2022-09-20,2022-12-20,91,Repeat Loan,50000.0,0.05,56750.0,0
407,ID_265047262602267278,265047,Kenya,262602,267278,Type_4,1000000.0,1135000.0,2022-09-20,2022-12-20,91,Repeat Loan,125000.0,0.125,141875.0,0
408,ID_264799262849267278,264799,Kenya,262849,267278,Type_4,80000.0,92000.0,2022-09-19,2022-12-19,91,Repeat Loan,7037.78,0.08797225,8093.0,0
409,ID_264799262849251804,264799,Kenya,262849,251804,Type_4,80000.0,92000.0,2022-09-19,2022-12-19,91,Repeat Loan,1031.4,0.0128925,1186.0,0
410,ID_271535263157251804,271535,Kenya,263157,251804,Type_5,300.0,299.5,2022-09-19,2022-09-26,7,Repeat Loan,48.0,0.16,66.0,0
411,ID_271535263157267278,271535,Kenya,263157,267278,Type_5,300.0,299.5,2022-09-19,2022-09-26,7,Repeat Loan,48.0,0.16,66.0,0
412,ID_266663265738251804,266663,Kenya,265738,251804,Type_5,29800.0,31390.0,2022-09-23,2022-10-07,14,Repeat Loan,3214.12,0.107856375838926,3386.0,0
413,ID_266663265738267278,266663,Kenya,265738,267278,Type_5,29800.0,31390.0,2022-09-23,2022-10-07,14,Repeat Loan,4768.0,0.16,5022.0,0
414,ID_238777266058251804,238777,Kenya,266058,251804,Type_4,10300.0,12551.0,2022-09-23,2022-10-23,30,Repeat Loan,1304.0,0.126601941747572,1589.0,1
415,ID_238777266058267278,238777,Kenya,266058,267278,Type_4,10300.0,12551.0,2022-09-23,2022-10-23,30,Repeat Loan,1648.0,0.16,2008.0,1
416,ID_267681266336251804,267681,Kenya,266336,251804,Type_5,5000.0,5275.0,2022-09-24,2022-10-01,7,Repeat Loan,800.0,0.16,844.0,0
417,ID_267681266336267278,267681,Kenya,266336,267278,Type_5,5000.0,5275.0,2022-09-24,2022-10-01,7,Repeat Loan,800.0,0.16,844.0,0
418,ID_259835267268267278,259835,Kenya,267268,267278,Type_10,3890.0,3949.0,2022-09-25,2022-09-30,5,Repeat Loan,777.0,0.199742930591259,789.0,0
419,ID_259835267268251804,259835,Kenya,267268,251804,Type_10,3890.0,3949.0,2022-09-25,2022-09-30,5,Repeat Loan,777.0,0.199742930591259,789.0,0
420,ID_261581267270251804,261581,Kenya,267270,251804,Type_10,1973.0,2003.0,2022-09-25,2022-09-30,5,Repeat Loan,394.0,0.199695894576786,400.0,0
421,ID_261581267270267278,261581,Kenya,267270,267278,Type_10,1973.0,2003.0,2022-09-25,2022-09-30,5,Repeat Loan,394.0,0.199695894576786,400.0,0
422,ID_269445267341251804,269445,Kenya,267341,251804,Type_5,27400.0,28870.0,2022-09-26,2022-10-10,14,Repeat Loan,3461.84,0.126344525547445,3648.0,0
423,ID_269445267341267278,269445,Kenya,267341,267278,Type_5,27400.0,28870.0,2022-09-26,2022-10-10,14,Repeat Loan,4384.0,0.16,4619.0,0
424,ID_245673267537267278,245673,Kenya,267537,267278,Type_5,12000.0,12700.0,2022-09-26,2022-10-10,14,Repeat Loan,1920.0,0.16,2032.0,0
425,ID_245673267537251804,245673,Kenya,267537,251804,Type_5,12000.0,12700.0,2022-09-26,2022-10-10,14,Repeat Loan,1920.0,0.16,2032.0,0
426,ID_260784267545251804,260784,Kenya,267545,251804,Type_5,11500.0,12175.0,2022-09-26,2022-10-10,14,Repeat Loan,1840.0,0.16,1948.0,0
427,ID_260784267545267278,260784,Kenya,267545,267278,Type_5,11500.0,12175.0,2022-09-26,2022-10-10,14,Repeat Loan,1840.0,0.16,1948.0,0
428,ID_259835267773251804,259835,Kenya,267773,251804,Type_10,12439.0,12626.0,2022-09-26,2022-09-30,4,Repeat Loan,2487.0,0.199935686148404,2524.0,0
429,ID_259835267773267278,259835,Kenya,267773,267278,Type_10,12439.0,12626.0,2022-09-26,2022-09-30,4,Repeat Loan,2487.0,0.199935686148404,2524.0,0
430,ID_259835267861267278,259835,Kenya,267861,267278,Type_10,7869.0,7988.0,2022-09-26,2022-09-30,4,Repeat Loan,1573.0,0.199898335239547,1597.0,0
431,ID_259835267861251804,259835,Kenya,267861,251804,Type_10,7869.0,7988.0,2022-09-26,2022-09-30,4,Repeat Loan,1573.0,0.199898335239547,1597.0,0
432,ID_267209267964267278,267209,Kenya,267964,267278,Type_4,17800.0,19046.0,2022-09-26,2022-10-27,31,Repeat Loan,2848.0,0.16,3047.0,0
433,ID_267209267964251804,267209,Kenya,267964,251804,Type_4,17800.0,19046.0,2022-09-26,2022-10-27,31,Repeat Loan,2848.0,0.16,3047.0,0
434,ID_261840268001267278,261840,Kenya,268001,267278,Type_10,42242.0,42876.0,2022-09-26,2022-09-30,4,Repeat Loan,2455.87,0.0581381089910515,2493.0,0
435,ID_261840268001251804,261840,Kenya,268001,251804,Type_10,42242.0,42876.0,2022-09-26,2022-09-30,4,Repeat Loan,8448.0,0.199990530751384,8575.0,0
436,ID_260906268397267278,260906,Kenya,268397,267278,Type_5,20900.0,22045.0,2022-09-27,2022-10-11,14,Repeat Loan,3344.0,0.16,3527.0,0
437,ID_260906268397251804,260906,Kenya,268397,251804,Type_5,20900.0,22045.0,2022-09-27,2022-10-11,14,Repeat Loan,466.8,0.022334928229665,492.0,0
438,ID_256868268461267278,256868,Kenya,268461,267278,Type_5,24620.0,25951.0,2022-09-27,2022-10-11,14,Repeat Loan,3939.0,0.159991876523151,4152.0,0
439,ID_256868268461251804,256868,Kenya,268461,251804,Type_5,24620.0,25951.0,2022-09-27,2022-10-11,14,Repeat Loan,3939.0,0.159991876523151,4152.0,0
440,ID_259206268599267278,259206,Kenya,268599,267278,Type_10,8700.0,8831.0,2022-09-27,2022-09-30,3,Repeat Loan,1175.85,0.135155172413793,1194.0,0
441,ID_259206268599251804,259206,Kenya,268599,251804,Type_10,8700.0,8831.0,2022-09-27,2022-09-30,3,Repeat Loan,1740.0,0.2,1766.0,0
442,ID_259835268604251804,259835,Kenya,268604,251804,Type_10,9911.0,10060.0,2022-09-27,2022-09-30,3,Repeat Loan,1982.0,0.199979820401574,2012.0,0
443,ID_259835268604267278,259835,Kenya,268604,267278,Type_10,9911.0,10060.0,2022-09-27,2022-09-30,3,Repeat Loan,1982.0,0.199979820401574,2012.0,0
444,ID_259835268995251804,259835,Kenya,268995,251804,Type_10,6446.0,6543.0,2022-09-27,2022-09-30,3,Repeat Loan,1718.0,0.266521874030406,1744.0,0
445,ID_259835268995267278,259835,Kenya,268995,267278,Type_10,6446.0,6543.0,2022-09-27,2022-09-30,3,Repeat Loan,116.4,0.0180577102078808,118.0,0
446,ID_251644269294267278,251644,Kenya,269294,267278,Type_5,20500.0,21625.0,2022-09-28,2022-10-12,14,Repeat Loan,3280.0,0.16,3460.0,0
447,ID_251644269294251804,251644,Kenya,269294,251804,Type_5,20500.0,21625.0,2022-09-28,2022-10-12,14,Repeat Loan,3280.0,0.16,3460.0,0
448,ID_271468269301267278,271468,Kenya,269301,267278,Type_5,15000.0,15850.0,2022-09-28,2022-10-12,14,Repeat Loan,2400.0,0.16,2536.0,0
449,ID_271468269301251804,271468,Kenya,269301,251804,Type_5,15000.0,15850.0,2022-09-28,2022-10-12,14,Repeat Loan,2400.0,0.16,2536.0,0
450,ID_271764269306267278,271764,Kenya,269306,267278,Type_5,12000.0,12700.0,2022-09-28,2022-10-12,14,Repeat Loan,1920.0,0.16,2032.0,0
451,ID_271764269306251804,271764,Kenya,269306,251804,Type_5,12000.0,12700.0,2022-09-28,2022-10-12,14,Repeat Loan,1920.0,0.16,2032.0,0
452,ID_248683269310267278,248683,Kenya,269310,267278,Type_5,12000.0,12700.0,2022-09-28,2022-10-12,14,Repeat Loan,1920.0,0.16,2032.0,0
453,ID_248683269310251804,248683,Kenya,269310,251804,Type_5,12000.0,12700.0,2022-09-28,2022-10-12,14,Repeat Loan,1920.0,0.16,2032.0,0
454,ID_248649269313267278,248649,Kenya,269313,267278,Type_5,25000.0,26350.0,2022-09-28,2022-10-12,14,Repeat Loan,4000.0,0.16,4216.0,0
455,ID_248649269313251804,248649,Kenya,269313,251804,Type_5,25000.0,26350.0,2022-09-28,2022-10-12,14,Repeat Loan,4000.0,0.16,4216.0,0
456,ID_259835270078267278,259835,Kenya,270078,267278,Type_10,6557.0,6656.0,2022-09-29,2022-09-30,1,Repeat Loan,1311.0,0.199938996492298,1331.0,0
457,ID_259835270078251804,259835,Kenya,270078,251804,Type_10,6557.0,6656.0,2022-09-29,2022-09-30,1,Repeat Loan,1311.0,0.199938996492298,1331.0,0
458,ID_261581270079267278,261581,Kenya,270079,267278,Type_10,8288.5,8412.83,2022-09-29,2022-09-30,1,Repeat Loan,1656.0,0.199794896543403,1681.0,0
459,ID_261581270079251804,261581,Kenya,270079,251804,Type_10,8288.5,8412.83,2022-09-29,2022-09-30,1,Repeat Loan,1656.0,0.199794896543403,1681.0,0
460,ID_259206270082251804,259206,Kenya,270082,251804,Type_10,5714.0,5800.0,2022-09-29,2022-09-30,1,Repeat Loan,1142.0,0.19985999299965,1159.0,0
461,ID_259206270082267278,259206,Kenya,270082,267278,Type_10,5714.0,5800.0,2022-09-29,2022-09-30,1,Repeat Loan,1142.0,0.19985999299965,1159.0,0
462,ID_252041270083251804,252041,Kenya,270083,251804,Type_10,7756.0,7872.34,2022-09-29,2022-09-30,1,Repeat Loan,1550.0,0.199845281072717,1573.0,0
463,ID_252041270083267278,252041,Kenya,270083,267278,Type_10,7756.0,7872.34,2022-09-29,2022-09-30,1,Repeat Loan,1550.0,0.199845281072717,1573.0,0
464,ID_259334270084251804,259334,Kenya,270084,251804,Type_10,17521.0,17784.0,2022-09-29,2022-09-30,1,Repeat Loan,3504.0,0.199988585126419,3557.0,0
465,ID_259334270084267278,259334,Kenya,270084,267278,Type_10,17521.0,17784.0,2022-09-29,2022-09-30,1,Repeat Loan,3504.0,0.199988585126419,3557.0,0
466,ID_261840270086251804,261840,Kenya,270086,251804,Type_10,9358.0,9499.0,2022-09-29,2022-09-30,1,Repeat Loan,1871.0,0.19993588373584,1899.0,0
467,ID_261840270086267278,261840,Kenya,270086,267278,Type_10,9358.0,9499.0,2022-09-29,2022-09-30,1,Repeat Loan,1871.0,0.19993588373584,1899.0,0
468,ID_261841270087267278,261841,Kenya,270087,267278,Type_10,28259.0,28683.0,2022-09-29,2022-09-30,1,Repeat Loan,5651.0,0.199971690434905,5736.0,0
469,ID_261841270087251804,261841,Kenya,270087,251804,Type_10,28259.0,28683.0,2022-09-29,2022-09-30,1,Repeat Loan,5651.0,0.199971690434905,5736.0,0
470,ID_259835270088251804,259835,Kenya,270088,251804,Type_10,2475.0,2513.0,2022-09-29,2022-09-30,1,Repeat Loan,495.0,0.2,503.0,0
471,ID_259835270088267278,259835,Kenya,270088,267278,Type_10,2475.0,2513.0,2022-09-29,2022-09-30,1,Repeat Loan,495.0,0.2,503.0,0
472,ID_259835270091251804,259835,Kenya,270091,251804,Type_10,53992.0,54801.88,2022-09-29,2022-09-30,1,Repeat Loan,10794.0,0.199918506445399,10956.0,0
473,ID_259835270091267278,259835,Kenya,270091,267278,Type_10,53992.0,54801.88,2022-09-29,2022-09-30,1,Repeat Loan,10794.0,0.199918506445399,10956.0,0
474,ID_259206270092251804,259206,Kenya,270092,251804,Type_10,38175.05,38747.68,2022-09-29,2022-09-30,1,Repeat Loan,7633.0,0.199947347809629,7747.0,0
475,ID_259206270092267278,259206,Kenya,270092,267278,Type_10,38175.05,38747.68,2022-09-29,2022-09-30,1,Repeat Loan,7633.0,0.199947347809629,7747.0,0
476,ID_266767270110267278,266767,Kenya,270110,267278,Type_5,19000.0,29513.0,2022-09-29,2022-10-13,14,Repeat Loan,3040.0,0.16,4722.0,1
477,ID_266767270110251804,266767,Kenya,270110,251804,Type_5,19000.0,29513.0,2022-09-29,2022-10-13,14,Repeat Loan,3040.0,0.16,4722.0,1
478,ID_260034270142251804,260034,Kenya,270142,251804,Type_6,5570.0,5682.0,2022-09-29,2022-10-06,7,Repeat Loan,1114.0,0.2,1136.0,0
479,ID_260034270142267278,260034,Kenya,270142,267278,Type_6,5570.0,5682.0,2022-09-29,2022-10-06,7,Repeat Loan,1114.0,0.2,1136.0,0
480,ID_246549270168267278,246549,Kenya,270168,267278,Type_5,55000.0,57850.0,2022-09-29,2022-10-13,14,Repeat Loan,8800.0,0.16,9256.0,0
481,ID_246549270168251804,246549,Kenya,270168,251804,Type_5,55000.0,57850.0,2022-09-29,2022-10-13,14,Repeat Loan,8800.0,0.16,9256.0,0
482,ID_248684270999251804,248684,Kenya,270999,251804,Type_5,22000.0,23200.0,2022-09-30,2022-10-14,14,Repeat Loan,3520.0,0.16,3712.0,0
483,ID_248684270999267278,248684,Kenya,270999,267278,Type_5,22000.0,23200.0,2022-09-30,2022-10-14,14,Repeat Loan,3520.0,0.16,3712.0,0
484,ID_260407271638267278,260407,Kenya,271638,267278,Type_6,1650.0,1683.0,2022-09-30,2022-10-07,7,Repeat Loan,330.0,0.2,337.0,0
485,ID_260407271638251804,260407,Kenya,271638,251804,Type_6,1650.0,1683.0,2022-09-30,2022-10-07,7,Repeat Loan,330.0,0.2,337.0,0
486,ID_246898271730251804,246898,Kenya,271730,251804,Type_5,56000.0,58900.0,2022-10-01,2022-10-15,14,Repeat Loan,8960.0,0.16,9424.0,0
487,ID_246898271730267278,246898,Kenya,271730,267278,Type_5,56000.0,58900.0,2022-10-01,2022-10-15,14,Repeat Loan,8960.0,0.16,9424.0,0
488,ID_260906271796251804,260906,Kenya,271796,251804,Type_5,20900.0,22045.0,2022-10-01,2022-10-15,14,Repeat Loan,3344.0,0.16,3527.0,0
489,ID_260906271796267278,260906,Kenya,271796,267278,Type_5,20900.0,22045.0,2022-10-01,2022-10-15,14,Repeat Loan,3344.0,0.16,3527.0,0
490,ID_247169271838251804,247169,Kenya,271838,251804,Type_5,31500.0,33175.0,2022-10-01,2022-10-15,14,Repeat Loan,5040.0,0.16,5308.0,0
491,ID_247169271838267278,247169,Kenya,271838,267278,Type_5,31500.0,33175.0,2022-10-01,2022-10-15,14,Repeat Loan,3156.11,0.100193968253968,3324.0,0
492,ID_259205272753267278,259205,Kenya,272753,267278,Type_10,119540.4,121333.51,2022-10-03,2022-10-31,28,Repeat Loan,17917.0,0.149882382859685,18186.0,0
493,ID_259205272753251804,259205,Kenya,272753,251804,Type_10,119540.4,121333.51,2022-10-03,2022-10-31,28,Repeat Loan,23895.0,0.199890580924942,24253.0,0
494,ID_259835272754251804,259835,Kenya,272754,251804,Type_10,524422.45,532288.79,2022-10-03,2022-10-31,28,Repeat Loan,100899.0,0.192400230005408,102412.0,0
495,ID_259835272754267278,259835,Kenya,272754,267278,Type_10,524422.45,532288.79,2022-10-03,2022-10-31,28,Repeat Loan,79295.27,0.151204949368586,80485.0,0
496,ID_252041272755267278,252041,Kenya,272755,267278,Type_10,122970.05,124814.6,2022-10-03,2022-10-31,28,Repeat Loan,17806.3,0.144801925346862,18073.0,0
497,ID_252041272755251804,252041,Kenya,272755,251804,Type_10,122970.05,124814.6,2022-10-03,2022-10-31,28,Repeat Loan,23326.0,0.189688464792849,23676.0,0
498,ID_259206272756267278,259206,Kenya,272756,267278,Type_10,529859.2,537807.09,2022-10-03,2022-10-31,28,Repeat Loan,57307.92,0.108156883941998,58168.0,0
499,ID_259206272756251804,259206,Kenya,272756,251804,Type_10,529859.2,537807.09,2022-10-03,2022-10-31,28,Repeat Loan,117355.0,0.221483367656917,119115.0,0
500,ID_261839272757251804,261839,Kenya,272757,251804,Type_10,505765.2,513351.68,2022-10-03,2022-10-31,28,Repeat Loan,98353.0,0.194463755117987,99828.0,0
501,ID_261839272757267278,261839,Kenya,272757,267278,Type_10,505765.2,513351.68,2022-10-03,2022-10-31,28,Repeat Loan,58669.0,0.11600046820145,59549.0,0
502,ID_261840272758267278,261840,Kenya,272758,267278,Type_10,291258.0,295626.87,2022-10-03,2022-10-31,28,Repeat Loan,19535.16,0.0670716684176915,19828.0,0
503,ID_261840272758251804,261840,Kenya,272758,251804,Type_10,291258.0,295626.87,2022-10-03,2022-10-31,28,Repeat Loan,61891.0,0.212495450768734,62819.0,0
504,ID_267344272760267278,267344,Kenya,272760,267278,Type_5,14174.0,14983.0,2022-10-03,2022-10-17,14,Repeat Loan,2267.0,0.159940736559898,2396.0,0
505,ID_267344272760251804,267344,Kenya,272760,251804,Type_5,14174.0,14983.0,2022-10-03,2022-10-17,14,Repeat Loan,2267.0,0.159940736559898,2396.0,0
506,ID_270766272761251804,270766,Kenya,272761,251804,Type_5,19300.0,20365.0,2022-10-03,2022-10-17,14,Repeat Loan,3088.0,0.16,3258.0,0
507,ID_270766272761267278,270766,Kenya,272761,267278,Type_5,19300.0,20365.0,2022-10-03,2022-10-17,14,Repeat Loan,3088.0,0.16,3258.0,0
508,ID_245766272818267278,245766,Kenya,272818,267278,Type_5,11000.0,11650.0,2022-10-03,2022-10-17,14,Repeat Loan,1760.0,0.16,1864.0,0
509,ID_245766272818251804,245766,Kenya,272818,251804,Type_5,11000.0,11650.0,2022-10-03,2022-10-17,14,Repeat Loan,1760.0,0.16,1864.0,0
510,ID_246550272830267278,246550,Kenya,272830,267278,Type_5,99563.0,104642.0,2022-10-03,2022-10-17,14,Repeat Loan,15930.0,0.159999196488655,16743.0,0
511,ID_246550272830251804,246550,Kenya,272830,251804,Type_5,99563.0,104642.0,2022-10-03,2022-10-17,14,Repeat Loan,15930.0,0.159999196488655,16743.0,0
512,ID_264470272958251804,264470,Kenya,272958,251804,Type_5,2500.0,2725.0,2022-10-03,2022-10-17,14,Repeat Loan,400.0,0.16,436.0,0
513,ID_264470272958267278,264470,Kenya,272958,267278,Type_5,2500.0,2725.0,2022-10-03,2022-10-17,14,Repeat Loan,400.0,0.16,436.0,0
514,ID_257771273086251804,257771,Kenya,273086,251804,Type_5,6500.0,6925.0,2022-10-03,2022-10-17,14,Repeat Loan,1040.0,0.16,1108.0,0
515,ID_257771273086267278,257771,Kenya,273086,267278,Type_5,6500.0,6925.0,2022-10-03,2022-10-17,14,Repeat Loan,1040.0,0.16,1108.0,0
516,ID_251616273271251804,251616,Kenya,273271,251804,Type_5,17800.0,23388.0,2022-10-03,2022-10-17,14,Repeat Loan,2848.0,0.16,3742.0,1
517,ID_251616273271267278,251616,Kenya,273271,267278,Type_5,17800.0,23388.0,2022-10-03,2022-10-17,14,Repeat Loan,597.58,0.0335719101123595,785.0,1
518,ID_262107273564267278,262107,Kenya,273564,267278,Type_5,13000.0,13750.0,2022-10-03,2022-10-17,14,Repeat Loan,1208.7,0.092976923076923,1278.0,0
519,ID_262107273564251804,262107,Kenya,273564,251804,Type_5,13000.0,13750.0,2022-10-03,2022-10-17,14,Repeat Loan,2080.0,0.16,2200.0,0
520,ID_270785273824267278,270785,Kenya,273824,267278,Type_6,1885.0,1923.0,2022-10-03,2022-10-10,7,Repeat Loan,377.0,0.2,385.0,0
521,ID_270785273824251804,270785,Kenya,273824,251804,Type_6,1885.0,1923.0,2022-10-03,2022-10-10,7,Repeat Loan,377.0,0.2,385.0,0
522,ID_261581273878267278,261581,Kenya,273878,267278,Type_10,73131.65,74228.62,2022-10-04,2022-11-18,45,Repeat Loan,8996.71,0.123020744096434,9132.0,1
523,ID_261581273878251804,261581,Kenya,273878,251804,Type_10,73131.65,74228.62,2022-10-04,2022-11-18,45,Repeat Loan,15348.0,0.209868094046832,15578.0,1
524,ID_246989273949267278,246989,Kenya,273949,267278,Type_5,51000.0,53650.0,2022-10-04,2022-10-18,14,Repeat Loan,8160.0,0.16,8584.0,0
525,ID_246989273949251804,246989,Kenya,273949,251804,Type_5,51000.0,53650.0,2022-10-04,2022-10-18,14,Repeat Loan,8160.0,0.16,8584.0,0
526,ID_271816274657267278,271816,Kenya,274657,267278,Type_10,53988.84,54798.67,2022-10-04,2022-10-31,27,Repeat Loan,6793.7,0.12583526521407,6896.0,0
527,ID_271816274657251804,271816,Kenya,274657,251804,Type_10,53988.84,54798.67,2022-10-04,2022-10-31,27,Repeat Loan,12514.0,0.231788643727111,12702.0,0
528,ID_266385275329251804,266385,Kenya,275329,251804,Type_6,6770.0,6906.0,2022-10-05,2022-10-12,7,Repeat Loan,1354.0,0.2,1381.0,0
529,ID_266385275329267278,266385,Kenya,275329,267278,Type_6,6770.0,6906.0,2022-10-05,2022-10-12,7,Repeat Loan,1354.0,0.2,1381.0,0
530,ID_259334275579267278,259334,Kenya,275579,267278,Type_10,111236.6,112905.15,2022-10-06,2022-10-31,25,Repeat Loan,17073.08,0.15348437474716,17329.0,0
531,ID_259334275579251804,259334,Kenya,275579,251804,Type_10,111236.6,112905.15,2022-10-06,2022-10-31,25,Repeat Loan,19097.0,0.171679105618114,19383.0,0
532,ID_251285275636267278,251285,Kenya,275636,267278,Type_5,22366.0,23585.0,2022-10-06,2022-10-20,14,Repeat Loan,3578.0,0.159974961995886,3773.0,0
533,ID_251285275636251804,251285,Kenya,275636,251804,Type_5,22366.0,23585.0,2022-10-06,2022-10-20,14,Repeat Loan,3578.0,0.159974961995886,3773.0,0
534,ID_252778275657267278,252778,Kenya,275657,267278,Type_5,10000.0,10600.0,2022-10-06,2022-10-20,14,Repeat Loan,1600.0,0.16,1696.0,0
535,ID_252778275657251804,252778,Kenya,275657,251804,Type_5,10000.0,10600.0,2022-10-06,2022-10-20,14,Repeat Loan,1600.0,0.16,1696.0,0
536,ID_257779276273267278,257779,Kenya,276273,267278,Type_5,16000.0,16900.0,2022-10-06,2022-10-20,14,Repeat Loan,297.19,0.018574375,314.0,0
537,ID_257779276273251804,257779,Kenya,276273,251804,Type_5,16000.0,16900.0,2022-10-06,2022-10-20,14,Repeat Loan,2560.0,0.16,2704.0,0
538,ID_256578276404267278,256578,Kenya,276404,267278,Type_5,19000.0,20050.0,2022-10-07,2022-10-21,14,Repeat Loan,3040.0,0.16,3208.0,0
539,ID_256578276404251804,256578,Kenya,276404,251804,Type_5,19000.0,20050.0,2022-10-07,2022-10-21,14,Repeat Loan,3040.0,0.16,3208.0,0
540,ID_266663276644251804,266663,Kenya,276644,251804,Type_5,28700.0,30235.0,2022-10-07,2022-10-21,14,Repeat Loan,4592.0,0.16,4838.0,0
541,ID_266663276644267278,266663,Kenya,276644,267278,Type_5,28700.0,30235.0,2022-10-07,2022-10-21,14,Repeat Loan,817.5,0.0284843205574912,861.0,0
542,ID_271033276764267278,271033,Kenya,276764,267278,Type_6,2655.0,2708.0,2022-10-07,2022-10-14,7,Repeat Loan,531.0,0.2,542.0,0
543,ID_271033276764251804,271033,Kenya,276764,251804,Type_6,2655.0,2708.0,2022-10-07,2022-10-14,7,Repeat Loan,531.0,0.2,542.0,0
544,ID_269326278169267278,269326,Kenya,278169,267278,Type_5,32000.0,33700.0,2022-10-10,2022-10-24,14,Repeat Loan,5120.0,0.16,5392.0,0
545,ID_269326278169251804,269326,Kenya,278169,251804,Type_5,32000.0,33700.0,2022-10-10,2022-10-24,14,Repeat Loan,5120.0,0.16,5392.0,0
546,ID_267072279150251804,267072,Kenya,279150,251804,Type_6,705.0,720.0,2022-10-11,2022-10-18,7,Repeat Loan,141.0,0.2,144.0,0
547,ID_267072279150267278,267072,Kenya,279150,267278,Type_6,705.0,720.0,2022-10-11,2022-10-18,7,Repeat Loan,141.0,0.2,144.0,0
548,ID_262766279306267278,262766,Kenya,279306,267278,Type_4,4000.0,4280.0,2022-10-11,2022-11-10,30,Repeat Loan,640.0,0.16,685.0,0
549,ID_262766279306251804,262766,Kenya,279306,251804,Type_4,4000.0,4280.0,2022-10-11,2022-11-10,30,Repeat Loan,640.0,0.16,685.0,0
550,ID_244509279331251804,244509,Kenya,279331,251804,Type_4,8000.0,8560.0,2022-10-11,2022-11-10,30,Repeat Loan,1280.0,0.16,1370.0,0
551,ID_244509279331267278,244509,Kenya,279331,267278,Type_4,8000.0,8560.0,2022-10-11,2022-11-10,30,Repeat Loan,1280.0,0.16,1370.0,0
552,ID_272177279539251804,272177,Kenya,279539,251804,Type_4,2500.0,2675.0,2022-10-11,2022-11-10,30,Repeat Loan,400.0,0.16,428.0,0
553,ID_272177279539267278,272177,Kenya,279539,267278,Type_4,2500.0,2675.0,2022-10-11,2022-11-10,30,New Loan,400.0,0.16,428.0,0
554,ID_248649279895267278,248649,Kenya,279895,267278,Type_5,24000.0,25300.0,2022-10-12,2022-10-26,14,Repeat Loan,3840.0,0.16,4048.0,0
555,ID_248649279895251804,248649,Kenya,279895,251804,Type_5,24000.0,25300.0,2022-10-12,2022-10-26,14,Repeat Loan,3840.0,0.16,4048.0,0
556,ID_248683279903251804,248683,Kenya,279903,251804,Type_5,12000.0,12700.0,2022-10-12,2022-10-26,14,Repeat Loan,1920.0,0.16,2032.0,0
557,ID_248683279903267278,248683,Kenya,279903,267278,Type_5,12000.0,12700.0,2022-10-12,2022-10-26,14,Repeat Loan,1920.0,0.16,2032.0,0
558,ID_271468279937267278,271468,Kenya,279937,267278,Type_5,20438.0,21560.0,2022-10-12,2022-10-26,14,Repeat Loan,3270.0,0.159996085722673,3450.0,0
559,ID_271468279937251804,271468,Kenya,279937,251804,Type_5,20438.0,21560.0,2022-10-12,2022-10-26,14,Repeat Loan,3270.0,0.159996085722673,3450.0,0
560,ID_248456280042251804,248456,Kenya,280042,251804,Type_5,51200.0,53860.0,2022-10-12,2022-10-26,14,Repeat Loan,8192.0,0.16,8618.0,0
561,ID_248456280042267278,248456,Kenya,280042,267278,Type_5,51200.0,53860.0,2022-10-12,2022-10-26,14,Repeat Loan,1291.95,0.0252333984375,1359.0,0
562,ID_272181280431267278,272181,Kenya,280431,267278,Type_4,2000000.0,2329998.0,2022-10-13,2023-04-14,183,Repeat Loan,250000.0,0.125,291250.0,0
563,ID_272181280431251804,272181,Kenya,280431,251804,Type_4,2000000.0,2329998.0,2022-10-13,2023-04-14,183,Repeat Loan,250000.0,0.125,291250.0,0
564,ID_269445280681251804,269445,Kenya,280681,251804,Type_5,32000.0,33700.0,2022-10-13,2022-10-27,14,Repeat Loan,5120.0,0.16,5392.0,0
565,ID_269445280681267278,269445,Kenya,280681,267278,Type_5,32000.0,33700.0,2022-10-13,2022-10-27,14,Repeat Loan,5120.0,0.16,5392.0,0
566,ID_266062280686251804,266062,Kenya,280686,251804,Type_5,12500.0,13225.0,2022-10-13,2022-10-27,14,Repeat Loan,2000.0,0.16,2116.0,0
567,ID_266062280686267278,266062,Kenya,280686,267278,Type_5,12500.0,13225.0,2022-10-13,2022-10-27,14,Repeat Loan,2000.0,0.16,2116.0,0
568,ID_256868280691267278,256868,Kenya,280691,267278,Type_5,24926.0,41749.0,2022-10-13,2022-10-27,14,Repeat Loan,3988.0,0.159993580999759,6680.0,1
569,ID_256868280691251804,256868,Kenya,280691,251804,Type_5,24926.0,41749.0,2022-10-13,2022-10-27,14,Repeat Loan,3988.0,0.159993580999759,6680.0,1
570,ID_270060280707267278,270060,Kenya,280707,267278,Type_6,5200.0,5304.0,2022-10-13,2022-10-20,7,Repeat Loan,1040.0,0.2,1061.0,0
571,ID_270060280707251804,270060,Kenya,280707,251804,Type_6,5200.0,5304.0,2022-10-13,2022-10-20,7,Repeat Loan,1040.0,0.2,1061.0,0
572,ID_245620280787267278,245620,Kenya,280787,267278,Type_4,450000.0,510750.0,2022-10-13,2023-01-12,91,Repeat Loan,62500.0,0.138888888888888,70938.0,0
573,ID_245620280787251804,245620,Kenya,280787,251804,Type_4,450000.0,510750.0,2022-10-13,2023-01-12,91,Repeat Loan,62500.0,0.138888888888888,70938.0,0
574,ID_262384280816267278,262384,Kenya,280816,267278,Type_4,7000.0,7490.0,2022-10-13,2022-11-12,30,Repeat Loan,1120.0,0.16,1198.0,0
575,ID_262384280816251804,262384,Kenya,280816,251804,Type_4,7000.0,7490.0,2022-10-13,2022-11-12,30,Repeat Loan,1120.0,0.16,1198.0,0
576,ID_270684281289267278,270684,Kenya,281289,267278,Type_6,4020.0,4101.0,2022-10-14,2022-10-21,7,Repeat Loan,804.0,0.2,820.0,0
577,ID_270684281289251804,270684,Kenya,281289,251804,Type_6,4020.0,4101.0,2022-10-14,2022-10-21,7,Repeat Loan,804.0,0.2,820.0,0
578,ID_248673281298267278,248673,Kenya,281298,267278,Type_5,15728.0,16615.0,2022-10-14,2022-10-28,14,Repeat Loan,2516.0,0.159969481180061,2658.0,0
579,ID_248673281298251804,248673,Kenya,281298,251804,Type_5,15728.0,16615.0,2022-10-14,2022-10-28,14,Repeat Loan,2516.0,0.159969481180061,2658.0,0
580,ID_256582281303251804,256582,Kenya,281303,251804,Type_5,17000.0,17950.0,2022-10-14,2022-10-28,14,Repeat Loan,2720.0,0.16,2872.0,0
581,ID_256582281303267278,256582,Kenya,281303,267278,Type_5,17000.0,17950.0,2022-10-14,2022-10-28,14,Repeat Loan,2720.0,0.16,2872.0,0
582,ID_271546281309267278,271546,Kenya,281309,267278,Type_5,9078.0,9632.0,2022-10-14,2022-10-28,14,Repeat Loan,1452.0,0.159947124917382,1541.0,0
583,ID_271546281309251804,271546,Kenya,281309,251804,Type_5,9078.0,9632.0,2022-10-14,2022-10-28,14,Repeat Loan,1452.0,0.159947124917382,1541.0,0
584,ID_242536281519251804,242536,Kenya,281519,251804,Type_4,35000.0,37450.0,2022-10-14,2022-11-13,30,Repeat Loan,5600.0,0.16,5992.0,0
585,ID_242536281519267278,242536,Kenya,281519,267278,Type_4,35000.0,37450.0,2022-10-14,2022-11-13,30,Repeat Loan,1813.28,0.051808,1940.0,0
586,ID_245204281523251804,245204,Kenya,281523,251804,Type_4,15000.0,16050.0,2022-10-14,2022-11-13,30,Repeat Loan,2400.0,0.16,2568.0,0
587,ID_245204281523267278,245204,Kenya,281523,267278,Type_4,15000.0,16050.0,2022-10-14,2022-11-13,30,Repeat Loan,1072.64,0.0715093333333333,1148.0,0
588,ID_257780281796267278,257780,Kenya,281796,267278,Type_5,9000.0,9550.0,2022-10-14,2022-10-28,14,Repeat Loan,120.0,0.0133333333333333,127.0,0
589,ID_257780281796251804,257780,Kenya,281796,251804,Type_5,9000.0,9550.0,2022-10-14,2022-10-28,14,Repeat Loan,1440.0,0.16,1528.0,0
590,ID_258361281930267278,258361,Kenya,281930,267278,Type_6,32200.0,52035.0,2022-10-17,2022-10-24,7,Repeat Loan,615.7,0.0191211180124223,995.0,1
591,ID_258361281930251804,258361,Kenya,281930,251804,Type_6,32200.0,52035.0,2022-10-17,2022-10-24,7,Repeat Loan,6440.0,0.2,10407.0,1
592,ID_270568282386267278,270568,Kenya,282386,267278,Type_6,4600.0,4692.0,2022-10-15,2022-10-22,7,Repeat Loan,920.0,0.2,938.0,0
593,ID_270568282386251804,270568,Kenya,282386,251804,Type_6,4600.0,4692.0,2022-10-15,2022-10-22,7,Repeat Loan,920.0,0.2,938.0,0
594,ID_270788282868251804,270788,Kenya,282868,251804,Type_6,670.0,684.0,2022-10-15,2022-10-22,7,Repeat Loan,107.0,0.159701492537313,109.0,0
595,ID_270788282868267278,270788,Kenya,282868,267278,Type_6,670.0,684.0,2022-10-15,2022-10-22,7,Repeat Loan,107.0,0.159701492537313,109.0,0
596,ID_245766283114251804,245766,Kenya,283114,251804,Type_5,11000.0,11650.0,2022-10-18,2022-11-01,14,Repeat Loan,1466.0,0.133272727272727,1553.0,0
597,ID_245766283114267278,245766,Kenya,283114,267278,Type_5,11000.0,11650.0,2022-10-18,2022-11-01,14,Repeat Loan,295.17,0.0268336363636363,313.0,0
598,ID_265431283140267278,265431,Kenya,283140,267278,Type_4,400000.0,454000.0,2022-10-17,2023-01-17,92,Repeat Loan,10577.53,0.026443825,12005.0,0
599,ID_265431283140251804,265431,Kenya,283140,251804,Type_4,400000.0,454000.0,2022-10-17,2023-01-17,92,Repeat Loan,53333.0,0.1333325,60533.0,0
600,ID_267209283144251804,267209,Kenya,283144,251804,Type_4,13000.0,13845.0,2022-10-17,2022-11-16,30,Repeat Loan,1733.0,0.133307692307692,1846.0,0
601,ID_267209283144267278,267209,Kenya,283144,267278,Type_4,13000.0,13845.0,2022-10-17,2022-11-16,30,Repeat Loan,153.0,0.0117692307692307,163.0,0
602,ID_267200283289251804,267200,Kenya,283289,251804,Type_6,20420.0,20829.0,2022-10-17,2022-10-24,7,Repeat Loan,3267.0,0.159990205680705,3332.0,0
603,ID_267200283289267278,267200,Kenya,283289,267278,Type_6,20420.0,20829.0,2022-10-17,2022-10-24,7,Repeat Loan,3267.0,0.159990205680705,3332.0,0
604,ID_249309283510251804,249309,Kenya,283510,251804,Type_5,23000.0,24250.0,2022-10-18,2022-11-01,14,Repeat Loan,3493.0,0.151869565217391,3683.0,0
605,ID_249309283510267278,249309,Kenya,283510,267278,Type_5,23000.0,24250.0,2022-10-18,2022-11-01,14,Repeat Loan,373.99,0.0162604347826086,394.0,0
606,ID_257777283799251804,257777,Kenya,283799,251804,Type_5,16300.0,17215.0,2022-10-18,2022-11-01,14,Repeat Loan,2173.0,0.133312883435582,2295.0,0
607,ID_257777283799267278,257777,Kenya,283799,267278,Type_5,16300.0,17215.0,2022-10-18,2022-11-01,14,Repeat Loan,2173.0,0.133312883435582,2295.0,0
608,ID_247169283876251804,247169,Kenya,283876,251804,Type_5,50000.0,52600.0,2022-10-18,2022-11-01,14,Repeat Loan,6666.0,0.13332,7013.0,0
609,ID_247169283876267278,247169,Kenya,283876,267278,Type_5,50000.0,52600.0,2022-10-18,2022-11-01,14,Repeat Loan,5785.73,0.115714599999999,6087.0,0
610,ID_248684283932251804,248684,Kenya,283932,251804,Type_5,29000.0,30550.0,2022-10-18,2022-11-01,14,Repeat Loan,3866.0,0.133310344827586,4073.0,0
611,ID_248684283932267278,248684,Kenya,283932,267278,Type_5,29000.0,30550.0,2022-10-18,2022-11-01,14,Repeat Loan,3830.59,0.132089310344827,4035.0,0
612,ID_272410283999251804,272410,Kenya,283999,251804,Type_4,25000.0,28000.0,2022-10-18,2022-12-18,61,Repeat Loan,3333.0,0.13332,3733.0,0
613,ID_272410283999267278,272410,Kenya,283999,267278,Type_4,25000.0,28000.0,2022-10-18,2022-12-18,61,Repeat Loan,3333.0,0.13332,3733.0,0
614,ID_246549284055251804,246549,Kenya,284055,251804,Type_5,53000.0,67518.0,2022-10-18,2022-11-01,14,Repeat Loan,7066.0,0.133320754716981,9002.0,1
615,ID_246549284055267278,246549,Kenya,284055,267278,Type_5,53000.0,67518.0,2022-10-18,2022-11-01,14,Repeat Loan,7066.0,0.133320754716981,9002.0,1
616,ID_270525284135251804,270525,Kenya,284135,251804,Type_6,4490.0,6133.0,2022-10-18,2022-10-25,7,New Loan,718.0,0.159910913140311,981.0,1
617,ID_270525284135267278,270525,Kenya,284135,267278,Type_6,4490.0,6133.0,2022-10-18,2022-10-25,7,Repeat Loan,718.0,0.159910913140311,981.0,1
618,ID_245537284421267278,245537,Kenya,284421,267278,Type_5,15000.0,15850.0,2022-10-19,2022-11-02,14,Repeat Loan,2000.0,0.133333333333333,2113.0,0
619,ID_245537284421251804,245537,Kenya,284421,251804,Type_5,15000.0,15850.0,2022-10-19,2022-11-02,14,Repeat Loan,2000.0,0.133333333333333,2113.0,0
620,ID_266514284428267278,266514,Kenya,284428,267278,Type_6,2040.0,2081.0,2022-10-19,2022-10-26,7,New Loan,326.0,0.159803921568627,333.0,0
621,ID_266514284428251804,266514,Kenya,284428,251804,Type_6,2040.0,2081.0,2022-10-19,2022-10-26,7,Repeat Loan,326.0,0.159803921568627,333.0,0
622,ID_270684284699267278,270684,Kenya,284699,267278,Type_6,4415.0,4504.0,2022-10-19,2022-10-26,7,Repeat Loan,706.0,0.159909399773499,720.0,0
623,ID_270684284699251804,270684,Kenya,284699,251804,Type_6,4415.0,4504.0,2022-10-19,2022-10-26,7,Repeat Loan,706.0,0.159909399773499,720.0,0
624,ID_264566284949267278,264566,Kenya,284949,267278,Type_6,5940.0,8472.8,2022-10-19,2022-10-26,7,Repeat Loan,950.0,0.159932659932659,1355.0,1
625,ID_264566284949251804,264566,Kenya,284949,251804,Type_6,5940.0,8472.8,2022-10-19,2022-10-26,7,Repeat Loan,950.0,0.159932659932659,1355.0,1
626,ID_247743284996267278,247743,Kenya,284996,267278,Type_5,13000.0,13750.0,2022-10-20,2022-11-03,14,Repeat Loan,1733.0,0.133307692307692,1833.0,0
627,ID_247743284996251804,247743,Kenya,284996,251804,Type_5,13000.0,13750.0,2022-10-20,2022-11-03,14,Repeat Loan,1733.0,0.133307692307692,1833.0,0
628,ID_248455284999251804,248455,Kenya,284999,251804,Type_5,105000.0,110350.0,2022-10-20,2022-11-03,14,Repeat Loan,14000.0,0.133333333333333,14713.0,0
629,ID_248455284999267278,248455,Kenya,284999,267278,Type_5,105000.0,110350.0,2022-10-20,2022-11-03,14,Repeat Loan,14000.0,0.133333333333333,14713.0,0
630,ID_269239285010267278,269239,Kenya,285010,267278,Type_6,2250.0,2250.0,2022-10-20,2022-10-27,7,Repeat Loan,360.0,0.16,367.0,0
631,ID_269239285010251804,269239,Kenya,285010,251804,Type_6,2250.0,2250.0,2022-10-20,2022-10-27,7,New Loan,360.0,0.16,367.0,0
632,ID_245748285028267278,245748,Kenya,285028,267278,Type_5,12700.0,13435.0,2022-10-20,2022-11-03,14,Repeat Loan,1693.0,0.133307086614173,1791.0,0
633,ID_245748285028251804,245748,Kenya,285028,251804,Type_5,12700.0,13435.0,2022-10-20,2022-11-03,14,Repeat Loan,1693.0,0.133307086614173,1791.0,0
634,ID_270904285039251804,270904,Kenya,285039,251804,Type_5,7000.0,7450.0,2022-10-20,2022-11-03,14,Repeat Loan,933.0,0.133285714285714,993.0,0
635,ID_270904285039267278,270904,Kenya,285039,267278,Type_5,7000.0,7450.0,2022-10-20,2022-11-03,14,Repeat Loan,933.0,0.133285714285714,993.0,0
636,ID_271281285086267278,271281,Kenya,285086,267278,Type_6,4500.0,4590.0,2022-10-20,2022-10-27,7,Repeat Loan,720.0,0.16,734.0,0
637,ID_271281285086251804,271281,Kenya,285086,251804,Type_6,4500.0,4590.0,2022-10-20,2022-10-27,7,Repeat Loan,720.0,0.16,734.0,0
638,ID_260784285147267278,260784,Kenya,285147,267278,Type_5,10500.0,11125.0,2022-10-20,2022-11-03,14,Repeat Loan,1400.0,0.133333333333333,1483.0,0
639,ID_260784285147251804,260784,Kenya,285147,251804,Type_5,10500.0,11125.0,2022-10-20,2022-11-03,14,Repeat Loan,1400.0,0.133333333333333,1483.0,0
640,ID_270158285383267278,270158,Kenya,285383,267278,Type_6,2130.0,2173.0,2022-10-20,2022-10-27,7,Repeat Loan,320.52,0.150478873239436,327.0,0
641,ID_270158285383251804,270158,Kenya,285383,251804,Type_6,2130.0,2173.0,2022-10-20,2022-10-27,7,Repeat Loan,340.0,0.159624413145539,347.0,0
642,ID_268271285615251804,268271,Kenya,285615,251804,Type_6,2380.0,2428.0,2022-10-21,2022-10-28,7,Repeat Loan,380.0,0.159663865546218,388.0,0
643,ID_268271285615267278,268271,Kenya,285615,267278,Type_6,2380.0,2428.0,2022-10-21,2022-10-28,7,Repeat Loan,380.0,0.159663865546218,388.0,0
644,ID_270766285666267278,270766,Kenya,285666,267278,Type_5,20000.0,21100.0,2022-10-21,2022-11-04,14,Repeat Loan,2666.0,0.1333,2813.0,0
645,ID_270766285666251804,270766,Kenya,285666,251804,Type_5,20000.0,21100.0,2022-10-21,2022-11-04,14,Repeat Loan,2666.0,0.1333,2813.0,0
646,ID_248853285732267278,248853,Kenya,285732,267278,Type_6,7490.0,7640.0,2022-10-21,2022-10-28,7,Repeat Loan,1198.0,0.159946595460614,1222.0,0
647,ID_248853285732251804,248853,Kenya,285732,251804,Type_6,7490.0,7640.0,2022-10-21,2022-10-28,7,Repeat Loan,1198.0,0.159946595460614,1222.0,0
648,ID_248164285904267278,248164,Kenya,285904,267278,Type_5,19773.0,20862.0,2022-10-21,2022-11-04,14,Repeat Loan,2636.0,0.133313103727304,2781.0,0
649,ID_248164285904251804,248164,Kenya,285904,251804,Type_5,19773.0,20862.0,2022-10-21,2022-11-04,14,Repeat Loan,2636.0,0.133313103727304,2781.0,0
650,ID_271342285957267278,271342,Kenya,285957,267278,Type_6,7630.0,12421.0,2022-10-21,2022-10-28,7,Repeat Loan,1220.0,0.159895150720838,1986.0,1
651,ID_271342285957251804,271342,Kenya,285957,251804,Type_6,7630.0,12421.0,2022-10-21,2022-10-28,7,Repeat Loan,1220.0,0.159895150720838,1986.0,1
652,ID_266385286796251804,266385,Kenya,286796,251804,Type_6,8310.0,8477.0,2022-10-22,2022-10-29,7,Repeat Loan,1329.0,0.159927797833935,1356.0,0
653,ID_266385286796267278,266385,Kenya,286796,267278,Type_6,8310.0,8477.0,2022-10-22,2022-10-29,7,Repeat Loan,657.24,0.0790902527075812,670.0,0
654,ID_247107286912251804,247107,Kenya,286912,251804,Type_5,14500.0,15325.0,2022-10-24,2022-11-07,14,Repeat Loan,1933.0,0.133310344827586,2043.0,0
655,ID_247107286912267278,247107,Kenya,286912,267278,Type_5,14500.0,15325.0,2022-10-24,2022-11-07,14,Repeat Loan,1933.0,0.133310344827586,2043.0,0
656,ID_270684287155251804,270684,Kenya,287155,251804,Type_6,11145.0,11368.0,2022-10-24,2022-10-31,7,Repeat Loan,1783.0,0.159982054733064,1819.0,0
657,ID_270684287155267278,270684,Kenya,287155,267278,Type_6,11145.0,11368.0,2022-10-24,2022-10-31,7,Repeat Loan,1783.0,0.159982054733064,1819.0,0
658,ID_246550287665251804,246550,Kenya,287665,251804,Type_5,102000.0,107200.0,2022-10-24,2022-11-07,14,Repeat Loan,13600.0,0.133333333333333,14293.0,0
659,ID_246550287665267278,246550,Kenya,287665,267278,Type_5,102000.0,107200.0,2022-10-24,2022-11-07,14,Repeat Loan,13600.0,0.133333333333333,14293.0,0
660,ID_270942288469267278,270942,Kenya,288469,267278,Type_6,300.0,306.0,2022-10-26,2022-11-02,7,Repeat Loan,48.0,0.16,49.0,0
661,ID_270942288469251804,270942,Kenya,288469,251804,Type_6,300.0,306.0,2022-10-26,2022-11-02,7,Repeat Loan,48.0,0.16,49.0,0
662,ID_263012288483251804,263012,Kenya,288483,251804,Type_6,28560.0,29132.0,2022-10-26,2022-11-02,7,Repeat Loan,4569.0,0.159978991596638,4661.0,0
663,ID_263012288483267278,263012,Kenya,288483,267278,Type_6,28560.0,29132.0,2022-10-26,2022-11-02,7,Repeat Loan,4569.0,0.159978991596638,4661.0,0
664,ID_272397288576251804,272397,Kenya,288576,251804,Type_6,21840.0,22277.0,2022-10-26,2022-11-02,7,Repeat Loan,3494.0,0.159981684981684,3564.0,0
665,ID_272397288576267278,272397,Kenya,288576,267278,Type_6,21840.0,22277.0,2022-10-26,2022-11-02,7,Repeat Loan,3494.0,0.159981684981684,3564.0,0
666,ID_272658288728251804,272658,Kenya,288728,251804,Type_19,1542000.0,2374900.0,2022-10-27,2025-10-27,1096,Repeat Loan,250000.0,0.162127107652399,385040.0,0
667,ID_272658288728267278,272658,Kenya,288728,267278,Type_19,1542000.0,2374900.0,2022-10-27,2025-10-27,1096,Repeat Loan,250000.0,0.162127107652399,385040.0,0
668,ID_245220288758251804,245220,Kenya,288758,251804,Type_4,100000.0,110093.0,2022-10-26,2023-01-26,92,Repeat Loan,13333.0,0.13333,15345.0,1
669,ID_245220288758267278,245220,Kenya,288758,267278,Type_4,100000.0,110093.0,2022-10-26,2023-01-26,92,Repeat Loan,13333.0,0.13333,15345.0,1
670,ID_248641288895251804,248641,Kenya,288895,251804,Type_5,17500.0,18475.0,2022-10-27,2022-11-10,14,Repeat Loan,2333.0,0.133314285714285,2463.0,0
671,ID_248641288895267278,248641,Kenya,288895,267278,Type_5,17500.0,18475.0,2022-10-27,2022-11-10,14,Repeat Loan,2333.0,0.133314285714285,2463.0,0
672,ID_266663288908267278,266663,Kenya,288908,267278,Type_5,29000.0,30550.0,2022-10-27,2022-11-10,14,Repeat Loan,3866.0,0.133310344827586,4073.0,0
673,ID_266663288908251804,266663,Kenya,288908,251804,Type_5,29000.0,30550.0,2022-10-27,2022-11-10,14,Repeat Loan,3866.0,0.133310344827586,4073.0,0
674,ID_266990288909267278,266990,Kenya,288909,267278,Type_5,28000.0,29500.0,2022-10-27,2022-11-10,14,Repeat Loan,3733.0,0.133321428571428,3933.0,0
675,ID_266990288909251804,266990,Kenya,288909,251804,Type_5,28000.0,29500.0,2022-10-27,2022-11-10,14,Repeat Loan,3733.0,0.133321428571428,3933.0,0
676,ID_260906288915267278,260906,Kenya,288915,267278,Type_5,22900.0,24145.0,2022-10-27,2022-11-10,14,Repeat Loan,3053.0,0.133318777292576,3219.0,0
677,ID_260906288915251804,260906,Kenya,288915,251804,Type_5,22900.0,24145.0,2022-10-27,2022-11-10,14,Repeat Loan,3053.0,0.133318777292576,3219.0,0
678,ID_246989288949251804,246989,Kenya,288949,251804,Type_5,56000.0,58900.0,2022-10-27,2022-11-10,14,Repeat Loan,7466.0,0.133321428571428,7853.0,0
679,ID_246989288949267278,246989,Kenya,288949,267278,Type_5,56000.0,58900.0,2022-10-27,2022-11-10,14,Repeat Loan,7466.0,0.133321428571428,7853.0,0
680,ID_248649288974251804,248649,Kenya,288974,251804,Type_5,24000.0,25300.0,2022-10-27,2022-11-10,14,Repeat Loan,3200.0,0.133333333333333,3373.0,0
681,ID_248649288974267278,248649,Kenya,288974,267278,Type_5,24000.0,25300.0,2022-10-27,2022-11-10,14,Repeat Loan,3200.0,0.133333333333333,3373.0,0
682,ID_272190288993267278,272190,Kenya,288993,267278,Type_6,3230.0,3295.0,2022-10-27,2022-11-03,7,Repeat Loan,516.0,0.159752321981424,526.0,0
683,ID_272190288993251804,272190,Kenya,288993,251804,Type_6,3230.0,3295.0,2022-10-27,2022-11-03,7,Repeat Loan,516.0,0.159752321981424,526.0,0
684,ID_257779289067251804,257779,Kenya,289067,251804,Type_5,17000.0,17950.0,2022-10-27,2022-11-10,14,Repeat Loan,2266.0,0.133294117647058,2393.0,0
685,ID_257779289067267278,257779,Kenya,289067,267278,Type_5,17000.0,17950.0,2022-10-27,2022-11-10,14,Repeat Loan,2266.0,0.133294117647058,2393.0,0
686,ID_272372289157267278,272372,Kenya,289157,267278,Type_6,5225.0,5330.0,2022-10-27,2022-11-03,7,Repeat Loan,836.0,0.16,853.0,0
687,ID_272372289157251804,272372,Kenya,289157,251804,Type_6,5225.0,5330.0,2022-10-27,2022-11-03,7,Repeat Loan,836.0,0.16,853.0,0
688,ID_272678289279251804,272678,Kenya,289279,251804,Type_4,4000000.0,4600000.0,2022-10-28,2023-04-26,180,Repeat Loan,100000.0,0.025,115000.0,0
689,ID_272678289279267278,272678,Kenya,289279,267278,Type_4,4000000.0,4600000.0,2022-10-28,2023-04-26,180,Repeat Loan,850000.0,0.2125,977500.0,0
690,ID_238567289285267278,238567,Kenya,289285,267278,Type_4,300000.0,345000.0,2022-10-27,2023-01-27,92,Repeat Loan,40000.0,0.133333333333333,46000.0,0
691,ID_238567289285251804,238567,Kenya,289285,251804,Type_4,300000.0,345000.0,2022-10-27,2023-01-27,92,Repeat Loan,40000.0,0.133333333333333,46000.0,0
692,ID_269573289293251804,269573,Kenya,289293,251804,Type_4,50000.0,53500.0,2022-10-27,2022-11-26,30,Repeat Loan,6666.0,0.13332,7133.0,0
693,ID_269573289293267278,269573,Kenya,289293,267278,Type_4,50000.0,53500.0,2022-10-27,2022-11-26,30,Repeat Loan,6666.0,0.13332,7133.0,0
694,ID_257778289510267278,257778,Kenya,289510,267278,Type_5,45378.0,47746.9,2022-10-28,2022-11-11,14,Repeat Loan,6049.0,0.133302481378641,6365.0,0
695,ID_257778289510251804,257778,Kenya,289510,251804,Type_5,45378.0,47746.9,2022-10-28,2022-11-11,14,Repeat Loan,6049.0,0.133302481378641,6365.0,0
696,ID_272677289603267278,272677,Kenya,289603,267278,Type_4,50000.0,57500.0,2022-10-28,2023-01-28,92,Repeat Loan,841.67,0.0168334,968.0,0
697,ID_272677289603251804,272677,Kenya,289603,251804,Type_4,50000.0,57500.0,2022-10-28,2023-01-28,92,Repeat Loan,6666.0,0.13332,7666.0,0
698,ID_272002289631267278,272002,Kenya,289631,267278,Type_6,1940.0,1979.0,2022-10-28,2022-11-04,7,Repeat Loan,310.0,0.159793814432989,316.0,0
699,ID_272002289631251804,272002,Kenya,289631,251804,Type_6,1940.0,1979.0,2022-10-28,2022-11-04,7,New Loan,310.0,0.159793814432989,316.0,0
700,ID_244944289827267278,244944,Kenya,289827,267278,Type_5,14500.0,15325.0,2022-10-28,2022-11-11,14,Repeat Loan,109.6,0.0075586206896551,116.0,0
701,ID_244944289827251804,244944,Kenya,289827,251804,Type_5,14500.0,15325.0,2022-10-28,2022-11-11,14,Repeat Loan,1933.0,0.133310344827586,2043.0,0
702,ID_272225290062251804,272225,Kenya,290062,251804,Type_6,3760.0,3836.0,2022-10-29,2022-11-05,7,Repeat Loan,601.0,0.159840425531914,613.0,0
703,ID_272225290062267278,272225,Kenya,290062,267278,Type_6,3760.0,3836.0,2022-10-29,2022-11-05,7,Repeat Loan,601.0,0.159840425531914,613.0,0
704,ID_245766290082251804,245766,Kenya,290082,251804,Type_5,11000.0,11650.0,2022-10-29,2022-11-12,14,Repeat Loan,1466.0,0.133272727272727,1553.0,0
705,ID_245766290082267278,245766,Kenya,290082,267278,Type_5,11000.0,11650.0,2022-10-29,2022-11-12,14,Repeat Loan,1466.0,0.133272727272727,1553.0,0
706,ID_272388290370267278,272388,Kenya,290370,267278,Type_6,4080.0,4162.0,2022-10-29,2022-11-05,7,Repeat Loan,652.0,0.159803921568627,665.0,0
707,ID_272388290370251804,272388,Kenya,290370,251804,Type_6,4080.0,4162.0,2022-10-29,2022-11-05,7,Repeat Loan,652.0,0.159803921568627,665.0,0
708,ID_272470290802267278,272470,Kenya,290802,267278,Type_10,13256.0,13454.84,2022-10-29,2022-10-31,2,Repeat Loan,2120.0,0.159927579963789,2152.0,0
709,ID_272470290802251804,272470,Kenya,290802,251804,Type_10,13256.0,13454.84,2022-10-29,2022-10-31,2,Repeat Loan,2120.0,0.159927579963789,2152.0,0
710,ID_246305290924251804,246305,Kenya,290924,251804,Type_5,4000.0,4240.0,2022-10-31,2022-11-07,7,Repeat Loan,533.0,0.13325,565.0,0
711,ID_246305290924267278,246305,Kenya,290924,267278,Type_5,4000.0,4240.0,2022-10-31,2022-11-07,7,Repeat Loan,533.0,0.13325,565.0,0
712,ID_265128290941267278,265128,Kenya,290941,267278,Type_6,6850.0,6987.0,2022-10-31,2022-11-07,7,Repeat Loan,1096.0,0.16,1118.0,0
713,ID_265128290941251804,265128,Kenya,290941,251804,Type_6,6850.0,6987.0,2022-10-31,2022-11-07,7,Repeat Loan,1096.0,0.16,1118.0,0
714,ID_259205291973251804,259205,Kenya,291973,251804,Type_10,98512.6,99990.29,2022-11-01,2022-11-30,29,Repeat Loan,14423.33,0.146411017473906,14640.0,0
715,ID_259205291973267278,259205,Kenya,291973,267278,Type_10,98512.6,99990.29,2022-11-01,2022-11-30,29,Repeat Loan,11483.79,0.116571788786409,11656.0,0
716,ID_259835291974251804,259835,Kenya,291974,251804,Type_10,507873.3,515491.4,2022-11-01,2022-11-30,29,Repeat Loan,75157.0,0.147983758941452,76284.0,0
717,ID_259835291974267278,259835,Kenya,291974,267278,Type_10,507873.3,515491.4,2022-11-01,2022-11-30,29,Repeat Loan,64487.95,0.12697645259162,65455.0,0
718,ID_272470291979267278,272470,Kenya,291979,267278,Type_10,84913.83,86187.54,2022-11-01,2022-11-30,29,Repeat Loan,10695.0,0.125951214307492,10855.0,0
719,ID_272470291979251804,272470,Kenya,291979,251804,Type_10,84913.83,86187.54,2022-11-01,2022-11-30,29,Repeat Loan,8186.07,0.0964044372983764,8309.0,0
720,ID_261840292040267278,261840,Kenya,292040,267278,Type_10,370393.5,375949.4,2022-11-01,2022-11-30,29,Repeat Loan,42436.38,0.114571071036613,43073.0,0
721,ID_261840292040251804,261840,Kenya,292040,251804,Type_10,370393.5,375949.4,2022-11-01,2022-11-30,29,Repeat Loan,52261.0,0.141095888561759,53045.0,0
722,ID_261841292581267278,261841,Kenya,292581,267278,Type_10,188956.75,191791.1,2022-11-02,2022-11-30,28,Repeat Loan,24753.47,0.131000718418368,25125.0,0
723,ID_261841292581251804,261841,Kenya,292581,251804,Type_10,188956.75,191791.1,2022-11-02,2022-11-30,28,Repeat Loan,24447.0,0.129378812876491,24814.0,0
724,ID_252041292769267278,252041,Kenya,292769,267278,Type_10,47070.0,47776.05,2022-11-02,2022-11-30,28,Repeat Loan,5995.0,0.127363501168472,6085.0,0
725,ID_252041292769251804,252041,Kenya,292769,251804,Type_10,47070.0,47776.05,2022-11-02,2022-11-30,28,Repeat Loan,6716.0,0.142681113235606,6817.0,0
726,ID_267312292908267278,267312,Kenya,292908,267278,Type_10,68819.5,69851.79,2022-11-03,2022-11-30,27,Repeat Loan,9457.0,0.13741744708985,9599.0,0
727,ID_267312292908251804,267312,Kenya,292908,251804,Type_10,68819.5,69851.79,2022-11-03,2022-11-30,27,Repeat Loan,6083.0,0.0883906450933238,6174.0,0
728,ID_259843292909251804,259843,Kenya,292909,251804,Type_10,258900.4,262783.91,2022-11-03,2022-11-30,27,Repeat Loan,34394.0,0.132846453694161,34910.0,0
729,ID_259843292909267278,259843,Kenya,292909,267278,Type_10,258900.4,262783.91,2022-11-03,2022-11-30,27,Repeat Loan,32406.0,0.125167825155928,32892.0,0
730,ID_261839292910267278,261839,Kenya,292910,267278,Type_10,593156.0,602053.34,2022-11-03,2022-11-30,27,Repeat Loan,66820.0,0.11265164644714,67822.0,0
731,ID_261839292910251804,261839,Kenya,292910,251804,Type_10,593156.0,602053.34,2022-11-03,2022-11-30,27,Repeat Loan,77751.53,0.131081081536728,78918.0,0
732,ID_237235293387251804,237235,Kenya,293387,251804,Type_6,884.0,884.0,2022-11-03,2022-11-10,7,Repeat Loan,176.0,0.199095022624434,180.0,0
733,ID_237235293387267278,237235,Kenya,293387,267278,Type_6,884.0,884.0,2022-11-03,2022-11-10,7,Repeat Loan,176.0,0.199095022624434,180.0,0
734,ID_271319293425267278,271319,Kenya,293425,267278,Type_5,7500.0,7975.0,2022-11-04,2022-11-18,14,Repeat Loan,1200.0,0.16,1276.0,0
735,ID_271319293425251804,271319,Kenya,293425,251804,Type_5,7500.0,7975.0,2022-11-04,2022-11-18,14,Repeat Loan,1200.0,0.16,1276.0,0
736,ID_248455293489267278,248455,Kenya,293489,267278,Type_5,105000.0,110350.0,2022-11-04,2022-11-18,14,Repeat Loan,5684.38,0.0541369523809523,5974.0,0
737,ID_248455293489251804,248455,Kenya,293489,251804,Type_5,105000.0,110350.0,2022-11-04,2022-11-18,14,Repeat Loan,4622.8,0.0440266666666666,4858.0,0
738,ID_260632293727267278,260632,Kenya,293727,267278,Type_5,19000.0,20050.0,2022-11-04,2022-11-18,14,Repeat Loan,597.0,0.0314210526315789,630.0,0
739,ID_260632293727251804,260632,Kenya,293727,251804,Type_5,19000.0,20050.0,2022-11-04,2022-11-18,14,Repeat Loan,440.28,0.0231726315789473,465.0,0
740,ID_265573293966267278,265573,Kenya,293966,267278,Type_6,9760.0,9956.0,2022-11-04,2022-11-11,7,Repeat Loan,1952.0,0.2,1991.0,0
741,ID_265573293966251804,265573,Kenya,293966,251804,Type_6,9760.0,9956.0,2022-11-04,2022-11-11,7,Repeat Loan,1952.0,0.2,1991.0,0
742,ID_272397293992251804,272397,Kenya,293992,251804,Type_6,22400.0,22848.0,2022-11-04,2022-11-11,7,Repeat Loan,4480.0,0.2,4570.0,0
743,ID_272397293992267278,272397,Kenya,293992,267278,Type_6,22400.0,22848.0,2022-11-04,2022-11-11,7,Repeat Loan,4480.0,0.2,4570.0,0
744,ID_272225294041251804,272225,Kenya,294041,251804,Type_6,3710.0,3785.0,2022-11-05,2022-11-12,7,Repeat Loan,742.0,0.2,757.0,0
745,ID_272225294041267278,272225,Kenya,294041,267278,Type_6,3710.0,3785.0,2022-11-05,2022-11-12,7,Repeat Loan,742.0,0.2,757.0,0
746,ID_272004294048251804,272004,Kenya,294048,251804,Type_6,7690.0,8454.0,2022-11-05,2022-11-12,7,Repeat Loan,1538.0,0.2,1691.0,1
747,ID_272004294048267278,272004,Kenya,294048,267278,Type_6,7690.0,8454.0,2022-11-05,2022-11-12,7,Repeat Loan,1538.0,0.2,1691.0,1
748,ID_272002294062251804,272002,Kenya,294062,251804,Type_6,2290.0,2336.0,2022-11-05,2022-11-12,7,Repeat Loan,458.0,0.2,467.0,0
749,ID_272002294062267278,272002,Kenya,294062,267278,Type_6,2290.0,2336.0,2022-11-05,2022-11-12,7,Repeat Loan,458.0,0.2,467.0,0
750,ID_267928294111251804,267928,Kenya,294111,251804,Type_6,13710.0,13985.0,2022-11-05,2022-11-12,7,New Loan,2742.0,0.2,2797.0,0
751,ID_267928294111267278,267928,Kenya,294111,267278,Type_6,13710.0,13985.0,2022-11-05,2022-11-12,7,Repeat Loan,2742.0,0.2,2797.0,0
752,ID_255031294499251804,255031,Kenya,294499,251804,Type_6,1600.0,1632.0,2022-11-05,2022-11-12,7,Repeat Loan,320.0,0.2,326.0,0
753,ID_255031294499267278,255031,Kenya,294499,267278,Type_6,1600.0,1632.0,2022-11-05,2022-11-12,7,Repeat Loan,320.0,0.2,326.0,0
754,ID_259334294828267278,259334,Kenya,294828,267278,Type_10,79798.1,80995.07,2022-11-06,2022-11-30,24,Repeat Loan,12767.0,0.159991277987821,12959.0,0
755,ID_259334294828251804,259334,Kenya,294828,251804,Type_10,79798.1,80995.07,2022-11-06,2022-11-30,24,Repeat Loan,12767.0,0.159991277987821,12959.0,0
756,ID_272852294980267278,272852,Kenya,294980,267278,Type_4,7000.0,7490.0,2022-11-07,2022-12-07,30,Repeat Loan,1120.0,0.16,1198.0,0
757,ID_272852294980251804,272852,Kenya,294980,251804,Type_4,7000.0,7490.0,2022-11-07,2022-12-07,30,New Loan,1120.0,0.16,1198.0,0
758,ID_264463294981251804,264463,Kenya,294981,251804,Type_4,10000.0,10700.0,2022-11-07,2022-12-07,30,Repeat Loan,1600.0,0.16,1712.0,0
759,ID_264463294981267278,264463,Kenya,294981,267278,Type_4,10000.0,10700.0,2022-11-07,2022-12-07,30,Repeat Loan,1600.0,0.16,1712.0,0
760,ID_266663295758267278,266663,Kenya,295758,267278,Type_5,30000.0,31600.0,2022-11-08,2022-11-22,14,Repeat Loan,300.0,0.01,316.0,0
761,ID_266663295758251804,266663,Kenya,295758,251804,Type_5,30000.0,31600.0,2022-11-08,2022-11-22,14,Repeat Loan,4800.0,0.16,5056.0,0
762,ID_245748295766251804,245748,Kenya,295766,251804,Type_5,12000.0,12700.0,2022-11-08,2022-11-22,14,Repeat Loan,1920.0,0.16,2032.0,0
763,ID_245748295766267278,245748,Kenya,295766,267278,Type_5,12000.0,12700.0,2022-11-08,2022-11-22,14,Repeat Loan,1592.8,0.132733333333333,1686.0,0
764,ID_252778295775267278,252778,Kenya,295775,267278,Type_5,10280.0,10894.0,2022-11-08,2022-11-22,14,Repeat Loan,1138.97,0.110794747081712,1207.0,0
765,ID_252778295775251804,252778,Kenya,295775,251804,Type_5,10280.0,10894.0,2022-11-08,2022-11-22,14,Repeat Loan,1644.0,0.159922178988326,1742.0,0
766,ID_250584296072251804,250584,Kenya,296072,251804,Type_6,2000.0,2040.0,2022-11-09,2022-11-16,7,Repeat Loan,400.0,0.2,408.0,0
767,ID_250584296072267278,250584,Kenya,296072,267278,Type_6,2000.0,2040.0,2022-11-09,2022-11-16,7,Repeat Loan,400.0,0.2,408.0,0
768,ID_263133296117267278,263133,Kenya,296117,267278,Type_6,1880.0,1918.0,2022-11-09,2022-11-16,7,Repeat Loan,376.0,0.2,384.0,0
769,ID_263133296117251804,263133,Kenya,296117,251804,Type_6,1880.0,1918.0,2022-11-09,2022-11-16,7,Repeat Loan,376.0,0.2,384.0,0
770,ID_265128296132267278,265128,Kenya,296132,267278,Type_6,9540.0,9731.0,2022-11-09,2022-11-16,7,Repeat Loan,1908.0,0.2,1946.0,0
771,ID_265128296132251804,265128,Kenya,296132,251804,Type_6,9540.0,9731.0,2022-11-09,2022-11-16,7,Repeat Loan,1908.0,0.2,1946.0,0
772,ID_272743296412267278,272743,Kenya,296412,267278,Type_4,10000.0,10700.0,2022-11-09,2022-12-09,30,Repeat Loan,1600.0,0.16,1712.0,0
773,ID_272743296412251804,272743,Kenya,296412,251804,Type_4,10000.0,10700.0,2022-11-09,2022-12-09,30,Repeat Loan,1600.0,0.16,1712.0,0
774,ID_272902296417267278,272902,Kenya,296417,267278,Type_4,10000.0,10700.0,2022-11-09,2022-12-09,30,Repeat Loan,1600.0,0.16,1712.0,0
775,ID_272902296417251804,272902,Kenya,296417,251804,Type_4,10000.0,10700.0,2022-11-09,2022-12-09,30,Repeat Loan,1600.0,0.16,1712.0,0
776,ID_251364296583251804,251364,Kenya,296583,251804,Type_6,860.0,878.0,2022-11-09,2022-11-16,7,Repeat Loan,172.0,0.2,176.0,0
777,ID_251364296583267278,251364,Kenya,296583,267278,Type_6,860.0,878.0,2022-11-09,2022-11-16,7,Repeat Loan,172.0,0.2,176.0,0
778,ID_251105296664267278,251105,Kenya,296664,267278,Type_6,2395.0,2443.0,2022-11-10,2022-11-17,7,Repeat Loan,479.0,0.2,489.0,0
779,ID_251105296664251804,251105,Kenya,296664,251804,Type_6,2395.0,2443.0,2022-11-10,2022-11-17,7,Repeat Loan,479.0,0.2,489.0,0
780,ID_245204296793267278,245204,Kenya,296793,267278,Type_4,15000.0,16050.0,2022-11-10,2022-12-10,30,Repeat Loan,583.89,0.038926,625.0,0
781,ID_245204296793251804,245204,Kenya,296793,251804,Type_4,15000.0,16050.0,2022-11-10,2022-12-10,30,Repeat Loan,2400.0,0.16,2568.0,0
782,ID_270158296812267278,270158,Kenya,296812,267278,Type_6,2850.0,2907.0,2022-11-10,2022-11-17,7,Repeat Loan,570.0,0.2,581.0,0
783,ID_270158296812251804,270158,Kenya,296812,251804,Type_6,2850.0,2907.0,2022-11-10,2022-11-17,7,Repeat Loan,570.0,0.2,581.0,0
784,ID_267759297161267278,267759,Kenya,297161,267278,Type_6,600.0,612.0,2022-11-11,2022-11-18,7,Repeat Loan,120.0,0.2,122.0,0
785,ID_267759297161251804,267759,Kenya,297161,251804,Type_6,600.0,612.0,2022-11-11,2022-11-18,7,Repeat Loan,120.0,0.2,122.0,0
786,ID_257771297362267278,257771,Kenya,297362,267278,Type_5,6000.0,6400.0,2022-11-11,2022-11-25,14,Repeat Loan,960.0,0.16,1024.0,0
787,ID_257771297362251804,257771,Kenya,297362,251804,Type_5,6000.0,6400.0,2022-11-11,2022-11-25,14,Repeat Loan,960.0,0.16,1024.0,0
788,ID_270953297500267278,270953,Kenya,297500,267278,Type_6,8080.0,8242.0,2022-11-11,2022-11-18,7,Repeat Loan,1229.7,0.152190594059405,1254.0,0
789,ID_270953297500251804,270953,Kenya,297500,251804,Type_6,8080.0,8242.0,2022-11-11,2022-11-18,7,Repeat Loan,1616.0,0.2,1648.0,0
790,ID_245738297582267278,245738,Kenya,297582,267278,Type_5,18000.0,19000.0,2022-11-11,2022-11-25,14,Repeat Loan,322.02,0.01789,340.0,0
791,ID_245738297582251804,245738,Kenya,297582,251804,Type_5,18000.0,19000.0,2022-11-11,2022-11-25,14,Repeat Loan,2880.0,0.16,3040.0,0
792,ID_270903297610251804,270903,Kenya,297610,251804,Type_5,14830.0,15672.0,2022-11-11,2022-11-25,14,Repeat Loan,2372.0,0.159946055293324,2507.0,0
793,ID_270903297610267278,270903,Kenya,297610,267278,Type_5,14830.0,15672.0,2022-11-11,2022-11-25,14,Repeat Loan,518.08,0.0349345920431557,547.0,0
794,ID_271546297794251804,271546,Kenya,297794,251804,Type_5,15987.0,16887.0,2022-11-12,2022-11-26,14,Repeat Loan,2557.0,0.15994245324326,2701.0,0
795,ID_271546297794267278,271546,Kenya,297794,267278,Type_5,15987.0,16887.0,2022-11-12,2022-11-26,14,Repeat Loan,2557.0,0.15994245324326,2701.0,0
796,ID_248641297803267278,248641,Kenya,297803,267278,Type_5,23900.0,25195.0,2022-11-12,2022-11-26,14,Repeat Loan,3824.0,0.16,4031.0,0
797,ID_248641297803251804,248641,Kenya,297803,251804,Type_5,23900.0,25195.0,2022-11-12,2022-11-26,14,Repeat Loan,3824.0,0.16,4031.0,0
798,ID_249483297827251804,249483,Kenya,297827,251804,Type_5,45000.0,47350.0,2022-11-12,2022-11-26,14,Repeat Loan,7200.0,0.16,7576.0,0
799,ID_249483297827267278,249483,Kenya,297827,267278,Type_5,45000.0,47350.0,2022-11-12,2022-11-26,14,Repeat Loan,7200.0,0.16,7576.0,0
800,ID_271072298357251804,271072,Kenya,298357,251804,Type_6,8740.0,8915.0,2022-11-12,2022-11-19,7,Repeat Loan,1748.0,0.2,1783.0,0
801,ID_271072298357267278,271072,Kenya,298357,267278,Type_6,8740.0,8915.0,2022-11-12,2022-11-19,7,Repeat Loan,1748.0,0.2,1783.0,0
802,ID_246550298392267278,246550,Kenya,298392,267278,Type_5,103500.0,108775.0,2022-11-14,2022-11-28,14,Repeat Loan,13800.0,0.133333333333333,14503.0,0
803,ID_246550298392251804,246550,Kenya,298392,251804,Type_5,103500.0,108775.0,2022-11-14,2022-11-28,14,Repeat Loan,13800.0,0.133333333333333,14503.0,0
804,ID_266991298408267278,266991,Kenya,298408,267278,Type_5,13000.0,13750.0,2022-11-14,2022-11-28,14,Repeat Loan,1733.0,0.133307692307692,1833.0,0
805,ID_266991298408251804,266991,Kenya,298408,251804,Type_5,13000.0,13750.0,2022-11-14,2022-11-28,14,Repeat Loan,1733.0,0.133307692307692,1833.0,0
806,ID_249482298413251804,249482,Kenya,298413,251804,Type_5,27400.0,28870.0,2022-11-14,2022-11-28,14,Repeat Loan,4384.0,0.16,4619.0,0
807,ID_249482298413267278,249482,Kenya,298413,267278,Type_5,27400.0,28870.0,2022-11-14,2022-11-28,14,Repeat Loan,4384.0,0.16,4619.0,0
808,ID_271764298579267278,271764,Kenya,298579,267278,Type_5,14000.0,14800.0,2022-11-14,2022-11-28,14,Repeat Loan,1866.0,0.133285714285714,1973.0,0
809,ID_271764298579251804,271764,Kenya,298579,251804,Type_5,14000.0,14800.0,2022-11-14,2022-11-28,14,Repeat Loan,1866.0,0.133285714285714,1973.0,0
810,ID_268857298896251804,268857,Kenya,298896,251804,Type_6,4170.0,4254.0,2022-11-14,2022-11-21,7,Repeat Loan,667.0,0.159952038369304,680.0,0
811,ID_268857298896267278,268857,Kenya,298896,267278,Type_6,4170.0,4254.0,2022-11-14,2022-11-21,7,Repeat Loan,667.0,0.159952038369304,680.0,0
812,ID_267209298920267278,267209,Kenya,298920,267278,Type_4,10000.0,10700.0,2022-11-14,2022-12-14,30,Repeat Loan,1333.0,0.1333,1426.0,0
813,ID_267209298920251804,267209,Kenya,298920,251804,Type_4,10000.0,10700.0,2022-11-14,2022-12-14,30,Repeat Loan,1333.0,0.1333,1426.0,0
814,ID_264470299048267278,264470,Kenya,299048,267278,Type_5,25000.0,26350.0,2022-11-14,2022-11-28,14,Repeat Loan,2441.68,0.0976672,2574.0,0
815,ID_264470299048251804,264470,Kenya,299048,251804,Type_5,25000.0,26350.0,2022-11-14,2022-11-28,14,Repeat Loan,3333.0,0.13332,3513.0,0
816,ID_272531299084267278,272531,Kenya,299084,267278,Type_6,6960.0,7100.0,2022-11-15,2022-11-22,7,Repeat Loan,1113.0,0.159913793103448,1135.0,0
817,ID_272531299084251804,272531,Kenya,299084,251804,Type_6,6960.0,7100.0,2022-11-15,2022-11-22,7,Repeat Loan,1113.0,0.159913793103448,1135.0,0
818,ID_272738299101251804,272738,Kenya,299101,251804,Type_5,14500.0,15325.0,2022-11-15,2022-11-29,14,Repeat Loan,1933.0,0.133310344827586,2043.0,0
819,ID_272738299101267278,272738,Kenya,299101,267278,Type_5,14500.0,15325.0,2022-11-15,2022-11-29,14,Repeat Loan,1933.0,0.133310344827586,2043.0,0
820,ID_272225299115267278,272225,Kenya,299115,267278,Type_6,2580.0,2632.0,2022-11-15,2022-11-22,7,Repeat Loan,412.0,0.15968992248062,420.0,0
821,ID_272225299115251804,272225,Kenya,299115,251804,Type_6,2580.0,2632.0,2022-11-15,2022-11-22,7,Repeat Loan,412.0,0.15968992248062,420.0,0
822,ID_267344299209267278,267344,Kenya,299209,267278,Type_5,14500.0,15325.0,2022-11-15,2022-11-29,14,Repeat Loan,1933.0,0.133310344827586,2043.0,0
823,ID_267344299209251804,267344,Kenya,299209,251804,Type_5,14500.0,15325.0,2022-11-15,2022-11-29,14,Repeat Loan,1933.0,0.133310344827586,2043.0,0
824,ID_272698299277251804,272698,Kenya,299277,251804,Type_6,7650.0,7803.0,2022-11-15,2022-11-22,7,Repeat Loan,1224.0,0.16,1248.0,0
825,ID_272698299277267278,272698,Kenya,299277,267278,Type_6,7650.0,7803.0,2022-11-15,2022-11-22,7,Repeat Loan,949.54,0.124122875816993,969.0,0
826,ID_272416299306251804,272416,Kenya,299306,251804,Type_6,4080.0,4162.0,2022-11-15,2022-11-22,7,Repeat Loan,652.0,0.159803921568627,665.0,0
827,ID_272416299306267278,272416,Kenya,299306,267278,Type_6,4080.0,4162.0,2022-11-15,2022-11-22,7,Repeat Loan,275.03,0.0674093137254902,281.0,0
828,ID_272986299314251804,272986,Kenya,299314,251804,Type_5,4500.0,4825.0,2022-11-15,2022-11-29,14,New Loan,600.0,0.133333333333333,643.0,0
829,ID_272986299314267278,272986,Kenya,299314,267278,Type_5,4500.0,4825.0,2022-11-15,2022-11-29,14,Repeat Loan,600.0,0.133333333333333,643.0,0
830,ID_260906299855267278,260906,Kenya,299855,267278,Type_5,24000.0,25300.0,2022-11-16,2022-11-30,14,Repeat Loan,675.0,0.028125,712.0,0
831,ID_260906299855251804,260906,Kenya,299855,251804,Type_5,24000.0,25300.0,2022-11-16,2022-11-30,14,Repeat Loan,3200.0,0.133333333333333,3373.0,0
832,ID_266990299927251804,266990,Kenya,299927,251804,Type_5,27500.0,28975.0,2022-11-16,2022-11-30,14,Repeat Loan,3666.0,0.13330909090909,3863.0,0
833,ID_266990299927267278,266990,Kenya,299927,267278,Type_5,27500.0,28975.0,2022-11-16,2022-11-30,14,Repeat Loan,943.62,0.0343134545454545,994.0,0
834,ID_267163300124251804,267163,Kenya,300124,251804,Type_5,19978.0,21077.0,2022-11-17,2022-12-01,14,Repeat Loan,2663.0,0.133296626288917,2809.0,0
835,ID_267163300124267278,267163,Kenya,300124,267278,Type_5,19978.0,21077.0,2022-11-17,2022-12-01,14,Repeat Loan,2663.0,0.133296626288917,2809.0,0
836,ID_242121300524251804,242121,Kenya,300524,251804,Type_4,100000.0,104627.0,2022-11-17,2023-02-17,92,Repeat Loan,13333.0,0.13333,15150.0,1
837,ID_242121300524267278,242121,Kenya,300524,267278,Type_4,100000.0,104627.0,2022-11-17,2023-02-17,92,Repeat Loan,13333.0,0.13333,15150.0,1
838,ID_263858300534251804,263858,Kenya,300534,251804,Type_4,88000.0,101200.0,2022-11-17,2023-02-17,92,Repeat Loan,11733.0,0.133329545454545,13493.0,0
839,ID_263858300534267278,263858,Kenya,300534,267278,Type_4,88000.0,101200.0,2022-11-17,2023-02-17,92,Repeat Loan,10124.55,0.115051704545454,11643.0,0
840,ID_273008300536267278,273008,Kenya,300536,267278,Type_4,87000.0,100049.0,2022-11-17,2023-02-17,92,New Loan,1152.11,0.0132426436781609,1325.0,0
841,ID_273008300536251804,273008,Kenya,300536,251804,Type_4,87000.0,100049.0,2022-11-17,2023-02-17,92,Repeat Loan,11600.0,0.133333333333333,13340.0,0
842,ID_267681300624251804,267681,Kenya,300624,251804,Type_5,8000.0,8380.0,2022-11-17,2022-11-24,7,Repeat Loan,1066.0,0.13325,1117.0,0
843,ID_267681300624267278,267681,Kenya,300624,267278,Type_5,8000.0,8380.0,2022-11-17,2022-11-24,7,Repeat Loan,1066.0,0.13325,1117.0,0
844,ID_266663300625251804,266663,Kenya,300625,251804,Type_5,31200.0,32860.0,2022-11-17,2022-12-01,14,Repeat Loan,4160.0,0.133333333333333,4381.0,0
845,ID_266663300625267278,266663,Kenya,300625,267278,Type_5,31200.0,32860.0,2022-11-17,2022-12-01,14,Repeat Loan,4160.0,0.133333333333333,4381.0,0
846,ID_270904300650267278,270904,Kenya,300650,267278,Type_5,7000.0,7450.0,2022-11-18,2022-12-02,14,Repeat Loan,933.0,0.133285714285714,993.0,0
847,ID_270904300650251804,270904,Kenya,300650,251804,Type_5,7000.0,7450.0,2022-11-18,2022-12-02,14,Repeat Loan,933.0,0.133285714285714,993.0,0
848,ID_260868300699267278,260868,Kenya,300699,267278,Type_5,8500.0,9025.0,2022-11-18,2022-12-02,14,Repeat Loan,1133.0,0.133294117647058,1203.0,0
849,ID_260868300699251804,260868,Kenya,300699,251804,Type_5,8500.0,9025.0,2022-11-18,2022-12-02,14,Repeat Loan,1133.0,0.133294117647058,1203.0,0
850,ID_263133300920251804,263133,Kenya,300920,251804,Type_6,2040.0,2081.0,2022-11-18,2022-11-25,7,Repeat Loan,326.0,0.159803921568627,333.0,0
851,ID_263133300920267278,263133,Kenya,300920,267278,Type_6,2040.0,2081.0,2022-11-18,2022-11-25,7,Repeat Loan,326.0,0.159803921568627,333.0,0
852,ID_272190301124251804,272190,Kenya,301124,251804,Type_6,1680.0,1714.0,2022-11-18,2022-11-25,7,Repeat Loan,268.0,0.159523809523809,273.0,0
853,ID_272190301124267278,272190,Kenya,301124,267278,Type_6,1680.0,1714.0,2022-11-18,2022-11-25,7,Repeat Loan,268.0,0.159523809523809,273.0,0
854,ID_272990301177251804,272990,Kenya,301177,251804,Type_5,12000.0,12700.0,2022-11-19,2022-12-03,14,Repeat Loan,1600.0,0.133333333333333,1693.0,0
855,ID_272990301177267278,272990,Kenya,301177,267278,Type_5,12000.0,12700.0,2022-11-19,2022-12-03,14,Repeat Loan,1600.0,0.133333333333333,1693.0,0
856,ID_257778301190267278,257778,Kenya,301190,267278,Type_5,45403.0,47774.0,2022-11-19,2022-12-03,14,Repeat Loan,6053.0,0.133317181684029,6369.0,0
857,ID_257778301190251804,257778,Kenya,301190,251804,Type_5,45403.0,47774.0,2022-11-19,2022-12-03,14,Repeat Loan,6053.0,0.133317181684029,6369.0,0
858,ID_267928301234267278,267928,Kenya,301234,267278,Type_6,9970.0,10170.0,2022-11-19,2022-11-26,7,Repeat Loan,1595.0,0.159979939819458,1627.0,0
859,ID_267928301234251804,267928,Kenya,301234,251804,Type_6,9970.0,10170.0,2022-11-19,2022-11-26,7,Repeat Loan,1595.0,0.159979939819458,1627.0,0
860,ID_272609301346251804,272609,Kenya,301346,251804,Type_5,16596.0,17526.0,2022-11-19,2022-12-03,14,Repeat Loan,2212.0,0.133285128946734,2336.0,0
861,ID_272609301346267278,272609,Kenya,301346,267278,Type_5,16596.0,17526.0,2022-11-19,2022-12-03,14,Repeat Loan,1655.43,0.0997487346348517,1748.0,0
862,ID_245108301761251804,245108,Kenya,301761,251804,Type_6,5390.0,7280.0,2022-11-19,2022-11-26,7,Repeat Loan,862.0,0.159925788497217,1164.0,1
863,ID_245108301761267278,245108,Kenya,301761,267278,Type_6,5390.0,7280.0,2022-11-19,2022-11-26,7,Repeat Loan,862.0,0.159925788497217,1164.0,1
864,ID_272220301826251804,272220,Kenya,301826,251804,Type_6,16040.0,16361.0,2022-11-21,2022-11-28,7,Repeat Loan,2566.0,0.159975062344139,2617.0,0
865,ID_272220301826267278,272220,Kenya,301826,267278,Type_6,16040.0,16361.0,2022-11-21,2022-11-28,7,Repeat Loan,2566.0,0.159975062344139,2617.0,0
866,ID_257771301827251804,257771,Kenya,301827,251804,Type_5,6500.0,6925.0,2022-11-21,2022-12-05,14,Repeat Loan,866.0,0.133230769230769,923.0,0
867,ID_257771301827267278,257771,Kenya,301827,267278,Type_5,6500.0,6925.0,2022-11-21,2022-12-05,14,Repeat Loan,866.0,0.133230769230769,923.0,0
868,ID_270766301840267278,270766,Kenya,301840,267278,Type_5,20000.0,21100.0,2022-11-21,2022-12-05,14,Repeat Loan,2666.0,0.1333,2813.0,0
869,ID_270766301840251804,270766,Kenya,301840,251804,Type_5,20000.0,21100.0,2022-11-21,2022-12-05,14,Repeat Loan,2666.0,0.1333,2813.0,0
870,ID_245766301846267278,245766,Kenya,301846,267278,Type_5,17563.0,18542.0,2022-11-21,2022-12-05,14,Repeat Loan,2341.0,0.133291578887433,2471.0,0
871,ID_245766301846251804,245766,Kenya,301846,251804,Type_5,17563.0,18542.0,2022-11-21,2022-12-05,14,Repeat Loan,2341.0,0.133291578887433,2471.0,0
872,ID_248455301953251804,248455,Kenya,301953,251804,Type_5,105000.0,110350.0,2022-11-21,2022-12-05,14,Repeat Loan,14000.0,0.133333333333333,14713.0,0
873,ID_248455301953267278,248455,Kenya,301953,267278,Type_5,105000.0,110350.0,2022-11-21,2022-12-05,14,Repeat Loan,14000.0,0.133333333333333,14713.0,0
874,ID_271281302073251804,271281,Kenya,302073,251804,Type_6,11150.0,11373.0,2022-11-21,2022-11-28,7,Repeat Loan,2230.0,0.2,2275.0,0
875,ID_271281302073267278,271281,Kenya,302073,267278,Type_6,11150.0,11373.0,2022-11-21,2022-11-28,7,Repeat Loan,2230.0,0.2,2275.0,0
876,ID_272698302207251804,272698,Kenya,302207,251804,Type_6,5310.0,5417.0,2022-11-21,2022-11-28,7,Repeat Loan,1062.0,0.2,1083.0,0
877,ID_272698302207267278,272698,Kenya,302207,267278,Type_6,5310.0,5417.0,2022-11-21,2022-11-28,7,Repeat Loan,207.0,0.0389830508474576,211.0,0
878,ID_246989302483267278,246989,Kenya,302483,267278,Type_5,48000.0,50500.0,2022-11-22,2022-12-06,14,Repeat Loan,6400.0,0.133333333333333,6733.0,0
879,ID_246989302483251804,246989,Kenya,302483,251804,Type_5,48000.0,50500.0,2022-11-22,2022-12-06,14,Repeat Loan,6400.0,0.133333333333333,6733.0,0
880,ID_260906302484251804,260906,Kenya,302484,251804,Type_5,23050.0,24303.0,2022-11-22,2022-12-06,14,Repeat Loan,3073.0,0.133318872017353,3240.0,0
881,ID_260906302484267278,260906,Kenya,302484,267278,Type_5,23050.0,24303.0,2022-11-22,2022-12-06,14,Repeat Loan,3073.0,0.133318872017353,3240.0,0
882,ID_263083302560251804,263083,Kenya,302560,251804,Type_4,50000.0,53061.0,2022-11-22,2023-01-22,61,Repeat Loan,6666.0,0.13332,7474.0,1
883,ID_263083302560267278,263083,Kenya,302560,267278,Type_4,50000.0,53061.0,2022-11-22,2023-01-22,61,Repeat Loan,6666.0,0.13332,7474.0,1
884,ID_271036302826251804,271036,Kenya,302826,251804,Type_6,4827.0,4924.0,2022-11-22,2022-11-29,7,Repeat Loan,772.0,0.159933706235757,788.0,0
885,ID_271036302826267278,271036,Kenya,302826,267278,Type_6,4827.0,4924.0,2022-11-22,2022-11-29,7,Repeat Loan,368.89,0.0764222084110213,376.0,0
886,ID_248456302996251804,248456,Kenya,302996,251804,Type_5,72000.0,79725.0,2022-11-23,2022-12-07,14,Repeat Loan,9600.0,0.133333333333333,10630.0,1
887,ID_248456302996267278,248456,Kenya,302996,267278,Type_5,72000.0,79725.0,2022-11-23,2022-12-07,14,Repeat Loan,9600.0,0.133333333333333,10630.0,1
888,ID_257780303096251804,257780,Kenya,303096,251804,Type_5,17000.0,17950.0,2022-11-23,2022-12-07,14,Repeat Loan,2266.0,0.133294117647058,2393.0,0
889,ID_257780303096267278,257780,Kenya,303096,267278,Type_5,17000.0,17950.0,2022-11-23,2022-12-07,14,Repeat Loan,2266.0,0.133294117647058,2393.0,0
890,ID_268862303264251804,268862,Kenya,303264,251804,Type_5,12500.0,13225.0,2022-11-23,2022-12-07,14,Repeat Loan,1666.0,0.13328,1763.0,0
891,ID_268862303264267278,268862,Kenya,303264,267278,Type_5,12500.0,13225.0,2022-11-23,2022-12-07,14,Repeat Loan,1666.0,0.13328,1763.0,0
892,ID_247838303324267278,247838,Kenya,303324,267278,Type_5,19000.0,20050.0,2022-11-23,2022-12-07,14,Repeat Loan,2533.0,0.133315789473684,2673.0,0
893,ID_247838303324251804,247838,Kenya,303324,251804,Type_5,19000.0,20050.0,2022-11-23,2022-12-07,14,Repeat Loan,2533.0,0.133315789473684,2673.0,0
894,ID_245673303448251804,245673,Kenya,303448,251804,Type_5,26200.0,27610.0,2022-11-24,2022-12-08,14,Repeat Loan,3493.0,0.133320610687022,3681.0,0
895,ID_245673303448267278,245673,Kenya,303448,267278,Type_5,26200.0,27610.0,2022-11-24,2022-12-08,14,Repeat Loan,3493.0,0.133320610687022,3681.0,0
896,ID_256578303466267278,256578,Kenya,303466,267278,Type_5,25000.0,26350.0,2022-11-24,2022-12-08,14,Repeat Loan,3333.0,0.13332,3513.0,0
897,ID_256578303466251804,256578,Kenya,303466,251804,Type_5,25000.0,26350.0,2022-11-24,2022-12-08,14,Repeat Loan,3333.0,0.13332,3513.0,0
898,ID_249307303476251804,249307,Kenya,303476,251804,Type_5,22000.0,23200.0,2022-11-24,2022-12-08,14,Repeat Loan,2933.0,0.133318181818181,3093.0,0
899,ID_249307303476267278,249307,Kenya,303476,267278,Type_5,22000.0,23200.0,2022-11-24,2022-12-08,14,Repeat Loan,2933.0,0.133318181818181,3093.0,0
900,ID_237235303546251804,237235,Kenya,303546,251804,Type_6,1395.0,1395.0,2022-11-24,2022-12-01,7,Repeat Loan,223.0,0.159856630824372,227.0,0
901,ID_237235303546267278,237235,Kenya,303546,267278,Type_6,1395.0,1395.0,2022-11-24,2022-12-01,7,Repeat Loan,223.0,0.159856630824372,227.0,0
902,ID_272586303760267278,272586,Kenya,303760,267278,Type_4,9000.0,9630.0,2022-11-24,2022-12-24,30,Repeat Loan,1200.0,0.133333333333333,1284.0,0
903,ID_272586303760251804,272586,Kenya,303760,251804,Type_4,9000.0,9630.0,2022-11-24,2022-12-24,30,Repeat Loan,1200.0,0.133333333333333,1284.0,0
904,ID_271895303762251804,271895,Kenya,303762,251804,Type_4,14000.0,14980.0,2022-11-24,2022-12-24,30,Repeat Loan,1866.0,0.133285714285714,1997.0,0
905,ID_271895303762267278,271895,Kenya,303762,267278,Type_4,14000.0,14980.0,2022-11-24,2022-12-24,30,Repeat Loan,1866.0,0.133285714285714,1997.0,0
906,ID_272514303887251804,272514,Kenya,303887,251804,Type_6,850.0,867.0,2022-11-24,2022-12-01,7,New Loan,136.0,0.16,139.0,0
907,ID_272514303887267278,272514,Kenya,303887,267278,Type_6,850.0,867.0,2022-11-24,2022-12-01,7,Repeat Loan,136.0,0.16,139.0,0
908,ID_272225303911251804,272225,Kenya,303911,251804,Type_6,2090.0,2132.0,2022-11-25,2022-12-02,7,Repeat Loan,334.0,0.159808612440191,341.0,0
909,ID_272225303911267278,272225,Kenya,303911,267278,Type_6,2090.0,2132.0,2022-11-25,2022-12-02,7,Repeat Loan,334.0,0.159808612440191,341.0,0
910,ID_263030303922267278,263030,Kenya,303922,267278,Type_6,4200.0,4284.0,2022-11-25,2022-12-02,7,Repeat Loan,672.0,0.16,685.0,0
911,ID_263030303922251804,263030,Kenya,303922,251804,Type_6,4200.0,4284.0,2022-11-25,2022-12-02,7,Repeat Loan,672.0,0.16,685.0,0
912,ID_245757303932251804,245757,Kenya,303932,251804,Type_5,6500.0,6925.0,2022-11-25,2022-12-09,14,Repeat Loan,866.0,0.133230769230769,923.0,0
913,ID_245757303932267278,245757,Kenya,303932,267278,Type_5,6500.0,6925.0,2022-11-25,2022-12-09,14,Repeat Loan,866.0,0.133230769230769,923.0,0
914,ID_249306304446267278,249306,Kenya,304446,267278,Type_5,19450.0,20523.0,2022-11-26,2022-12-10,14,Repeat Loan,2593.0,0.13331619537275,2736.0,0
915,ID_249306304446251804,249306,Kenya,304446,251804,Type_5,19450.0,20523.0,2022-11-26,2022-12-10,14,Repeat Loan,2593.0,0.13331619537275,2736.0,0
916,ID_272531304463251804,272531,Kenya,304463,251804,Type_6,6810.0,6947.0,2022-11-26,2022-12-03,7,Repeat Loan,1089.0,0.159911894273127,1111.0,0
917,ID_272531304463267278,272531,Kenya,304463,267278,Type_6,6810.0,6947.0,2022-11-26,2022-12-03,7,Repeat Loan,1089.0,0.159911894273127,1111.0,0
918,ID_272388304734267278,272388,Kenya,304734,267278,Type_6,5600.0,5712.0,2022-11-26,2022-12-03,7,Repeat Loan,896.0,0.16,914.0,0
919,ID_272388304734251804,272388,Kenya,304734,251804,Type_6,5600.0,5712.0,2022-11-26,2022-12-03,7,Repeat Loan,896.0,0.16,914.0,0
920,ID_271546305131251804,271546,Kenya,305131,251804,Type_5,13500.0,14275.0,2022-11-26,2022-12-10,14,Repeat Loan,1800.0,0.133333333333333,1903.0,0
921,ID_271546305131267278,271546,Kenya,305131,267278,Type_5,13500.0,14275.0,2022-11-26,2022-12-10,14,Repeat Loan,1800.0,0.133333333333333,1903.0,0
922,ID_245748305155251804,245748,Kenya,305155,251804,Type_5,13100.0,24772.0,2022-11-28,2022-12-12,14,Repeat Loan,1746.0,0.133282442748091,3302.0,1
923,ID_245748305155267278,245748,Kenya,305155,267278,Type_5,13100.0,24772.0,2022-11-28,2022-12-12,14,Repeat Loan,1746.0,0.133282442748091,3302.0,1
924,ID_249482305157251804,249482,Kenya,305157,251804,Type_5,28500.0,30025.0,2022-11-28,2022-12-12,14,Repeat Loan,3800.0,0.133333333333333,4003.0,0
925,ID_249482305157267278,249482,Kenya,305157,267278,Type_5,28500.0,30025.0,2022-11-28,2022-12-12,14,Repeat Loan,3800.0,0.133333333333333,4003.0,0
926,ID_267928305291251804,267928,Kenya,305291,251804,Type_6,13640.0,13913.0,2022-11-28,2022-12-05,7,Repeat Loan,2182.0,0.159970674486803,2226.0,0
927,ID_267928305291267278,267928,Kenya,305291,267278,Type_6,13640.0,13913.0,2022-11-28,2022-12-05,7,Repeat Loan,2182.0,0.159970674486803,2226.0,0
928,ID_271072305381251804,271072,Kenya,305381,251804,Type_6,8270.0,8436.0,2022-11-28,2022-12-05,7,Repeat Loan,1323.0,0.159975816203143,1350.0,0
929,ID_271072305381267278,271072,Kenya,305381,267278,Type_6,8270.0,8436.0,2022-11-28,2022-12-05,7,Repeat Loan,1323.0,0.159975816203143,1350.0,0
930,ID_244946305753267278,244946,Kenya,305753,267278,Type_5,27000.0,28450.0,2022-11-29,2022-12-13,14,Repeat Loan,3600.0,0.133333333333333,3793.0,0
931,ID_244946305753251804,244946,Kenya,305753,251804,Type_5,27000.0,28450.0,2022-11-29,2022-12-13,14,Repeat Loan,3600.0,0.133333333333333,3793.0,0
932,ID_239890305792267278,239890,Kenya,305792,267278,Type_4,50000.0,55059.0,2022-11-29,2023-02-28,91,Repeat Loan,6666.0,0.13332,7674.0,1
933,ID_239890305792251804,239890,Kenya,305792,251804,Type_4,50000.0,55059.0,2022-11-29,2023-02-28,91,Repeat Loan,6666.0,0.13332,7674.0,1
934,ID_257777305826267278,257777,Kenya,305826,267278,Type_5,16900.0,17845.0,2022-11-29,2022-12-13,14,Repeat Loan,2253.0,0.133313609467455,2379.0,0
935,ID_257777305826251804,257777,Kenya,305826,251804,Type_5,16900.0,17845.0,2022-11-29,2022-12-13,14,Repeat Loan,2253.0,0.133313609467455,2379.0,0
936,ID_251355305828251804,251355,Kenya,305828,251804,Type_5,22500.0,23725.0,2022-11-29,2022-12-13,14,Repeat Loan,3000.0,0.133333333333333,3163.0,0
937,ID_251355305828267278,251355,Kenya,305828,267278,Type_5,22500.0,23725.0,2022-11-29,2022-12-13,14,Repeat Loan,3000.0,0.133333333333333,3163.0,0
938,ID_270684305838267278,270684,Kenya,305838,267278,Type_6,20420.0,20829.0,2022-11-29,2022-12-06,7,Repeat Loan,3267.0,0.159990205680705,3332.0,0
939,ID_270684305838251804,270684,Kenya,305838,251804,Type_6,20420.0,20829.0,2022-11-29,2022-12-06,7,Repeat Loan,3267.0,0.159990205680705,3332.0,0
940,ID_270766305964267278,270766,Kenya,305964,267278,Type_5,28400.0,29920.0,2022-11-30,2022-12-14,14,Repeat Loan,3786.0,0.133309859154929,3989.0,0
941,ID_270766305964251804,270766,Kenya,305964,251804,Type_5,28400.0,29920.0,2022-11-30,2022-12-14,14,Repeat Loan,3786.0,0.133309859154929,3989.0,0
942,ID_252778305965251804,252778,Kenya,305965,251804,Type_5,10500.0,11125.0,2022-11-30,2022-12-14,14,Repeat Loan,1400.0,0.133333333333333,1483.0,0
943,ID_252778305965267278,252778,Kenya,305965,267278,Type_5,10500.0,11125.0,2022-11-30,2022-12-14,14,Repeat Loan,1400.0,0.133333333333333,1483.0,0
944,ID_270903305967251804,270903,Kenya,305967,251804,Type_5,15520.0,16396.0,2022-11-30,2022-12-14,14,Repeat Loan,2069.0,0.133311855670103,2186.0,0
945,ID_270903305967267278,270903,Kenya,305967,267278,Type_5,15520.0,16396.0,2022-11-30,2022-12-14,14,Repeat Loan,2069.0,0.133311855670103,2186.0,0
946,ID_247550305968267278,247550,Kenya,305968,267278,Type_4,260000.0,299000.0,2022-11-30,2023-03-01,91,Repeat Loan,34666.0,0.133330769230769,39866.0,0
947,ID_247550305968251804,247550,Kenya,305968,251804,Type_4,260000.0,299000.0,2022-11-30,2023-03-01,91,Repeat Loan,34666.0,0.133330769230769,39866.0,0
948,ID_272524305969251804,272524,Kenya,305969,251804,Type_6,4180.0,4264.0,2022-11-30,2022-12-07,7,Repeat Loan,668.0,0.159808612440191,681.0,0
949,ID_272524305969267278,272524,Kenya,305969,267278,Type_6,4180.0,4264.0,2022-11-30,2022-12-07,7,Repeat Loan,668.0,0.159808612440191,681.0,0
950,ID_272609305970251804,272609,Kenya,305970,251804,Type_5,20000.0,21100.0,2022-11-30,2022-12-14,14,Repeat Loan,2666.0,0.1333,2813.0,0
951,ID_272609305970267278,272609,Kenya,305970,267278,Type_5,20000.0,21100.0,2022-11-30,2022-12-14,14,Repeat Loan,2666.0,0.1333,2813.0,0
952,ID_238806305971267278,238806,Kenya,305971,267278,Type_4,20000.0,21400.0,2022-11-30,2022-12-30,30,Repeat Loan,2666.0,0.1333,2853.0,0
953,ID_238806305971251804,238806,Kenya,305971,251804,Type_4,20000.0,21400.0,2022-11-30,2022-12-30,30,Repeat Loan,2666.0,0.1333,2853.0,0
954,ID_244760305973267278,244760,Kenya,305973,267278,Type_4,13500.0,14445.0,2022-11-30,2022-12-30,30,Repeat Loan,1800.0,0.133333333333333,1926.0,0
955,ID_244760305973251804,244760,Kenya,305973,251804,Type_4,13500.0,14445.0,2022-11-30,2022-12-30,30,Repeat Loan,1800.0,0.133333333333333,1926.0,0
956,ID_272661305974251804,272661,Kenya,305974,251804,Type_6,4640.0,4733.0,2022-11-30,2022-12-07,7,Repeat Loan,742.0,0.159913793103448,757.0,0
957,ID_272661305974267278,272661,Kenya,305974,267278,Type_6,4640.0,4733.0,2022-11-30,2022-12-07,7,Repeat Loan,742.0,0.159913793103448,757.0,0
958,ID_245537305983267278,245537,Kenya,305983,267278,Type_5,12000.0,12521.0,2022-12-01,2022-12-08,7,Repeat Loan,1600.0,0.133333333333333,1669.0,0
959,ID_245537305983251804,245537,Kenya,305983,251804,Type_5,12000.0,12521.0,2022-12-01,2022-12-08,7,Repeat Loan,1600.0,0.133333333333333,1669.0,0
960,ID_250359305985251804,250359,Kenya,305985,251804,Type_5,27500.0,28975.0,2022-12-01,2022-12-15,14,Repeat Loan,3666.0,0.13330909090909,3863.0,0
961,ID_250359305985267278,250359,Kenya,305985,267278,Type_5,27500.0,28975.0,2022-12-01,2022-12-15,14,Repeat Loan,3666.0,0.13330909090909,3863.0,0
962,ID_271361305986251804,271361,Kenya,305986,251804,Type_6,923.0,942.0,2022-12-01,2022-12-08,7,Repeat Loan,147.0,0.159263271939328,150.0,0
963,ID_271361305986267278,271361,Kenya,305986,267278,Type_6,923.0,942.0,2022-12-01,2022-12-08,7,Repeat Loan,147.0,0.159263271939328,150.0,0
964,ID_272416305987251804,272416,Kenya,305987,251804,Type_6,4050.0,4131.0,2022-12-01,2022-12-08,7,Repeat Loan,648.0,0.16,661.0,0
965,ID_272416305987267278,272416,Kenya,305987,267278,Type_6,4050.0,4131.0,2022-12-01,2022-12-08,7,Repeat Loan,648.0,0.16,661.0,0
966,ID_238655305989267278,238655,Kenya,305989,267278,Type_4,16000.0,24744.0,2022-12-01,2023-01-01,31,Repeat Loan,2133.0,0.1333125,3299.0,1
967,ID_238655305989251804,238655,Kenya,305989,251804,Type_4,16000.0,24744.0,2022-12-01,2023-01-01,31,Repeat Loan,2133.0,0.1333125,3299.0,1
968,ID_259835305994251804,259835,Kenya,305994,251804,Type_10,687207.42,697959.61,2022-12-02,2023-01-16,45,Repeat Loan,101955.0,0.148361320080042,103550.0,0
969,ID_259835305994267278,259835,Kenya,305994,267278,Type_10,687207.42,697959.61,2022-12-02,2023-01-16,45,Repeat Loan,111890.0,0.162818381675797,113641.0,0
970,ID_248649305997251804,248649,Kenya,305997,251804,Type_5,26000.0,27400.0,2022-12-02,2022-12-16,14,Repeat Loan,3466.0,0.133307692307692,3653.0,0
971,ID_248649305997267278,248649,Kenya,305997,267278,Type_5,26000.0,27400.0,2022-12-02,2022-12-16,14,Repeat Loan,3466.0,0.133307692307692,3653.0,0
972,ID_271816305998267278,271816,Kenya,305998,267278,Type_10,85589.41,86873.25,2022-12-02,2022-12-31,29,Repeat Loan,14138.0,0.165183987131118,14350.0,0
973,ID_271816305998251804,271816,Kenya,305998,251804,Type_10,85589.41,86873.25,2022-12-02,2022-12-31,29,Repeat Loan,11892.0,0.138942422900216,12070.0,0
974,ID_267312305999267278,267312,Kenya,305999,267278,Type_10,101347.0,104670.37,2022-12-02,2022-12-31,29,Repeat Loan,16535.0,0.163152338007045,17077.0,0
975,ID_267312305999251804,267312,Kenya,305999,251804,Type_10,101347.0,104670.37,2022-12-02,2022-12-31,29,Repeat Loan,14914.0,0.147157784640887,15403.0,0
976,ID_259843306000267278,259843,Kenya,306000,267278,Type_10,285803.0,290090.05,2022-12-02,2022-12-31,29,Repeat Loan,48521.0,0.169770786170893,49249.0,0
977,ID_259843306000251804,259843,Kenya,306000,251804,Type_10,285803.0,290090.05,2022-12-02,2022-12-31,29,Repeat Loan,34547.0,0.120876967701528,35065.0,0
978,ID_270904306005267278,270904,Kenya,306005,267278,Type_5,7000.0,7450.0,2022-12-02,2022-12-16,14,Repeat Loan,933.0,0.133285714285714,993.0,0
979,ID_270904306005251804,270904,Kenya,306005,251804,Type_5,7000.0,7450.0,2022-12-02,2022-12-16,14,Repeat Loan,933.0,0.133285714285714,993.0,0
980,ID_268722306006267278,268722,Kenya,306006,267278,Type_6,41190.0,42014.0,2022-12-02,2022-12-09,7,Repeat Loan,6590.0,0.159990288905074,6722.0,0
981,ID_268722306006251804,268722,Kenya,306006,251804,Type_6,41190.0,42014.0,2022-12-02,2022-12-09,7,Repeat Loan,6590.0,0.159990288905074,6722.0,0
982,ID_260447306010251804,260447,Kenya,306010,251804,Type_5,5000.0,5350.0,2022-12-03,2022-12-17,14,Repeat Loan,666.0,0.1332,713.0,0
983,ID_260447306010267278,260447,Kenya,306010,267278,Type_5,5000.0,5350.0,2022-12-03,2022-12-17,14,New Loan,666.0,0.1332,713.0,0
984,ID_34823306012251804,34823,Kenya,306012,251804,Type_5,60000.0,63100.0,2022-12-03,2022-12-17,14,Repeat Loan,8000.0,0.133333333333333,8413.0,0
985,ID_34823306012267278,34823,Kenya,306012,267278,Type_5,60000.0,63100.0,2022-12-03,2022-12-17,14,Repeat Loan,8000.0,0.133333333333333,8413.0,0
986,ID_245738306013267278,245738,Kenya,306013,267278,Type_5,13500.0,14275.0,2022-12-03,2022-12-17,14,Repeat Loan,1800.0,0.133333333333333,1903.0,0
987,ID_245738306013251804,245738,Kenya,306013,251804,Type_5,13500.0,14275.0,2022-12-03,2022-12-17,14,Repeat Loan,1800.0,0.133333333333333,1903.0,0
988,ID_270158306014267278,270158,Kenya,306014,267278,Type_6,3000.0,3060.0,2022-12-03,2022-12-10,7,Repeat Loan,480.0,0.16,490.0,0
989,ID_270158306014251804,270158,Kenya,306014,251804,Type_6,3000.0,3060.0,2022-12-03,2022-12-10,7,Repeat Loan,480.0,0.16,490.0,0
990,ID_263030306015267278,263030,Kenya,306015,267278,Type_6,4010.0,4091.0,2022-12-03,2022-12-10,7,Repeat Loan,641.0,0.159850374064837,654.0,0
991,ID_263030306015251804,263030,Kenya,306015,251804,Type_6,4010.0,4091.0,2022-12-03,2022-12-10,7,Repeat Loan,641.0,0.159850374064837,654.0,0
992,ID_272218306020267278,272218,Kenya,306020,267278,Type_6,8020.0,8181.0,2022-12-05,2022-12-12,7,Repeat Loan,1283.0,0.159975062344139,1309.0,0
993,ID_272218306020251804,272218,Kenya,306020,251804,Type_6,8020.0,8181.0,2022-12-05,2022-12-12,7,Repeat Loan,1283.0,0.159975062344139,1309.0,0
994,ID_272220306021267278,272220,Kenya,306021,267278,Type_6,12030.0,12271.0,2022-12-05,2022-12-12,7,Repeat Loan,1924.0,0.159933499584372,1963.0,0
995,ID_272220306021251804,272220,Kenya,306021,251804,Type_6,12030.0,12271.0,2022-12-05,2022-12-12,7,Repeat Loan,1924.0,0.159933499584372,1963.0,0
996,ID_266991306022251804,266991,Kenya,306022,251804,Type_5,13000.0,13750.0,2022-12-05,2022-12-19,14,Repeat Loan,1733.0,0.133307692307692,1833.0,0
997,ID_266991306022267278,266991,Kenya,306022,267278,Type_5,13000.0,13750.0,2022-12-05,2022-12-19,14,Repeat Loan,1733.0,0.133307692307692,1833.0,0
998,ID_272990306024267278,272990,Kenya,306024,267278,Type_5,17310.0,18276.0,2022-12-05,2022-12-19,14,Repeat Loan,2308.0,0.133333333333333,2437.0,0
999,ID_272990306024251804,272990,Kenya,306024,251804,Type_5,17310.0,18276.0,2022-12-05,2022-12-19,14,Repeat Loan,2308.0,0.133333333333333,2437.0,0
1000,ID_246550306026251804,246550,Kenya,306026,251804,Type_5,106630.0,112062.0,2022-12-05,2022-12-19,14,Repeat Loan,14217.0,0.133330207258745,14941.0,0
1001,ID_246550306026267278,246550,Kenya,306026,267278,Type_5,106630.0,112062.0,2022-12-05,2022-12-19,14,Repeat Loan,14217.0,0.133330207258745,14941.0,0
1002,ID_241289306032267278,241289,Kenya,306032,267278,Type_4,40000.0,42800.0,2022-12-05,2023-01-05,31,Repeat Loan,5333.0,0.133325,5706.0,0
1003,ID_241289306032251804,241289,Kenya,306032,251804,Type_4,40000.0,42800.0,2022-12-05,2023-01-05,31,Repeat Loan,5333.0,0.133325,5706.0,0
1004,ID_246898306034251804,246898,Kenya,306034,251804,Type_5,5500.0,5875.0,2022-12-05,2022-12-19,14,Repeat Loan,733.0,0.133272727272727,783.0,0
1005,ID_246898306034267278,246898,Kenya,306034,267278,Type_5,5500.0,5875.0,2022-12-05,2022-12-19,14,Repeat Loan,733.0,0.133272727272727,783.0,0
1006,ID_248164306035251804,248164,Kenya,306035,251804,Type_5,14500.0,15325.0,2022-12-05,2022-12-19,14,Repeat Loan,1933.0,0.133310344827586,2043.0,0
1007,ID_248164306035267278,248164,Kenya,306035,267278,Type_5,14500.0,15325.0,2022-12-05,2022-12-19,14,Repeat Loan,1933.0,0.133310344827586,2043.0,0
1008,ID_269326306036251804,269326,Kenya,306036,251804,Type_5,29000.0,30550.0,2022-12-05,2022-12-19,14,Repeat Loan,3866.0,0.133310344827586,4073.0,0
1009,ID_269326306036267278,269326,Kenya,306036,267278,Type_5,29000.0,30550.0,2022-12-05,2022-12-19,14,Repeat Loan,3866.0,0.133310344827586,4073.0,0
1010,ID_272350306037251804,272350,Kenya,306037,251804,Type_6,2250.0,2295.0,2022-12-05,2022-12-12,7,Repeat Loan,360.0,0.16,367.0,0
1011,ID_272350306037267278,272350,Kenya,306037,267278,Type_6,2250.0,2295.0,2022-12-05,2022-12-12,7,Repeat Loan,360.0,0.16,367.0,0
1012,ID_271072306038251804,271072,Kenya,306038,251804,Type_6,8430.0,8599.0,2022-12-05,2022-12-12,7,Repeat Loan,1348.0,0.159905100830367,1375.0,0
1013,ID_271072306038267278,271072,Kenya,306038,267278,Type_6,8430.0,8599.0,2022-12-05,2022-12-12,7,Repeat Loan,1348.0,0.159905100830367,1375.0,0
1014,ID_271057306039267278,271057,Kenya,306039,267278,Type_6,2110.0,2153.0,2022-12-05,2022-12-12,7,Repeat Loan,337.0,0.159715639810426,344.0,0
1015,ID_271057306039251804,271057,Kenya,306039,251804,Type_6,2110.0,2153.0,2022-12-05,2022-12-12,7,Repeat Loan,337.0,0.159715639810426,344.0,0
1016,ID_264470306040267278,264470,Kenya,306040,267278,Type_5,26190.0,49206.0,2022-12-05,2022-12-19,14,Repeat Loan,3492.0,0.133333333333333,6561.0,1
1017,ID_264470306040251804,264470,Kenya,306040,251804,Type_5,26190.0,49206.0,2022-12-05,2022-12-19,14,Repeat Loan,3492.0,0.133333333333333,6561.0,1
1018,ID_272738306042267278,272738,Kenya,306042,267278,Type_5,14500.0,15325.0,2022-12-06,2022-12-20,14,Repeat Loan,1933.0,0.133310344827586,2043.0,0
1019,ID_272738306042251804,272738,Kenya,306042,251804,Type_5,14500.0,15325.0,2022-12-06,2022-12-20,14,Repeat Loan,1933.0,0.133310344827586,2043.0,0
1020,ID_248455306043251804,248455,Kenya,306043,251804,Type_5,105000.0,110350.0,2022-12-06,2022-12-20,14,Repeat Loan,14000.0,0.133333333333333,14713.0,0
1021,ID_248455306043267278,248455,Kenya,306043,267278,Type_5,105000.0,110350.0,2022-12-06,2022-12-20,14,Repeat Loan,14000.0,0.133333333333333,14713.0,0
1022,ID_246989306044251804,246989,Kenya,306044,251804,Type_5,44000.0,46300.0,2022-12-06,2022-12-20,14,Repeat Loan,5866.0,0.133318181818181,6173.0,0
1023,ID_246989306044267278,246989,Kenya,306044,267278,Type_5,44000.0,46300.0,2022-12-06,2022-12-20,14,Repeat Loan,5866.0,0.133318181818181,6173.0,0
1024,ID_271930306045267278,271930,Kenya,306045,267278,Type_10,42049.77,42680.52,2022-12-06,2022-12-31,25,Repeat Loan,6725.0,0.159929531124664,6826.0,0
1025,ID_271930306045251804,271930,Kenya,306045,251804,Type_10,42049.77,42680.52,2022-12-06,2022-12-31,25,Repeat Loan,6725.0,0.159929531124664,6826.0,0
1026,ID_257778306048251804,257778,Kenya,306048,251804,Type_5,46290.0,48705.0,2022-12-06,2022-12-20,14,Repeat Loan,6172.0,0.133333333333333,6494.0,0
1027,ID_257778306048267278,257778,Kenya,306048,267278,Type_5,46290.0,48705.0,2022-12-06,2022-12-20,14,Repeat Loan,6172.0,0.133333333333333,6494.0,0
1028,ID_259334306050251804,259334,Kenya,306050,251804,Type_10,67159.6,68166.99,2022-12-06,2022-12-31,25,Repeat Loan,10744.0,0.15997712910738,10905.0,0
1029,ID_259334306050267278,259334,Kenya,306050,267278,Type_10,67159.6,68166.99,2022-12-06,2022-12-31,25,Repeat Loan,10744.0,0.15997712910738,10905.0,0
1030,ID_261840306054267278,261840,Kenya,306054,267278,Type_10,356340.0,361685.1,2022-12-06,2022-12-31,25,Repeat Loan,57007.0,0.159979233316495,57862.0,0
1031,ID_261840306054251804,261840,Kenya,306054,251804,Type_10,356340.0,361685.1,2022-12-06,2022-12-31,25,Repeat Loan,54684.48,0.153461525509345,55505.0,0
1032,ID_247107306056267278,247107,Kenya,306056,267278,Type_5,16500.0,31110.0,2022-12-06,2022-12-20,14,Repeat Loan,2200.0,0.133333333333333,4148.0,1
1033,ID_247107306056251804,247107,Kenya,306056,251804,Type_5,16500.0,31110.0,2022-12-06,2022-12-20,14,Repeat Loan,2200.0,0.133333333333333,4148.0,1
1034,ID_271361306058251804,271361,Kenya,306058,251804,Type_6,765.0,781.0,2022-12-07,2022-12-14,7,Repeat Loan,122.0,0.159477124183006,125.0,0
1035,ID_271361306058267278,271361,Kenya,306058,267278,Type_6,765.0,781.0,2022-12-07,2022-12-14,7,Repeat Loan,122.0,0.159477124183006,125.0,0
1036,ID_272416306059251804,272416,Kenya,306059,251804,Type_6,3000.0,3060.0,2022-12-07,2022-12-14,7,Repeat Loan,480.0,0.16,490.0,0
1037,ID_272416306059267278,272416,Kenya,306059,267278,Type_6,3000.0,3060.0,2022-12-07,2022-12-14,7,Repeat Loan,480.0,0.16,490.0,0
1038,ID_257777306061251804,257777,Kenya,306061,251804,Type_5,17000.0,17950.0,2022-12-07,2022-12-21,14,Repeat Loan,2266.0,0.133294117647058,2393.0,0
1039,ID_257777306061267278,257777,Kenya,306061,267278,Type_5,17000.0,17950.0,2022-12-07,2022-12-21,14,Repeat Loan,2266.0,0.133294117647058,2393.0,0
1040,ID_272412306062251804,272412,Kenya,306062,251804,Type_4,10000.0,10700.0,2022-12-07,2023-01-07,31,Repeat Loan,1333.0,0.1333,1426.0,0
1041,ID_272412306062267278,272412,Kenya,306062,267278,Type_4,10000.0,10700.0,2022-12-07,2023-01-07,31,Repeat Loan,1333.0,0.1333,1426.0,0
1042,ID_273039306063251804,273039,Kenya,306063,251804,Type_5,4500.0,4825.0,2022-12-08,2022-12-22,14,Repeat Loan,600.0,0.133333333333333,643.0,0
1043,ID_273039306063267278,273039,Kenya,306063,267278,Type_5,4500.0,4825.0,2022-12-08,2022-12-22,14,Repeat Loan,600.0,0.133333333333333,643.0,0
1044,ID_256578306064251804,256578,Kenya,306064,251804,Type_5,25890.0,28851.0,2022-12-08,2022-12-22,14,Repeat Loan,3452.0,0.133333333333333,4114.0,0
1045,ID_256578306064267278,256578,Kenya,306064,267278,Type_5,25890.0,28851.0,2022-12-08,2022-12-22,14,Repeat Loan,3452.0,0.133333333333333,4114.0,0
1046,ID_244509306068251804,244509,Kenya,306068,251804,Type_4,10000.0,10700.0,2022-12-08,2023-01-08,31,Repeat Loan,1333.0,0.1333,1426.0,0
1047,ID_244509306068267278,244509,Kenya,306068,267278,Type_4,10000.0,10700.0,2022-12-08,2023-01-08,31,Repeat Loan,1333.0,0.1333,1426.0,0
1048,ID_244944306073267278,244944,Kenya,306073,267278,Type_5,18300.0,19315.0,2022-12-09,2022-12-23,14,Repeat Loan,2440.0,0.133333333333333,2575.0,0
1049,ID_244944306073251804,244944,Kenya,306073,251804,Type_5,18300.0,19315.0,2022-12-09,2022-12-23,14,Repeat Loan,2440.0,0.133333333333333,2575.0,0
1050,ID_245757306077267278,245757,Kenya,306077,267278,Type_5,7000.0,7450.0,2022-12-09,2022-12-23,14,Repeat Loan,933.0,0.133285714285714,993.0,0
1051,ID_245757306077251804,245757,Kenya,306077,251804,Type_5,7000.0,7450.0,2022-12-09,2022-12-23,14,Repeat Loan,933.0,0.133285714285714,993.0,0
1052,ID_249309306078251804,249309,Kenya,306078,251804,Type_5,32480.0,60955.0,2022-12-09,2022-12-23,14,Repeat Loan,4330.0,0.133312807881773,8126.0,1
1053,ID_249309306078267278,249309,Kenya,306078,267278,Type_5,32480.0,60955.0,2022-12-09,2022-12-23,14,Repeat Loan,4330.0,0.133312807881773,8126.0,1
1054,ID_264463306079251804,264463,Kenya,306079,251804,Type_4,12000.0,12840.0,2022-12-13,2023-01-12,30,Repeat Loan,1600.0,0.133333333333333,1712.0,0
1055,ID_264463306079267278,264463,Kenya,306079,267278,Type_4,12000.0,12840.0,2022-12-13,2023-01-12,30,Repeat Loan,1600.0,0.133333333333333,1712.0,0
1056,ID_266647306080267278,266647,Kenya,306080,267278,Type_4,2000000.0,2377832.0,2022-12-09,2023-09-05,270,Repeat Loan,250000.0,0.125,297229.0,0
1057,ID_266647306080251804,266647,Kenya,306080,251804,Type_4,2000000.0,2377832.0,2022-12-09,2023-09-05,270,Repeat Loan,250000.0,0.125,297229.0,0
1058,ID_261841306083267278,261841,Kenya,306083,267278,Type_10,154390.0,156705.85,2022-12-10,2022-12-31,21,Repeat Loan,26370.0,0.170801217695446,26766.0,0
1059,ID_261841306083251804,261841,Kenya,306083,251804,Type_10,154390.0,156705.85,2022-12-10,2022-12-31,21,Repeat Loan,18016.0,0.116691495563184,18286.0,0
1060,ID_261839306084267278,261839,Kenya,306084,267278,Type_10,490334.0,497689.01,2022-12-10,2022-12-31,21,Repeat Loan,78450.0,0.159992984373916,79627.0,0
1061,ID_261839306084251804,261839,Kenya,306084,251804,Type_10,490334.0,497689.01,2022-12-10,2022-12-31,21,Repeat Loan,78280.4,0.159647097692593,79455.0,0
1062,ID_246202306089251804,246202,Kenya,306089,251804,Type_5,26500.0,27925.0,2022-12-12,2022-12-26,14,Repeat Loan,3533.0,0.133320754716981,3723.0,0
1063,ID_246202306089267278,246202,Kenya,306089,267278,Type_5,26500.0,27925.0,2022-12-12,2022-12-26,14,Repeat Loan,3533.0,0.133320754716981,3723.0,0
1064,ID_248684306091267278,248684,Kenya,306091,267278,Type_5,35100.0,65860.0,2022-12-12,2022-12-26,14,Repeat Loan,4680.0,0.133333333333333,8781.0,1
1065,ID_248684306091251804,248684,Kenya,306091,251804,Type_5,35100.0,65860.0,2022-12-12,2022-12-26,14,Repeat Loan,4680.0,0.133333333333333,8781.0,1
1066,ID_257779306094267278,257779,Kenya,306094,267278,Type_5,10500.0,11125.0,2022-12-12,2022-12-26,14,Repeat Loan,1400.0,0.133333333333333,1483.0,0
1067,ID_257779306094251804,257779,Kenya,306094,251804,Type_5,10500.0,11125.0,2022-12-12,2022-12-26,14,Repeat Loan,1400.0,0.133333333333333,1483.0,0
1068,ID_257777306095251804,257777,Kenya,306095,251804,Type_5,16000.0,16900.0,2022-12-13,2022-12-27,14,Repeat Loan,2133.0,0.1333125,2253.0,0
1069,ID_257777306095267278,257777,Kenya,306095,267278,Type_5,16000.0,16900.0,2022-12-13,2022-12-27,14,Repeat Loan,2133.0,0.1333125,2253.0,0
1070,ID_246989306096267278,246989,Kenya,306096,267278,Type_5,44000.0,46300.0,2022-12-13,2022-12-27,14,Repeat Loan,5866.0,0.133318181818181,6173.0,0
1071,ID_246989306096251804,246989,Kenya,306096,251804,Type_5,44000.0,46300.0,2022-12-13,2022-12-27,14,Repeat Loan,5866.0,0.133318181818181,6173.0,0
1072,ID_272683306105267278,272683,Kenya,306105,267278,Type_4,15000.0,16050.0,2022-12-13,2023-01-12,30,Repeat Loan,2000.0,0.133333333333333,2140.0,0
1073,ID_272683306105251804,272683,Kenya,306105,251804,Type_4,15000.0,16050.0,2022-12-13,2023-01-12,30,Repeat Loan,2000.0,0.133333333333333,2140.0,0
1074,ID_251355306107267278,251355,Kenya,306107,267278,Type_5,19000.0,20050.0,2022-12-13,2022-12-27,14,Repeat Loan,2533.0,0.133315789473684,2673.0,0
1075,ID_251355306107251804,251355,Kenya,306107,251804,Type_5,19000.0,20050.0,2022-12-13,2022-12-27,14,Repeat Loan,2533.0,0.133315789473684,2673.0,0
1076,ID_272609306110267278,272609,Kenya,306110,267278,Type_5,28300.0,29815.0,2022-12-13,2022-12-27,14,Repeat Loan,3773.0,0.133321554770318,3975.0,0
1077,ID_272609306110251804,272609,Kenya,306110,251804,Type_5,28300.0,29815.0,2022-12-13,2022-12-27,14,Repeat Loan,3773.0,0.133321554770318,3975.0,0
1078,ID_272836306114251804,272836,Kenya,306114,251804,Type_5,10030.0,14374.0,2022-12-14,2022-12-28,14,Repeat Loan,1337.0,0.133300099700897,1916.0,1
1079,ID_272836306114267278,272836,Kenya,306114,267278,Type_5,10030.0,14374.0,2022-12-14,2022-12-28,14,Repeat Loan,1337.0,0.133300099700897,1916.0,1
1080,ID_249306306116267278,249306,Kenya,306116,267278,Type_5,20300.0,21415.0,2022-12-14,2022-12-28,14,Repeat Loan,2706.0,0.133300492610837,2855.0,0
1081,ID_249306306116251804,249306,Kenya,306116,251804,Type_5,20300.0,21415.0,2022-12-14,2022-12-28,14,Repeat Loan,2706.0,0.133300492610837,2855.0,0
1082,ID_273234306126251804,273234,Kenya,306126,251804,Type_5,7800.0,8290.0,2022-12-15,2022-12-29,14,New Loan,1040.0,0.133333333333333,1105.0,0
1083,ID_273234306126267278,273234,Kenya,306126,267278,Type_5,7800.0,8290.0,2022-12-15,2022-12-29,14,Repeat Loan,1040.0,0.133333333333333,1105.0,0
1084,ID_271072306129251804,271072,Kenya,306129,251804,Type_6,8430.0,8599.0,2022-12-15,2022-12-22,7,Repeat Loan,1348.0,0.159905100830367,1375.0,0
1085,ID_271072306129267278,271072,Kenya,306129,267278,Type_6,8430.0,8599.0,2022-12-15,2022-12-22,7,Repeat Loan,1348.0,0.159905100830367,1375.0,0
1086,ID_273189306133251804,273189,Kenya,306133,251804,Type_4,20000.0,21400.0,2022-12-15,2023-01-14,30,Repeat Loan,2666.0,0.1333,2853.0,0
1087,ID_273189306133267278,273189,Kenya,306133,267278,Type_4,20000.0,21400.0,2022-12-15,2023-01-14,30,Repeat Loan,2666.0,0.1333,2853.0,0
1088,ID_248649306134267278,248649,Kenya,306134,267278,Type_5,13000.0,13750.0,2022-12-16,2022-12-30,14,Repeat Loan,1733.0,0.133307692307692,1833.0,0
1089,ID_248649306134251804,248649,Kenya,306134,251804,Type_5,13000.0,13750.0,2022-12-16,2022-12-30,14,Repeat Loan,1733.0,0.133307692307692,1833.0,0
1090,ID_245766306135251804,245766,Kenya,306135,251804,Type_5,11000.0,11650.0,2022-12-16,2022-12-30,14,Repeat Loan,1466.0,0.133272727272727,1553.0,0
1091,ID_245766306135267278,245766,Kenya,306135,267278,Type_5,11000.0,11650.0,2022-12-16,2022-12-30,14,Repeat Loan,1466.0,0.133272727272727,1553.0,0
1092,ID_272410306139267278,272410,Kenya,306139,267278,Type_4,30000.0,37816.0,2022-12-16,2023-02-16,62,Repeat Loan,4000.0,0.133333333333333,5042.0,1
1093,ID_272410306139251804,272410,Kenya,306139,251804,Type_4,30000.0,37816.0,2022-12-16,2023-02-16,62,Repeat Loan,4000.0,0.133333333333333,5042.0,1
1094,ID_267209306141267278,267209,Kenya,306141,267278,Type_4,9000.0,9630.0,2022-12-16,2023-01-16,31,Repeat Loan,1200.0,0.133333333333333,1284.0,0
1095,ID_267209306141251804,267209,Kenya,306141,251804,Type_4,9000.0,9630.0,2022-12-16,2023-01-16,31,Repeat Loan,1200.0,0.133333333333333,1284.0,0
1096,ID_244219306142267278,244219,Kenya,306142,267278,Type_4,100000.0,110093.0,2022-12-16,2023-03-16,90,Repeat Loan,13333.0,0.13333,15345.0,1
1097,ID_244219306142251804,244219,Kenya,306142,251804,Type_4,100000.0,110093.0,2022-12-16,2023-03-16,90,Repeat Loan,13333.0,0.13333,15345.0,1
1098,ID_240269306143251804,240269,Kenya,306143,251804,Type_4,20000.0,21400.0,2022-12-16,2023-01-16,31,Repeat Loan,2666.0,0.1333,2853.0,0
1099,ID_240269306143267278,240269,Kenya,306143,267278,Type_4,20000.0,21400.0,2022-12-16,2023-01-16,31,Repeat Loan,2666.0,0.1333,2853.0,0
1100,ID_260784306144267278,260784,Kenya,306144,267278,Type_5,15000.0,15850.0,2022-12-16,2022-12-30,14,Repeat Loan,2000.0,0.133333333333333,2113.0,0
1101,ID_260784306144251804,260784,Kenya,306144,251804,Type_5,15000.0,15850.0,2022-12-16,2022-12-30,14,Repeat Loan,2000.0,0.133333333333333,2113.0,0
1102,ID_238342306145251804,238342,Kenya,306145,251804,Type_4,50000.0,57500.0,2022-12-16,2023-03-16,90,Repeat Loan,6666.0,0.13332,7666.0,0
1103,ID_238342306145267278,238342,Kenya,306145,267278,Type_4,50000.0,57500.0,2022-12-16,2023-03-16,90,Repeat Loan,6666.0,0.13332,7666.0,0
1104,ID_240565306146267278,240565,Kenya,306146,267278,Type_4,100000.0,112000.0,2022-12-16,2023-02-16,62,Repeat Loan,13333.0,0.13333,14933.0,0
1105,ID_240565306146251804,240565,Kenya,306146,251804,Type_4,100000.0,112000.0,2022-12-16,2023-02-16,62,Repeat Loan,13333.0,0.13333,14933.0,0
1106,ID_239266306147251804,239266,Kenya,306147,251804,Type_4,99000.0,108900.0,2022-12-16,2023-03-16,90,Repeat Loan,13200.0,0.133333333333333,15180.0,0
1107,ID_239266306147267278,239266,Kenya,306147,267278,Type_4,99000.0,108900.0,2022-12-16,2023-03-16,90,Repeat Loan,13200.0,0.133333333333333,15180.0,0
1108,ID_245537306149267278,245537,Kenya,306149,267278,Type_5,15000.0,15850.0,2022-12-16,2022-12-30,14,Repeat Loan,2000.0,0.133333333333333,2113.0,0
1109,ID_245537306149251804,245537,Kenya,306149,251804,Type_5,15000.0,15850.0,2022-12-16,2022-12-30,14,Repeat Loan,2000.0,0.133333333333333,2113.0,0
1110,ID_270568306151267278,270568,Kenya,306151,267278,Type_6,7870.0,8028.0,2022-12-16,2022-12-23,7,Repeat Loan,1259.0,0.15997458703939,1284.0,0
1111,ID_270568306151251804,270568,Kenya,306151,251804,Type_6,7870.0,8028.0,2022-12-16,2022-12-23,7,Repeat Loan,1259.0,0.15997458703939,1284.0,0
1112,ID_250359306153251804,250359,Kenya,306153,251804,Type_5,23500.0,24775.0,2022-12-17,2022-12-31,14,Repeat Loan,3133.0,0.13331914893617,3303.0,0
1113,ID_250359306153267278,250359,Kenya,306153,267278,Type_5,23500.0,24775.0,2022-12-17,2022-12-31,14,Repeat Loan,3133.0,0.13331914893617,3303.0,0
1114,ID_256582306156267278,256582,Kenya,306156,267278,Type_5,24200.0,45494.0,2022-12-17,2022-12-31,14,Repeat Loan,3226.0,0.133305785123966,6065.0,1
1115,ID_256582306156251804,256582,Kenya,306156,251804,Type_5,24200.0,45494.0,2022-12-17,2022-12-31,14,Repeat Loan,3226.0,0.133305785123966,6065.0,1
1116,ID_247952306158267278,247952,Kenya,306158,267278,Type_5,15000.0,15850.0,2022-12-18,2023-01-01,14,Repeat Loan,2000.0,0.133333333333333,2113.0,0
1117,ID_247952306158251804,247952,Kenya,306158,251804,Type_5,15000.0,15850.0,2022-12-18,2023-01-01,14,Repeat Loan,2000.0,0.133333333333333,2113.0,0
1118,ID_260906306159267278,260906,Kenya,306159,267278,Type_5,25400.0,26770.0,2022-12-18,2023-01-01,14,Repeat Loan,3386.0,0.133307086614173,3569.0,0
1119,ID_260906306159251804,260906,Kenya,306159,251804,Type_5,25400.0,26770.0,2022-12-18,2023-01-01,14,Repeat Loan,3386.0,0.133307086614173,3569.0,0
1120,ID_270766306161267278,270766,Kenya,306161,267278,Type_5,20500.0,21625.0,2022-12-19,2023-01-02,14,Repeat Loan,2733.0,0.133317073170731,2883.0,0
1121,ID_270766306161251804,270766,Kenya,306161,251804,Type_5,20500.0,21625.0,2022-12-19,2023-01-02,14,Repeat Loan,2733.0,0.133317073170731,2883.0,0
1122,ID_270904306162267278,270904,Kenya,306162,267278,Type_5,7200.0,7660.0,2022-12-19,2023-01-02,14,Repeat Loan,960.0,0.133333333333333,1021.0,0
1123,ID_270904306162251804,270904,Kenya,306162,251804,Type_5,7200.0,7660.0,2022-12-19,2023-01-02,14,Repeat Loan,960.0,0.133333333333333,1021.0,0
1124,ID_272852306165267278,272852,Kenya,306165,267278,Type_4,3000.0,3210.0,2022-12-19,2023-01-19,31,Repeat Loan,400.0,0.133333333333333,428.0,0
1125,ID_272852306165251804,272852,Kenya,306165,251804,Type_4,3000.0,3210.0,2022-12-19,2023-01-19,31,Repeat Loan,400.0,0.133333333333333,428.0,0
1126,ID_238927306166267278,238927,Kenya,306166,267278,Type_4,18000.0,19260.0,2022-12-19,2023-01-19,31,Repeat Loan,2400.0,0.133333333333333,2568.0,0
1127,ID_238927306166251804,238927,Kenya,306166,251804,Type_4,18000.0,19260.0,2022-12-19,2023-01-19,31,Repeat Loan,2400.0,0.133333333333333,2568.0,0
1128,ID_244944306168267278,244944,Kenya,306168,267278,Type_5,17800.0,18790.0,2022-12-20,2023-01-03,14,Repeat Loan,2373.0,0.133314606741573,2505.0,0
1129,ID_244944306168251804,244944,Kenya,306168,251804,Type_5,17800.0,18790.0,2022-12-20,2023-01-03,14,Repeat Loan,2373.0,0.133314606741573,2505.0,0
1130,ID_245738306170251804,245738,Kenya,306170,251804,Type_5,18000.0,19000.0,2022-12-20,2023-01-03,14,Repeat Loan,2400.0,0.133333333333333,2533.0,0
1131,ID_245738306170267278,245738,Kenya,306170,267278,Type_5,18000.0,19000.0,2022-12-20,2023-01-03,14,Repeat Loan,2400.0,0.133333333333333,2533.0,0
1132,ID_271468306172267278,271468,Kenya,306172,267278,Type_5,14600.0,15430.0,2022-12-20,2023-01-03,14,Repeat Loan,1946.0,0.133287671232876,2057.0,0
1133,ID_271468306172251804,271468,Kenya,306172,251804,Type_5,14600.0,15430.0,2022-12-20,2023-01-03,14,Repeat Loan,1946.0,0.133287671232876,2057.0,0
1134,ID_272586306175251804,272586,Kenya,306175,251804,Type_4,10000.0,10700.0,2022-12-20,2023-01-20,31,Repeat Loan,1333.0,0.1333,1426.0,0
1135,ID_272586306175267278,272586,Kenya,306175,267278,Type_4,10000.0,10700.0,2022-12-20,2023-01-20,31,Repeat Loan,1333.0,0.1333,1426.0,0
1136,ID_272902306176251804,272902,Kenya,306176,251804,Type_4,10000.0,10700.0,2022-12-20,2023-01-20,31,Repeat Loan,1333.0,0.1333,1426.0,0
1137,ID_272902306176267278,272902,Kenya,306176,267278,Type_4,10000.0,10700.0,2022-12-20,2023-01-20,31,Repeat Loan,1333.0,0.1333,1426.0,0
1138,ID_257780306182267278,257780,Kenya,306182,267278,Type_5,9500.0,10075.0,2022-12-21,2023-01-04,14,Repeat Loan,1266.0,0.133263157894736,1343.0,0
1139,ID_257780306182251804,257780,Kenya,306182,251804,Type_5,9500.0,10075.0,2022-12-21,2023-01-04,14,Repeat Loan,1266.0,0.133263157894736,1343.0,0
1140,ID_248455306186251804,248455,Kenya,306186,251804,Type_5,104000.0,109300.0,2022-12-21,2023-01-04,14,Repeat Loan,13866.0,0.133326923076923,14573.0,0
1141,ID_248455306186267278,248455,Kenya,306186,267278,Type_5,104000.0,109300.0,2022-12-21,2023-01-04,14,Repeat Loan,13866.0,0.133326923076923,14573.0,0
1142,ID_245618306190251804,245618,Kenya,306190,251804,Type_4,300000.0,367433.0,2022-12-21,2023-03-21,90,Repeat Loan,40000.0,0.133333333333333,48991.0,1
1143,ID_245618306190267278,245618,Kenya,306190,267278,Type_4,300000.0,367433.0,2022-12-21,2023-03-21,90,Repeat Loan,40000.0,0.133333333333333,48991.0,1
1144,ID_260868306192251804,260868,Kenya,306192,251804,Type_5,8644.0,16449.0,2022-12-21,2023-01-04,14,Repeat Loan,1152.0,0.133271633503007,2192.0,1
1145,ID_260868306192267278,260868,Kenya,306192,267278,Type_5,8644.0,16449.0,2022-12-21,2023-01-04,14,Repeat Loan,1152.0,0.133271633503007,2192.0,1
1146,ID_271072306198267278,271072,Kenya,306198,267278,Type_6,8380.0,8548.0,2022-12-22,2022-12-29,7,Repeat Loan,1340.0,0.159904534606205,1367.0,0
1147,ID_271072306198251804,271072,Kenya,306198,251804,Type_6,8380.0,8548.0,2022-12-22,2022-12-29,7,Repeat Loan,1340.0,0.159904534606205,1367.0,0
1148,ID_247838306199251804,247838,Kenya,306199,251804,Type_5,8300.0,8815.0,2022-12-22,2023-01-05,14,Repeat Loan,1106.0,0.133253012048192,1175.0,0
1149,ID_247838306199267278,247838,Kenya,306199,267278,Type_5,8300.0,8815.0,2022-12-22,2023-01-05,14,Repeat Loan,1106.0,0.133253012048192,1175.0,0
1150,ID_237235306200251804,237235,Kenya,306200,251804,Type_6,3200.0,3200.0,2022-12-22,2022-12-29,7,Repeat Loan,512.0,0.16,522.0,0
1151,ID_237235306200267278,237235,Kenya,306200,267278,Type_6,3200.0,3200.0,2022-12-22,2022-12-29,7,Repeat Loan,512.0,0.16,522.0,0
1152,ID_272609306226251804,272609,Kenya,306226,251804,Type_5,29900.0,31495.0,2022-12-29,2023-01-12,14,Repeat Loan,3986.0,0.133311036789297,4199.0,0
1153,ID_272609306226267278,272609,Kenya,306226,267278,Type_5,29900.0,31495.0,2022-12-29,2023-01-12,14,Repeat Loan,3986.0,0.133311036789297,4199.0,0
1154,ID_273039306230267278,273039,Kenya,306230,267278,Type_5,5000.0,5350.0,2022-12-30,2023-01-13,14,Repeat Loan,666.0,0.1332,713.0,0
1155,ID_273039306230251804,273039,Kenya,306230,251804,Type_5,5000.0,5350.0,2022-12-30,2023-01-13,14,Repeat Loan,666.0,0.1332,713.0,0
1156,ID_257778306233251804,257778,Kenya,306233,251804,Type_5,47840.0,50332.0,2022-12-30,2023-01-13,14,Repeat Loan,6378.0,0.133319397993311,6710.0,0
1157,ID_257778306233267278,257778,Kenya,306233,267278,Type_5,47840.0,50332.0,2022-12-30,2023-01-13,14,Repeat Loan,6378.0,0.133319397993311,6710.0,0
1158,ID_247072306244267278,247072,Kenya,306244,267278,Type_4,100000.0,112000.0,2022-12-31,2023-02-28,59,Repeat Loan,13333.0,0.13333,14933.0,0
1159,ID_247072306244251804,247072,Kenya,306244,251804,Type_4,100000.0,112000.0,2022-12-31,2023-02-28,59,Repeat Loan,13333.0,0.13333,14933.0,0
1160,ID_245220306246251804,245220,Kenya,306246,251804,Type_4,100000.0,115000.0,2022-12-31,2023-03-28,87,Repeat Loan,13333.0,0.13333,15333.0,0
1161,ID_245220306246267278,245220,Kenya,306246,267278,Type_4,100000.0,115000.0,2022-12-31,2023-03-28,87,Repeat Loan,13333.0,0.13333,15333.0,0
1162,ID_269573306247251804,269573,Kenya,306247,251804,Type_4,100000.0,112092.0,2022-12-31,2023-02-26,57,Repeat Loan,13333.0,0.13333,16609.0,0
1163,ID_269573306247267278,269573,Kenya,306247,267278,Type_4,100000.0,112092.0,2022-12-31,2023-02-26,57,Repeat Loan,13333.0,0.13333,16609.0,0
1164,ID_261307306248267278,261307,Kenya,306248,267278,Type_4,20000.0,21400.0,2022-12-31,2023-01-31,31,Repeat Loan,2666.0,0.1333,2853.0,0
1165,ID_261307306248251804,261307,Kenya,306248,251804,Type_4,20000.0,21400.0,2022-12-31,2023-01-31,31,Repeat Loan,2666.0,0.1333,2853.0,0
1166,ID_259205306251267278,259205,Kenya,306251,267278,Type_10,70024.59,71074.96,2023-01-01,2023-02-15,45,Repeat Loan,11376.0,0.162457216814836,11547.0,0
1167,ID_259205306251251804,259205,Kenya,306251,251804,Type_10,70024.59,71074.96,2023-01-01,2023-02-15,45,Repeat Loan,9932.0,0.141835889364007,10081.0,0
1168,ID_259206306255267278,259206,Kenya,306255,267278,Type_10,304338.84,308903.92,2023-01-03,2023-02-17,45,Repeat Loan,49939.0,0.164090130592598,50688.0,0
1169,ID_259206306255251804,259206,Kenya,306255,251804,Type_10,304338.84,308903.92,2023-01-03,2023-02-17,45,Repeat Loan,42724.0,0.140383002051266,43365.0,0
1170,ID_272471306256251804,272471,Kenya,306256,251804,Type_10,89838.24,91185.81,2023-01-03,2023-01-31,28,Repeat Loan,12834.0,0.14285676121883,13027.0,0
1171,ID_272471306256267278,272471,Kenya,306256,267278,Type_10,89838.24,91185.81,2023-01-03,2023-01-31,28,Repeat Loan,14755.0,0.164239637820153,14976.0,0
1172,ID_246550306257267278,246550,Kenya,306257,267278,Type_5,103000.0,192653.0,2023-01-03,2023-01-17,14,Repeat Loan,13733.0,0.133330097087378,25686.0,1
1173,ID_246550306257251804,246550,Kenya,306257,251804,Type_5,103000.0,192653.0,2023-01-03,2023-01-17,14,Repeat Loan,13733.0,0.133330097087378,25686.0,1
1174,ID_266663306260267278,266663,Kenya,306260,267278,Type_5,32600.0,34330.0,2023-01-03,2023-01-17,14,Repeat Loan,4346.0,0.133312883435582,4577.0,0
1175,ID_266663306260251804,266663,Kenya,306260,251804,Type_5,32600.0,34330.0,2023-01-03,2023-01-17,14,Repeat Loan,4346.0,0.133312883435582,4577.0,0
1176,ID_267344306263267278,267344,Kenya,306263,267278,Type_5,15000.0,15850.0,2023-01-03,2023-01-17,14,Repeat Loan,2000.0,0.133333333333333,2113.0,0
1177,ID_267344306263251804,267344,Kenya,306263,251804,Type_5,15000.0,15850.0,2023-01-03,2023-01-17,14,Repeat Loan,2000.0,0.133333333333333,2113.0,0
1178,ID_272440306266251804,272440,Kenya,306266,251804,Type_5,8000.0,8500.0,2023-01-04,2023-01-18,14,Repeat Loan,1066.0,0.13325,1133.0,0
1179,ID_272440306266267278,272440,Kenya,306266,267278,Type_5,8000.0,8500.0,2023-01-04,2023-01-18,14,Repeat Loan,1066.0,0.13325,1133.0,0
1180,ID_260784306268251804,260784,Kenya,306268,251804,Type_5,10000.0,10600.0,2023-01-04,2023-01-18,14,Repeat Loan,1333.0,0.1333,1413.0,0
1181,ID_260784306268267278,260784,Kenya,306268,267278,Type_5,10000.0,10600.0,2023-01-04,2023-01-18,14,Repeat Loan,1333.0,0.1333,1413.0,0
1182,ID_271546306269251804,271546,Kenya,306269,251804,Type_5,18030.0,19032.0,2023-01-04,2023-01-18,14,Repeat Loan,2404.0,0.133333333333333,2538.0,0
1183,ID_271546306269267278,271546,Kenya,306269,267278,Type_5,18030.0,19032.0,2023-01-04,2023-01-18,14,Repeat Loan,2404.0,0.133333333333333,2538.0,0
1184,ID_271072306271251804,271072,Kenya,306271,251804,Type_6,8985.0,9165.0,2023-01-04,2023-01-11,7,Repeat Loan,1437.0,0.159933222036727,1466.0,0
1185,ID_271072306271267278,271072,Kenya,306271,267278,Type_6,8985.0,9165.0,2023-01-04,2023-01-11,7,Repeat Loan,1437.0,0.159933222036727,1466.0,0
1186,ID_238806306275267278,238806,Kenya,306275,267278,Type_4,20000.0,21400.0,2023-01-04,2023-02-04,31,Repeat Loan,2666.0,0.1333,2853.0,0
1187,ID_238806306275251804,238806,Kenya,306275,251804,Type_4,20000.0,21400.0,2023-01-04,2023-02-04,31,Repeat Loan,2666.0,0.1333,2853.0,0
1188,ID_263083306277267278,263083,Kenya,306277,267278,Type_4,100000.0,115000.0,2023-01-04,2023-04-04,90,Repeat Loan,13333.0,0.13333,15333.0,0
1189,ID_263083306277251804,263083,Kenya,306277,251804,Type_4,100000.0,115000.0,2023-01-04,2023-04-04,90,Repeat Loan,13333.0,0.13333,15333.0,0
1190,ID_241961306279267278,241961,Kenya,306279,267278,Type_4,70000.0,78400.0,2023-01-04,2023-03-04,59,Repeat Loan,9333.0,0.133328571428571,10453.0,0
1191,ID_241961306279251804,241961,Kenya,306279,251804,Type_4,70000.0,78400.0,2023-01-04,2023-03-04,59,Repeat Loan,9333.0,0.133328571428571,10453.0,0
1192,ID_246989306282251804,246989,Kenya,306282,251804,Type_5,51000.0,53650.0,2023-01-05,2023-01-19,14,Repeat Loan,6800.0,0.133333333333333,7153.0,0
1193,ID_246989306282267278,246989,Kenya,306282,267278,Type_5,51000.0,53650.0,2023-01-05,2023-01-19,14,Repeat Loan,6800.0,0.133333333333333,7153.0,0
1194,ID_272743306286267278,272743,Kenya,306286,267278,Type_4,20000.0,21400.0,2023-01-05,2023-02-05,31,Repeat Loan,2666.0,0.1333,2853.0,0
1195,ID_272743306286251804,272743,Kenya,306286,251804,Type_4,20000.0,21400.0,2023-01-05,2023-02-05,31,Repeat Loan,2666.0,0.1333,2853.0,0
1196,ID_248683306290267278,248683,Kenya,306290,267278,Type_5,12500.0,13225.0,2023-01-06,2023-01-20,14,Repeat Loan,1666.0,0.13328,1763.0,0
1197,ID_248683306290251804,248683,Kenya,306290,251804,Type_5,12500.0,13225.0,2023-01-06,2023-01-20,14,Repeat Loan,1666.0,0.13328,1763.0,0
1198,ID_271468306303267278,271468,Kenya,306303,267278,Type_5,14800.0,15640.0,2023-01-06,2023-01-20,14,Repeat Loan,1973.0,0.13331081081081,2085.0,0
1199,ID_271468306303251804,271468,Kenya,306303,251804,Type_5,14800.0,15640.0,2023-01-06,2023-01-20,14,Repeat Loan,1973.0,0.13331081081081,2085.0,0
1200,ID_261841306306251804,261841,Kenya,306306,251804,Type_10,146710.0,148910.65,2023-01-06,2023-01-31,25,Repeat Loan,21802.0,0.148606093654147,22129.0,0
1201,ID_261841306306267278,261841,Kenya,306306,267278,Type_10,146710.0,148910.65,2023-01-06,2023-01-31,25,Repeat Loan,23890.0,0.162838252334537,24248.0,0
1202,ID_271816306307251804,271816,Kenya,306307,251804,Type_10,2406.0,2443.0,2023-01-06,2023-01-31,25,Repeat Loan,384.0,0.159600997506234,390.0,0
1203,ID_271816306307267278,271816,Kenya,306307,267278,Type_10,2406.0,2443.0,2023-01-06,2023-01-31,25,Repeat Loan,384.0,0.159600997506234,390.0,0
1204,ID_252041306308267278,252041,Kenya,306308,267278,Type_10,28473.34,19430.44,2023-01-06,2023-01-31,25,Repeat Loan,4612.0,0.161976080080524,4681.0,0
1205,ID_252041306308251804,252041,Kenya,306308,251804,Type_10,28473.34,19430.44,2023-01-06,2023-01-31,25,Repeat Loan,3849.37,0.135192077922716,3907.0,0
1206,ID_272717306309251804,272717,Kenya,306309,251804,Type_10,84012.81,85273.0,2023-01-06,2023-01-31,25,Repeat Loan,13439.0,0.159963700773727,13641.0,0
1207,ID_272717306309267278,272717,Kenya,306309,267278,Type_10,84012.81,85273.0,2023-01-06,2023-01-31,25,Repeat Loan,13439.0,0.159963700773727,13641.0,0
1208,ID_259843306310251804,259843,Kenya,306310,251804,Type_10,151685.0,153960.28,2023-01-06,2023-01-31,25,Repeat Loan,24267.0,0.15998285921482,24631.0,0
1209,ID_259843306310267278,259843,Kenya,306310,267278,Type_10,151685.0,153960.28,2023-01-06,2023-01-31,25,Repeat Loan,24267.0,0.15998285921482,24631.0,0
1210,ID_241289306311251804,241289,Kenya,306311,251804,Type_4,50000.0,53500.0,2023-01-07,2023-02-07,31,Repeat Loan,6666.0,0.13332,7133.0,0
1211,ID_241289306311267278,241289,Kenya,306311,267278,Type_4,50000.0,53500.0,2023-01-07,2023-02-07,31,Repeat Loan,6666.0,0.13332,7133.0,0
1212,ID_266991306316267278,266991,Kenya,306316,267278,Type_5,16000.0,16900.0,2023-01-09,2023-01-23,14,Repeat Loan,2133.0,0.1333125,2253.0,0
1213,ID_266991306316251804,266991,Kenya,306316,251804,Type_5,16000.0,16900.0,2023-01-09,2023-01-23,14,Repeat Loan,2133.0,0.1333125,2253.0,0
1214,ID_260784306317267278,260784,Kenya,306317,267278,Type_5,15570.0,16449.0,2023-01-09,2023-01-23,14,Repeat Loan,2076.0,0.133333333333333,2193.0,0
1215,ID_260784306317251804,260784,Kenya,306317,251804,Type_5,15570.0,16449.0,2023-01-09,2023-01-23,14,Repeat Loan,2076.0,0.133333333333333,2193.0,0
1216,ID_247838306319267278,247838,Kenya,306319,267278,Type_5,20230.0,38094.0,2023-01-09,2023-01-23,14,Repeat Loan,2697.0,0.133316856154226,5079.0,1
1217,ID_247838306319251804,247838,Kenya,306319,251804,Type_5,20230.0,38094.0,2023-01-09,2023-01-23,14,Repeat Loan,2697.0,0.133316856154226,5079.0,1
1218,ID_273189306324267278,273189,Kenya,306324,267278,Type_4,25000.0,26750.0,2023-01-09,2023-02-09,31,Repeat Loan,3333.0,0.13332,3566.0,0
1219,ID_273189306324251804,273189,Kenya,306324,251804,Type_4,25000.0,26750.0,2023-01-09,2023-02-09,31,Repeat Loan,3333.0,0.13332,3566.0,0
1220,ID_242023306326267278,242023,Kenya,306326,267278,Type_4,50000.0,57500.0,2023-01-09,2023-04-09,90,Repeat Loan,6666.0,0.13332,7666.0,0
1221,ID_242023306326251804,242023,Kenya,306326,251804,Type_4,50000.0,57500.0,2023-01-09,2023-04-09,90,Repeat Loan,6666.0,0.13332,7666.0,0
1222,ID_273335306327251804,273335,Kenya,306327,251804,Type_4,10000.0,10700.0,2023-01-09,2023-02-09,31,Repeat Loan,1333.0,0.1333,1426.0,0
1223,ID_273335306327267278,273335,Kenya,306327,267278,Type_4,10000.0,10700.0,2023-01-09,2023-02-09,31,Repeat Loan,1333.0,0.1333,1426.0,0
1224,ID_53429306328267278,53429,Kenya,306328,267278,Type_4,4000.0,4280.0,2023-01-09,2023-02-09,31,Repeat Loan,533.0,0.13325,570.0,0
1225,ID_53429306328251804,53429,Kenya,306328,251804,Type_4,4000.0,4280.0,2023-01-09,2023-02-09,31,Repeat Loan,533.0,0.13325,570.0,0
1226,ID_272412306329251804,272412,Kenya,306329,251804,Type_4,10000.0,10700.0,2023-01-09,2023-02-09,31,Repeat Loan,1333.0,0.1333,1426.0,0
1227,ID_272412306329267278,272412,Kenya,306329,267278,Type_4,10000.0,10700.0,2023-01-09,2023-02-09,31,Repeat Loan,1333.0,0.1333,1426.0,0
1228,ID_247743306330267278,247743,Kenya,306330,267278,Type_5,13000.0,13750.0,2023-01-10,2023-01-24,14,Repeat Loan,1733.0,0.133307692307692,1833.0,0
1229,ID_247743306330251804,247743,Kenya,306330,251804,Type_5,13000.0,13750.0,2023-01-10,2023-01-24,14,Repeat Loan,1733.0,0.133307692307692,1833.0,0
1230,ID_250359306333267278,250359,Kenya,306333,267278,Type_5,29000.0,30550.0,2023-01-10,2023-01-24,14,Repeat Loan,3866.0,0.133310344827586,4073.0,0
1231,ID_250359306333251804,250359,Kenya,306333,251804,Type_5,29000.0,30550.0,2023-01-10,2023-01-24,14,Repeat Loan,3866.0,0.133310344827586,4073.0,0
1232,ID_270080306334251804,270080,Kenya,306334,251804,Type_4,6000.0,6420.0,2023-01-10,2023-02-10,31,Repeat Loan,800.0,0.133333333333333,856.0,0
1233,ID_270080306334267278,270080,Kenya,306334,267278,Type_4,6000.0,6420.0,2023-01-10,2023-02-10,31,Repeat Loan,800.0,0.133333333333333,856.0,0
1234,ID_273340306335267278,273340,Kenya,306335,267278,Type_4,10000.0,10700.0,2023-01-10,2023-02-10,31,Repeat Loan,1333.0,0.1333,1426.0,0
1235,ID_273340306335251804,273340,Kenya,306335,251804,Type_4,10000.0,10700.0,2023-01-10,2023-02-10,31,Repeat Loan,1333.0,0.1333,1426.0,0
1236,ID_260447306337267278,260447,Kenya,306337,267278,Type_5,5000.0,5100.0,2023-01-10,2023-01-24,14,Repeat Loan,666.0,0.1332,713.0,0
1237,ID_260447306337251804,260447,Kenya,306337,251804,Type_5,5000.0,5100.0,2023-01-10,2023-01-24,14,Repeat Loan,666.0,0.1332,713.0,0
1238,ID_242508306342267278,242508,Kenya,306342,267278,Type_4,30000.0,33600.0,2023-01-11,2023-03-11,59,Repeat Loan,4000.0,0.133333333333333,4480.0,0
1239,ID_242508306342251804,242508,Kenya,306342,251804,Type_4,30000.0,33600.0,2023-01-11,2023-03-11,59,Repeat Loan,4000.0,0.133333333333333,4480.0,0
1240,ID_260906306343267278,260906,Kenya,306343,267278,Type_5,26600.0,28030.0,2023-01-12,2023-01-26,14,Repeat Loan,3546.0,0.133308270676691,3737.0,0
1241,ID_260906306343251804,260906,Kenya,306343,251804,Type_5,26600.0,28030.0,2023-01-12,2023-01-26,14,Repeat Loan,3546.0,0.133308270676691,3737.0,0
1242,ID_244944306351267278,244944,Kenya,306351,267278,Type_5,9000.0,9550.0,2023-01-13,2023-01-27,14,Repeat Loan,1199.0,0.133222222222222,1272.0,0
1243,ID_244944306351251804,244944,Kenya,306351,251804,Type_5,9000.0,9550.0,2023-01-13,2023-01-27,14,Repeat Loan,1199.0,0.133222222222222,1272.0,0
1244,ID_245757306355251804,245757,Kenya,306355,251804,Type_5,9000.0,9550.0,2023-01-14,2023-01-28,14,Repeat Loan,1200.0,0.133333333333333,1273.0,0
1245,ID_245757306355267278,245757,Kenya,306355,267278,Type_5,9000.0,9550.0,2023-01-14,2023-01-28,14,Repeat Loan,1200.0,0.133333333333333,1273.0,0
1246,ID_251355306360251804,251355,Kenya,306360,251804,Type_5,18700.0,19735.0,2023-01-16,2023-01-30,14,Repeat Loan,2493.0,0.13331550802139,2631.0,0
1247,ID_251355306360267278,251355,Kenya,306360,267278,Type_5,18700.0,19735.0,2023-01-16,2023-01-30,14,Repeat Loan,2493.0,0.13331550802139,2631.0,0
1248,ID_251644306361267278,251644,Kenya,306361,267278,Type_5,19000.0,35783.0,2023-01-16,2023-01-30,14,Repeat Loan,2533.0,0.133315789473684,4770.0,1
1249,ID_251644306361251804,251644,Kenya,306361,251804,Type_5,19000.0,35783.0,2023-01-16,2023-01-30,14,Repeat Loan,2533.0,0.133315789473684,4770.0,1
1250,ID_245673306364251804,245673,Kenya,306364,251804,Type_5,15000.0,15850.0,2023-01-16,2023-01-30,14,Repeat Loan,2000.0,0.133333333333333,2113.0,0
1251,ID_245673306364267278,245673,Kenya,306364,267278,Type_5,15000.0,15850.0,2023-01-16,2023-01-30,14,Repeat Loan,2000.0,0.133333333333333,2113.0,0
1252,ID_271930306365267278,271930,Kenya,306365,267278,Type_10,16485.85,16733.14,2023-01-16,2023-01-31,15,Repeat Loan,2653.0,0.160925884925557,2693.0,0
1253,ID_271930306365251804,271930,Kenya,306365,251804,Type_10,16485.85,16733.14,2023-01-16,2023-01-31,15,Repeat Loan,1975.0,0.119799707021476,2005.0,0
1254,ID_245641306369267278,245641,Kenya,306369,267278,Type_5,27300.0,28765.0,2023-01-18,2023-02-01,14,Repeat Loan,3640.0,0.133333333333333,3835.0,0
1255,ID_245641306369251804,245641,Kenya,306369,251804,Type_5,27300.0,28765.0,2023-01-18,2023-02-01,14,Repeat Loan,3640.0,0.133333333333333,3835.0,0
1256,ID_249613306370267278,249613,Kenya,306370,267278,Type_5,16000.0,16900.0,2023-01-16,2023-01-30,14,Repeat Loan,2133.0,0.1333125,2253.0,0
1257,ID_249613306370251804,249613,Kenya,306370,251804,Type_5,16000.0,16900.0,2023-01-16,2023-01-30,14,Repeat Loan,2133.0,0.1333125,2253.0,0
1258,ID_273173306371267278,273173,Kenya,306371,267278,Type_10,235329.0,238858.94,2023-01-16,2023-01-31,15,Repeat Loan,37651.0,0.159993031033149,38216.0,0
1259,ID_273173306371251804,273173,Kenya,306371,251804,Type_10,235329.0,238858.94,2023-01-16,2023-01-31,15,Repeat Loan,37651.0,0.159993031033149,38216.0,0
1260,ID_257780306372251804,257780,Kenya,306372,251804,Type_5,19000.0,20050.0,2023-01-16,2023-01-30,14,Repeat Loan,2533.0,0.133315789473684,2673.0,0
1261,ID_257780306372267278,257780,Kenya,306372,267278,Type_5,19000.0,20050.0,2023-01-16,2023-01-30,14,Repeat Loan,2533.0,0.133315789473684,2673.0,0
1262,ID_244760306374267278,244760,Kenya,306374,267278,Type_4,15000.0,16050.0,2023-01-16,2023-02-16,31,Repeat Loan,2000.0,0.133333333333333,2140.0,0
1263,ID_244760306374251804,244760,Kenya,306374,251804,Type_4,15000.0,16050.0,2023-01-16,2023-02-16,31,Repeat Loan,2000.0,0.133333333333333,2140.0,0
1264,ID_264463306375251804,264463,Kenya,306375,251804,Type_4,10000.0,10700.0,2023-01-16,2023-02-16,31,Repeat Loan,1333.0,0.1333,1426.0,0
1265,ID_264463306375267278,264463,Kenya,306375,267278,Type_4,10000.0,10700.0,2023-01-16,2023-02-16,31,Repeat Loan,1333.0,0.1333,1426.0,0
1266,ID_262766306376251804,262766,Kenya,306376,251804,Type_4,10000.0,10700.0,2023-01-16,2023-02-16,31,Repeat Loan,1333.0,0.1333,1426.0,0
1267,ID_262766306376267278,262766,Kenya,306376,267278,Type_4,10000.0,10700.0,2023-01-16,2023-02-16,31,Repeat Loan,1333.0,0.1333,1426.0,0
1268,ID_248649306377251804,248649,Kenya,306377,251804,Type_5,19000.0,20050.0,2023-01-17,2023-01-31,14,Repeat Loan,2533.0,0.133315789473684,2673.0,0
1269,ID_248649306377267278,248649,Kenya,306377,267278,Type_5,19000.0,20050.0,2023-01-17,2023-01-31,14,Repeat Loan,2533.0,0.133315789473684,2673.0,0
1270,ID_266663306378267278,266663,Kenya,306378,267278,Type_5,30000.0,31600.0,2023-01-17,2023-01-31,14,Repeat Loan,4000.0,0.133333333333333,4213.0,0
1271,ID_266663306378251804,266663,Kenya,306378,251804,Type_5,30000.0,31600.0,2023-01-17,2023-01-31,14,Repeat Loan,4000.0,0.133333333333333,4213.0,0
1272,ID_260784306381251804,260784,Kenya,306381,251804,Type_5,10000.0,10600.0,2023-01-17,2023-01-31,14,Repeat Loan,1333.0,0.1333,1413.0,0
1273,ID_260784306381267278,260784,Kenya,306381,267278,Type_5,10000.0,10600.0,2023-01-17,2023-01-31,14,Repeat Loan,1333.0,0.1333,1413.0,0
1274,ID_273349306383251804,273349,Kenya,306383,251804,Type_4,30000.0,33600.0,2023-01-17,2023-03-17,59,Repeat Loan,4000.0,0.133333333333333,4480.0,0
1275,ID_273349306383267278,273349,Kenya,306383,267278,Type_4,30000.0,33600.0,2023-01-17,2023-03-17,59,Repeat Loan,4000.0,0.133333333333333,4480.0,0
1276,ID_267209306385251804,267209,Kenya,306385,251804,Type_4,7000.0,7490.0,2023-01-17,2023-02-17,31,Repeat Loan,933.0,0.133285714285714,998.0,0
1277,ID_267209306385267278,267209,Kenya,306385,267278,Type_4,7000.0,7490.0,2023-01-17,2023-02-17,31,Repeat Loan,933.0,0.133285714285714,998.0,0
1278,ID_245204306386267278,245204,Kenya,306386,267278,Type_4,20000.0,21400.0,2023-01-17,2023-02-17,31,Repeat Loan,2666.0,0.1333,2853.0,0
1279,ID_245204306386251804,245204,Kenya,306386,251804,Type_4,20000.0,21400.0,2023-01-17,2023-02-17,31,Repeat Loan,2666.0,0.1333,2853.0,0
1280,ID_246989306390251804,246989,Kenya,306390,251804,Type_5,42000.0,44200.0,2023-01-18,2023-02-01,14,Repeat Loan,5600.0,0.133333333333333,5893.0,0
1281,ID_246989306390267278,246989,Kenya,306390,267278,Type_5,42000.0,44200.0,2023-01-18,2023-02-01,14,Repeat Loan,5600.0,0.133333333333333,5893.0,0
1282,ID_244944306391251804,244944,Kenya,306391,251804,Type_5,18600.0,19630.0,2023-01-18,2023-02-01,14,Repeat Loan,2480.0,0.133333333333333,2617.0,0
1283,ID_244944306391267278,244944,Kenya,306391,267278,Type_5,18600.0,19630.0,2023-01-18,2023-02-01,14,Repeat Loan,2480.0,0.133333333333333,2617.0,0
1284,ID_271546306392251804,271546,Kenya,306392,251804,Type_5,18150.0,19158.0,2023-01-18,2023-02-01,14,Repeat Loan,2420.0,0.133333333333333,2554.0,0
1285,ID_271546306392267278,271546,Kenya,306392,267278,Type_5,18150.0,19158.0,2023-01-18,2023-02-01,14,Repeat Loan,2420.0,0.133333333333333,2554.0,0
1286,ID_239870306396251804,239870,Kenya,306396,251804,Type_4,12000.0,12840.0,2023-01-18,2023-02-17,30,Repeat Loan,1600.0,0.133333333333333,1712.0,0
1287,ID_239870306396267278,239870,Kenya,306396,267278,Type_4,12000.0,12840.0,2023-01-18,2023-02-17,30,Repeat Loan,1600.0,0.133333333333333,1712.0,0
1288,ID_272440306399267278,272440,Kenya,306399,267278,Type_5,8000.0,12740.0,2023-01-19,2023-02-02,14,Repeat Loan,1066.0,0.13325,1698.0,1
1289,ID_272440306399251804,272440,Kenya,306399,251804,Type_5,8000.0,12740.0,2023-01-19,2023-02-02,14,Repeat Loan,1066.0,0.13325,1698.0,1
1290,ID_273339306412251804,273339,Kenya,306412,251804,Type_4,8000.0,8560.0,2023-01-19,2023-02-18,30,Repeat Loan,1066.0,0.13325,1141.0,0
1291,ID_273339306412267278,273339,Kenya,306412,267278,Type_4,8000.0,8560.0,2023-01-19,2023-02-18,30,Repeat Loan,1066.0,0.13325,1141.0,0
1292,ID_272177306413267278,272177,Kenya,306413,267278,Type_4,5000.0,6711.0,2023-01-19,2023-02-18,30,Repeat Loan,666.0,0.1332,894.0,1
1293,ID_272177306413251804,272177,Kenya,306413,251804,Type_4,5000.0,6711.0,2023-01-19,2023-02-18,30,Repeat Loan,666.0,0.1332,894.0,1
1294,ID_273355306414251804,273355,Kenya,306414,251804,Type_4,13000.0,13910.0,2023-01-19,2023-02-18,30,Repeat Loan,1733.0,0.133307692307692,1854.0,0
1295,ID_273355306414267278,273355,Kenya,306414,267278,Type_4,13000.0,13910.0,2023-01-19,2023-02-18,30,Repeat Loan,1733.0,0.133307692307692,1854.0,0
1296,ID_248455306417267278,248455,Kenya,306417,267278,Type_5,105500.0,110875.0,2023-01-20,2023-02-03,14,Repeat Loan,14066.0,0.133327014218009,14783.0,0
1297,ID_248455306417251804,248455,Kenya,306417,251804,Type_5,105500.0,110875.0,2023-01-20,2023-02-03,14,Repeat Loan,14066.0,0.133327014218009,14783.0,0
1298,ID_260784306419251804,260784,Kenya,306419,251804,Type_5,16780.0,17719.0,2023-01-20,2023-02-03,14,Repeat Loan,2237.0,0.133313468414779,2362.0,0
1299,ID_260784306419267278,260784,Kenya,306419,267278,Type_5,16780.0,17719.0,2023-01-20,2023-02-03,14,Repeat Loan,2237.0,0.133313468414779,2362.0,0
1300,ID_270766306423267278,270766,Kenya,306423,267278,Type_5,29250.0,30813.0,2023-01-20,2023-02-03,14,Repeat Loan,3900.0,0.133333333333333,4108.0,0
1301,ID_270766306423251804,270766,Kenya,306423,251804,Type_5,29250.0,30813.0,2023-01-20,2023-02-03,14,Repeat Loan,3900.0,0.133333333333333,4108.0,0
1302,ID_238716306424251804,238716,Kenya,306424,251804,Type_4,24000.0,25680.0,2023-01-20,2023-02-20,31,Repeat Loan,404.13,0.01683875,432.0,0
1303,ID_238716306424267278,238716,Kenya,306424,267278,Type_4,24000.0,25680.0,2023-01-20,2023-02-20,31,Repeat Loan,3200.0,0.133333333333333,3424.0,0
1304,ID_272531306425267278,272531,Kenya,306425,267278,Type_6,6720.0,6855.0,2023-01-20,2023-01-27,7,Repeat Loan,1075.0,0.159970238095238,1097.0,0
1305,ID_272531306425251804,272531,Kenya,306425,251804,Type_6,6720.0,6855.0,2023-01-20,2023-01-27,7,Repeat Loan,428.88,0.0638214285714285,437.0,0
1306,ID_266990306428267278,266990,Kenya,306428,267278,Type_5,17000.0,17950.0,2023-01-21,2023-02-04,14,Repeat Loan,2266.0,0.133294117647058,2393.0,0
1307,ID_266990306428251804,266990,Kenya,306428,251804,Type_5,17000.0,17950.0,2023-01-21,2023-02-04,14,Repeat Loan,940.93,0.0553488235294117,994.0,0
1308,ID_246202306432267278,246202,Kenya,306432,267278,Type_5,27630.0,29112.0,2023-01-23,2023-02-06,14,Repeat Loan,3684.0,0.133333333333333,3882.0,0
1309,ID_246202306432251804,246202,Kenya,306432,251804,Type_5,27630.0,29112.0,2023-01-23,2023-02-06,14,Repeat Loan,3684.0,0.133333333333333,3882.0,0
1310,ID_248683306436267278,248683,Kenya,306436,267278,Type_5,12000.0,12700.0,2023-01-23,2023-02-06,14,Repeat Loan,1600.0,0.133333333333333,1693.0,0
1311,ID_248683306436251804,248683,Kenya,306436,251804,Type_5,12000.0,12700.0,2023-01-23,2023-02-06,14,Repeat Loan,1600.0,0.133333333333333,1693.0,0
1312,ID_238927306444251804,238927,Kenya,306444,251804,Type_4,30000.0,32100.0,2023-01-23,2023-02-23,31,Repeat Loan,4000.0,0.133333333333333,4280.0,0
1313,ID_238927306444267278,238927,Kenya,306444,267278,Type_4,30000.0,32100.0,2023-01-23,2023-02-23,31,Repeat Loan,4000.0,0.133333333333333,4280.0,0
1314,ID_273336306445267278,273336,Kenya,306445,267278,Type_4,7000.0,7490.0,2023-01-23,2023-02-23,31,Repeat Loan,933.0,0.133285714285714,998.0,0
1315,ID_273336306445251804,273336,Kenya,306445,251804,Type_4,7000.0,7490.0,2023-01-23,2023-02-23,31,Repeat Loan,933.0,0.133285714285714,998.0,0
1316,ID_273359306446251804,273359,Kenya,306446,251804,Type_4,10000.0,10700.0,2023-01-23,2023-02-23,31,Repeat Loan,1333.0,0.1333,1426.0,0
1317,ID_273359306446267278,273359,Kenya,306446,267278,Type_4,10000.0,10700.0,2023-01-23,2023-02-23,31,New Loan,1333.0,0.1333,1426.0,0
1318,ID_249307306450251804,249307,Kenya,306450,251804,Type_5,22000.0,23200.0,2023-01-24,2023-02-07,14,Repeat Loan,2933.0,0.133318181818181,3093.0,0
1319,ID_249307306450267278,249307,Kenya,306450,267278,Type_5,22000.0,23200.0,2023-01-24,2023-02-07,14,Repeat Loan,2933.0,0.133318181818181,3093.0,0
1320,ID_267344306451267278,267344,Kenya,306451,267278,Type_5,15000.0,15850.0,2023-01-24,2023-02-07,14,Repeat Loan,2000.0,0.133333333333333,2113.0,0
1321,ID_267344306451251804,267344,Kenya,306451,251804,Type_5,15000.0,15850.0,2023-01-24,2023-02-07,14,Repeat Loan,2000.0,0.133333333333333,2113.0,0
1322,ID_239914306458267278,239914,Kenya,306458,267278,Type_4,60000.0,67200.0,2023-01-24,2023-03-25,60,Repeat Loan,8000.0,0.133333333333333,8960.0,0
1323,ID_239914306458251804,239914,Kenya,306458,251804,Type_4,60000.0,67200.0,2023-01-24,2023-03-25,60,Repeat Loan,8000.0,0.133333333333333,8960.0,0
1324,ID_269326306464251804,269326,Kenya,306464,251804,Type_5,29900.0,48278.0,2023-01-25,2023-02-08,14,Repeat Loan,3986.0,0.133311036789297,6436.0,1
1325,ID_269326306464267278,269326,Kenya,306464,267278,Type_5,29900.0,48278.0,2023-01-25,2023-02-08,14,Repeat Loan,3986.0,0.133311036789297,6436.0,1
1326,ID_270169306478251804,270169,Kenya,306478,251804,Type_4,70000.0,78400.0,2023-01-26,2023-03-27,60,Repeat Loan,9333.0,0.133328571428571,10453.0,0
1327,ID_270169306478267278,270169,Kenya,306478,267278,Type_4,70000.0,78400.0,2023-01-26,2023-03-27,60,Repeat Loan,9333.0,0.133328571428571,10453.0,0
1328,ID_273307306480251804,273307,Kenya,306480,251804,Type_23,1342719.0,1407840.88,2023-01-27,2023-04-27,90,Repeat Loan,150000.0,0.111713619901111,157275.0,1
1329,ID_273307306480267278,273307,Kenya,306480,267278,Type_23,1342719.0,1407840.88,2023-01-27,2023-04-27,90,Repeat Loan,212500.0,0.158260961526574,222806.0,1
1330,ID_264844306484267278,264844,Kenya,306484,267278,Type_5,3830.0,4122.0,2023-01-27,2023-02-10,14,Repeat Loan,437.0,0.114099216710182,470.0,0
1331,ID_264844306484251804,264844,Kenya,306484,251804,Type_5,3830.0,4122.0,2023-01-27,2023-02-10,14,Repeat Loan,437.0,0.114099216710182,470.0,0
1332,ID_271964306501267278,271964,Kenya,306501,267278,Type_4,40000.0,44800.0,2023-01-30,2023-03-31,60,Repeat Loan,5333.0,0.133325,5973.0,0
1333,ID_271964306501251804,271964,Kenya,306501,251804,Type_4,40000.0,44800.0,2023-01-30,2023-03-31,60,Repeat Loan,5333.0,0.133325,5973.0,0
1334,ID_260784306513251804,260784,Kenya,306513,251804,Type_5,17420.0,18391.0,2023-01-31,2023-02-14,14,Repeat Loan,1990.0,0.114236509758897,2101.0,0
1335,ID_260784306513267278,260784,Kenya,306513,267278,Type_5,17420.0,18391.0,2023-01-31,2023-02-14,14,Repeat Loan,1990.0,0.114236509758897,2101.0,0
1336,ID_273373306515251804,273373,Kenya,306515,251804,Type_4,10000.0,10700.0,2023-02-01,2023-03-03,30,Repeat Loan,1600.0,0.16,1712.0,0
1337,ID_273373306515267278,273373,Kenya,306515,267278,Type_4,10000.0,10700.0,2023-02-01,2023-03-03,30,Repeat Loan,1600.0,0.16,1712.0,0
1338,ID_272990306518267278,272990,Kenya,306518,267278,Type_5,26000.0,27400.0,2023-02-01,2023-02-15,14,Repeat Loan,3466.0,0.133307692307692,3653.0,0
1339,ID_272990306518251804,272990,Kenya,306518,251804,Type_5,26000.0,27400.0,2023-02-01,2023-02-15,14,Repeat Loan,3466.0,0.133307692307692,3653.0,0
1340,ID_261840306521267278,261840,Kenya,306521,267278,Type_10,392959.0,398853.39,2023-02-01,2023-02-28,27,Repeat Loan,22891.0,0.0582528966126237,23234.0,0
1341,ID_261840306521251804,261840,Kenya,306521,251804,Type_10,392959.0,398853.39,2023-02-01,2023-02-28,27,Repeat Loan,13242.0,0.0336981720739313,13441.0,0
1342,ID_272471306523267278,272471,Kenya,306523,267278,Type_10,26544.0,26942.16,2023-02-01,2023-02-28,27,Repeat Loan,4246.0,0.159960819770946,4310.0,0
1343,ID_272471306523251804,272471,Kenya,306523,251804,Type_10,26544.0,26942.16,2023-02-01,2023-02-28,27,Repeat Loan,4246.0,0.159960819770946,4310.0,0
1344,ID_259206306524267278,259206,Kenya,306524,267278,Type_10,246484.54,250181.81,2023-02-01,2023-03-18,45,Repeat Loan,19761.0,0.080171356791789,20057.0,0
1345,ID_259206306524251804,259206,Kenya,306524,251804,Type_10,246484.54,250181.81,2023-02-01,2023-03-18,45,Repeat Loan,16045.0,0.0650953605447221,16286.0,0
1346,ID_261841306525267278,261841,Kenya,306525,267278,Type_10,168292.5,168610.89,2023-02-01,2023-02-28,27,Repeat Loan,10862.0,0.0645423889953503,11025.0,0
1347,ID_261841306525251804,261841,Kenya,306525,251804,Type_10,168292.5,168610.89,2023-02-01,2023-02-28,27,Repeat Loan,10212.0,0.0606800659565934,10365.0,0
1348,ID_259205306526267278,259205,Kenya,306526,267278,Type_10,78360.52,79535.93,2023-02-01,2023-03-18,45,Repeat Loan,5008.0,0.0639097341365269,5083.0,0
1349,ID_259205306526251804,259205,Kenya,306526,251804,Type_10,78360.52,79535.93,2023-02-01,2023-03-18,45,Repeat Loan,4471.0,0.0570567933954496,4538.0,0
1350,ID_259843306527267278,259843,Kenya,306527,267278,Type_10,246150.0,207624.25,2023-02-01,2023-02-28,27,Repeat Loan,21683.0,0.0880885638838106,22008.0,0
1351,ID_259843306527251804,259843,Kenya,306527,251804,Type_10,246150.0,207624.25,2023-02-01,2023-02-28,27,Repeat Loan,21683.0,0.0880885638838106,22008.0,0
1352,ID_259835306528267278,259835,Kenya,306528,267278,Type_10,666754.26,676794.83,2023-02-01,2023-03-18,45,Repeat Loan,45850.0,0.0687659648398796,46540.0,0
1353,ID_259835306528251804,259835,Kenya,306528,251804,Type_10,666754.26,676794.83,2023-02-01,2023-03-18,45,Repeat Loan,16703.0,0.0250512085217123,16955.0,0
1354,ID_273339306535267278,273339,Kenya,306535,267278,Type_4,12000.0,12840.0,2023-02-01,2023-03-03,30,Repeat Loan,1920.0,0.16,2054.0,0
1355,ID_273339306535251804,273339,Kenya,306535,251804,Type_4,12000.0,12840.0,2023-02-01,2023-03-03,30,Repeat Loan,1920.0,0.16,2054.0,0
1356,ID_273374306544267278,273374,Kenya,306544,267278,Type_4,100000.0,107000.0,2023-02-02,2023-03-04,30,Repeat Loan,16000.0,0.16,17120.0,0
1357,ID_273374306544251804,273374,Kenya,306544,251804,Type_4,100000.0,107000.0,2023-02-02,2023-03-04,30,New Loan,16000.0,0.16,17120.0,0
1358,ID_238567306549251804,238567,Kenya,306549,251804,Type_4,500000.0,590000.0,2023-02-03,2023-06-04,121,Repeat Loan,95000.0,0.19,112100.0,0
1359,ID_238567306549267278,238567,Kenya,306549,267278,Type_4,500000.0,590000.0,2023-02-03,2023-06-04,121,Repeat Loan,70000.0,0.14,82600.0,0
1360,ID_270904306551251804,270904,Kenya,306551,251804,Type_5,7000.0,7450.0,2023-02-03,2023-02-17,14,Repeat Loan,933.0,0.133285714285714,993.0,0
1361,ID_270904306551267278,270904,Kenya,306551,267278,Type_5,7000.0,7450.0,2023-02-03,2023-02-17,14,Repeat Loan,933.0,0.133285714285714,993.0,0
1362,ID_271930306553267278,271930,Kenya,306553,267278,Type_10,24877.97,25251.14,2023-02-03,2023-02-28,25,Repeat Loan,1647.0,0.0662031508197815,1672.0,0
1363,ID_271930306553251804,271930,Kenya,306553,251804,Type_10,24877.97,25251.14,2023-02-03,2023-02-28,25,Repeat Loan,1647.0,0.0662031508197815,1672.0,0
1364,ID_272717306556251804,272717,Kenya,306556,251804,Type_10,95861.53,97299.45,2023-02-03,2023-02-28,25,Repeat Loan,4965.0,0.051793456666089,5039.0,0
1365,ID_272717306556267278,272717,Kenya,306556,267278,Type_10,95861.53,97299.45,2023-02-03,2023-02-28,25,Repeat Loan,4965.0,0.051793456666089,5039.0,0
1366,ID_245766306561267278,245766,Kenya,306561,267278,Type_5,10200.0,10200.0,2023-02-03,2023-02-17,14,Repeat Loan,1360.0,0.133333333333333,1441.0,0
1367,ID_245766306561251804,245766,Kenya,306561,251804,Type_5,10200.0,10200.0,2023-02-03,2023-02-17,14,Repeat Loan,1360.0,0.133333333333333,1441.0,0
1368,ID_257778306562251804,257778,Kenya,306562,251804,Type_5,45366.0,45366.0,2023-02-03,2023-02-17,14,Repeat Loan,6048.0,0.133315698981616,6364.0,0
1369,ID_257778306562267278,257778,Kenya,306562,267278,Type_5,45366.0,45366.0,2023-02-03,2023-02-17,14,Repeat Loan,6048.0,0.133315698981616,6364.0,0
1370,ID_257761306563267278,257761,Kenya,306563,267278,Type_5,13000.0,13100.0,2023-02-03,2023-02-17,14,Repeat Loan,1733.0,0.133307692307692,1833.0,0
1371,ID_257761306563251804,257761,Kenya,306563,251804,Type_5,13000.0,13100.0,2023-02-03,2023-02-17,14,Repeat Loan,1733.0,0.133307692307692,1833.0,0
1372,ID_251355306569267278,251355,Kenya,306569,267278,Type_5,20800.0,21940.0,2023-02-06,2023-02-20,14,Repeat Loan,2773.0,0.133317307692307,2925.0,0
1373,ID_251355306569251804,251355,Kenya,306569,251804,Type_5,20800.0,21940.0,2023-02-06,2023-02-20,14,Repeat Loan,2773.0,0.133317307692307,2925.0,0
1374,ID_267344306572251804,267344,Kenya,306572,251804,Type_5,14500.0,15325.0,2023-02-06,2023-02-20,14,Repeat Loan,1933.0,0.133310344827586,2043.0,0
1375,ID_267344306572267278,267344,Kenya,306572,267278,Type_5,14500.0,15325.0,2023-02-06,2023-02-20,14,Repeat Loan,1933.0,0.133310344827586,2043.0,0
1376,ID_273307306593267278,273307,Kenya,306593,267278,Type_23,3041239.0,3219151.49,2023-02-08,2023-05-09,90,Repeat Loan,750000.0,0.246610016509718,793875.0,1
1377,ID_273307306593251804,273307,Kenya,306593,251804,Type_23,3041239.0,3219151.49,2023-02-08,2023-05-09,90,Repeat Loan,141239.0,0.0464412694957548,149501.0,1
1378,ID_241289306594267278,241289,Kenya,306594,267278,Type_4,50000.0,53500.0,2023-02-08,2023-03-11,31,Repeat Loan,8000.0,0.16,8560.0,0
1379,ID_241289306594251804,241289,Kenya,306594,251804,Type_4,50000.0,53500.0,2023-02-08,2023-03-11,31,Repeat Loan,8000.0,0.16,8560.0,0
1380,ID_268614306595251804,268614,Kenya,306595,251804,Type_4,27000.0,30240.0,2023-02-08,2023-04-09,60,Repeat Loan,4320.0,0.16,4838.0,0
1381,ID_268614306595267278,268614,Kenya,306595,267278,Type_4,27000.0,30240.0,2023-02-08,2023-04-09,60,Repeat Loan,4320.0,0.16,4838.0,0
1382,ID_272683306597267278,272683,Kenya,306597,267278,Type_4,20000.0,21400.0,2023-02-08,2023-03-10,30,Repeat Loan,3200.0,0.16,3424.0,0
1383,ID_272683306597251804,272683,Kenya,306597,251804,Type_4,20000.0,21400.0,2023-02-08,2023-03-10,30,Repeat Loan,3200.0,0.16,3424.0,0
1384,ID_251852306599251804,251852,Kenya,306599,251804,Type_6,890.0,1389.0,2023-02-09,2023-02-16,7,Repeat Loan,178.0,0.2,278.0,1
1385,ID_251852306599267278,251852,Kenya,306599,267278,Type_6,890.0,1389.0,2023-02-09,2023-02-16,7,Repeat Loan,178.0,0.2,278.0,1
1386,ID_251511306600251804,251511,Kenya,306600,251804,Type_6,3200.0,3264.0,2023-02-09,2023-02-16,7,Repeat Loan,640.0,0.2,653.0,0
1387,ID_251511306600267278,251511,Kenya,306600,267278,Type_6,3200.0,3264.0,2023-02-09,2023-02-16,7,Repeat Loan,640.0,0.2,653.0,0
1388,ID_273307306643267278,273307,Kenya,306643,267278,Type_23,1040765.0,1097486.7,2023-02-15,2023-05-16,90,Repeat Loan,200000.0,0.192166339183196,210900.0,1
1389,ID_273307306643251804,273307,Kenya,306643,251804,Type_23,1040765.0,1097486.7,2023-02-15,2023-05-16,90,Repeat Loan,100000.0,0.0960831695915984,105450.0,1
1390,ID_273307306644251804,273307,Kenya,306644,251804,Type_23,1299122.0,1369924.15,2023-02-15,2023-05-16,90,Repeat Loan,50000.0,0.0384875323487709,52725.0,1
1391,ID_273307306644267278,273307,Kenya,306644,267278,Type_23,1299122.0,1369924.15,2023-02-15,2023-05-16,90,Repeat Loan,400000.0,0.307900258790167,421800.0,1
1392,ID_273307306824267278,273307,Kenya,306824,267278,Type_23,4408789.0,4607184.51,2023-03-06,2023-06-04,90,Repeat Loan,250000.0,0.0567049137529602,261250.0,0
1393,ID_273307306824251804,273307,Kenya,306824,251804,Type_23,4408789.0,4607184.51,2023-03-06,2023-06-04,90,Repeat Loan,58789.0,0.0133345006984911,61435.0,0
1394,ID_273307306842251804,273307,Kenya,306842,251804,Type_23,871564.0,915135.09,2023-03-07,2023-06-05,90,Repeat Loan,70000.0,0.0803153870513238,73499.0,0
1395,ID_273307306842267278,273307,Kenya,306842,267278,Type_23,871564.0,915135.09,2023-03-07,2023-06-05,90,Repeat Loan,100000.0,0.114736267216176,104999.0,0
1396,ID_259835307101251804,259835,Kenya,307101,251804,Type_10,496780.02,504231.72,2023-05-01,2023-06-15,45,Repeat Loan,70972.97,0.142865991269133,72038.0,0
1397,ID_259835307101267278,259835,Kenya,307101,267278,Type_10,496780.02,504231.72,2023-05-01,2023-06-15,45,Repeat Loan,1046.0,0.0021055597203768,1062.0,0
1398,ID_259205307105251804,259205,Kenya,307105,251804,Type_10,193585.15,196488.93,2023-05-01,2023-06-15,45,Repeat Loan,21398.0,0.110535338066995,21719.0,0
1399,ID_259205307105267278,259205,Kenya,307105,267278,Type_10,193585.15,196488.93,2023-05-01,2023-06-15,45,Repeat Loan,554.0,0.0028617897602166,562.0,0
1400,ID_259206307114267278,259206,Kenya,307114,267278,Type_10,400475.3,406482.43,2023-05-03,2023-06-17,45,Repeat Loan,1810.95,0.0045220017314426,1838.0,0
1401,ID_259206307114251804,259206,Kenya,307114,251804,Type_10,400475.3,406482.43,2023-05-03,2023-06-17,45,Repeat Loan,44071.0,0.110046736964801,44732.0,0
1402,ID_261841307115251804,261841,Kenya,307115,251804,Type_10,119411.0,121202.17,2023-05-03,2023-06-17,45,Repeat Loan,17521.0,0.146728525847702,17784.0,0
1403,ID_261841307115267278,261841,Kenya,307115,267278,Type_10,119411.0,121202.17,2023-05-03,2023-06-17,45,Repeat Loan,7453.0,0.0624146854142415,7565.0,0
1404,ID_261839307116251804,261839,Kenya,307116,251804,Type_10,118335.0,120110.03,2023-05-03,2023-06-17,45,Repeat Loan,19372.0,0.163704736553006,19663.0,0
1405,ID_261839307116267278,261839,Kenya,307116,267278,Type_10,118335.0,120110.03,2023-05-03,2023-06-17,45,Repeat Loan,10137.0,0.0856635822030675,10289.0,0
1406,ID_259843307124267278,259843,Kenya,307124,267278,Type_10,313035.25,317730.78,2023-05-04,2023-05-31,27,Repeat Loan,8626.0,0.0275560020796379,8755.0,0
1407,ID_259843307124251804,259843,Kenya,307124,251804,Type_10,313035.25,317730.78,2023-05-04,2023-05-31,27,Repeat Loan,36701.0,0.117242387239136,37252.0,0
1408,ID_273678307212251804,273678,Kenya,307212,251804,Type_4,2000000.0,2281744.0,2023-05-24,2023-11-20,180,Repeat Loan,150000.0,0.075,171131.0,0
1409,ID_273678307212267278,273678,Kenya,307212,267278,Type_4,2000000.0,2281744.0,2023-05-24,2023-11-20,180,Repeat Loan,300000.0,0.15,342262.0,0
1410,ID_273524307224267278,273524,Kenya,307224,267278,Type_4,700000.0,782178.0,2023-05-26,2023-09-23,120,Repeat Loan,100000.0,0.142857142857142,111740.0,1
1411,ID_273524307224251804,273524,Kenya,307224,251804,Type_4,700000.0,782178.0,2023-05-26,2023-09-23,120,Repeat Loan,50000.0,0.0714285714285714,55870.0,1
1412,ID_267435307249267278,267435,Kenya,307249,267278,Type_4,16000.0,17125.0,2023-05-31,2023-06-30,30,Repeat Loan,3200.0,0.2,3425.0,0
1413,ID_267435307249251804,267435,Kenya,307249,251804,Type_4,16000.0,17125.0,2023-05-31,2023-06-30,30,Repeat Loan,3200.0,0.2,3425.0,0
1414,ID_273351307253251804,273351,Kenya,307253,251804,Type_10,39631.0,40226.0,2023-05-31,2023-07-15,45,Repeat Loan,6340.0,0.159975776538568,6435.0,0
1415,ID_273351307253267278,273351,Kenya,307253,267278,Type_10,39631.0,40226.0,2023-05-31,2023-07-15,45,Repeat Loan,6340.0,0.159975776538568,6435.0,0
1416,ID_273379307255251804,273379,Kenya,307255,251804,Type_10,113375.71,115076.35,2023-06-01,2023-07-16,45,Repeat Loan,8290.0,0.07311971850055,8414.0,0
1417,ID_273379307255267278,273379,Kenya,307255,267278,Type_10,113375.71,115076.35,2023-06-01,2023-07-16,45,Repeat Loan,27895.0,0.246040355557641,28313.0,0
1418,ID_259835307256251804,259835,Kenya,307256,251804,Type_10,582114.52,590846.24,2023-06-01,2023-07-16,45,Repeat Loan,28122.88,0.0483115933957462,28545.0,0
1419,ID_259835307256267278,259835,Kenya,307256,267278,Type_10,582114.52,590846.24,2023-06-01,2023-07-16,45,Repeat Loan,132309.0,0.227290327683288,134294.0,0
1420,ID_272470307257251804,272470,Kenya,307257,251804,Type_10,284327.53,288592.44,2023-06-01,2023-07-16,45,Repeat Loan,22324.0,0.0785150843465632,22659.0,0
1421,ID_272470307257267278,272470,Kenya,307257,267278,Type_10,284327.53,288592.44,2023-06-01,2023-07-16,45,Repeat Loan,65976.0,0.232042250709947,66966.0,0
1422,ID_273370307258251804,273370,Kenya,307258,251804,Type_10,118540.66,120318.77,2023-06-02,2023-07-17,45,Repeat Loan,10318.0,0.0870418639477796,10473.0,0
1423,ID_273370307258267278,273370,Kenya,307258,267278,Type_10,118540.66,120318.77,2023-06-02,2023-07-17,45,Repeat Loan,25915.0,0.218616970750795,26304.0,0
1424,ID_267312307259267278,267312,Kenya,307259,267278,Type_10,128528.5,130456.43,2023-06-01,2023-07-16,45,Repeat Loan,37758.0,0.29377142034646,38324.0,0
1425,ID_267312307259251804,267312,Kenya,307259,251804,Type_10,128528.5,130456.43,2023-06-01,2023-07-16,45,Repeat Loan,12245.0,0.095270698716627,12429.0,0
1426,ID_259206307260251804,259206,Kenya,307260,251804,Type_10,615190.53,624418.39,2023-06-01,2023-07-16,45,Repeat Loan,26103.98,0.0424323501858846,26496.0,0
1427,ID_259206307260267278,259206,Kenya,307260,267278,Type_10,615190.53,624418.39,2023-06-01,2023-07-16,45,Repeat Loan,154723.0,0.251504196594183,157044.0,0
1428,ID_259205307262267278,259205,Kenya,307262,267278,Type_10,164759.64,167231.03,2023-06-01,2023-07-16,45,Repeat Loan,43309.0,0.262861705694428,43959.0,0
1429,ID_259205307262251804,259205,Kenya,307262,251804,Type_10,164759.64,167231.03,2023-06-01,2023-07-16,45,Repeat Loan,17258.0,0.104746526515838,17517.0,0
1430,ID_244760307266267278,244760,Kenya,307266,267278,Type_4,10000.0,10700.0,2023-06-02,2023-07-02,30,Repeat Loan,2000.0,0.2,2140.0,0
1431,ID_244760307266251804,244760,Kenya,307266,251804,Type_4,10000.0,10700.0,2023-06-02,2023-07-02,30,Repeat Loan,2000.0,0.2,2140.0,0
1432,ID_273173307268267278,273173,Kenya,307268,267278,Type_10,162606.18,165045.27,2023-06-02,2023-07-17,45,Repeat Loan,32521.0,0.199998548640648,33009.0,0
1433,ID_273173307268251804,273173,Kenya,307268,251804,Type_10,162606.18,165045.27,2023-06-02,2023-07-17,45,Repeat Loan,32521.0,0.199998548640648,33009.0,0
1434,ID_263858307269251804,263858,Kenya,307269,251804,Type_4,150000.0,174280.0,2023-06-03,2023-09-01,90,Repeat Loan,30000.0,0.2,34856.0,1
1435,ID_263858307269267278,263858,Kenya,307269,267278,Type_4,150000.0,174280.0,2023-06-03,2023-09-01,90,Repeat Loan,30000.0,0.2,34856.0,1
1436,ID_261839307271267278,261839,Kenya,307271,267278,Type_10,383707.0,389462.61,2023-06-03,2023-07-18,45,Repeat Loan,94293.0,0.245742193913585,95707.0,0
1437,ID_261839307271251804,261839,Kenya,307271,251804,Type_10,383707.0,389462.61,2023-06-03,2023-07-18,45,Repeat Loan,0.0,0.0,0.0,0
1438,ID_261840307272251804,261840,Kenya,307272,251804,Type_10,443810.03,398298.18,2023-06-03,2023-07-18,45,Repeat Loan,0.0,0.0,0.0,0
1439,ID_261840307272267278,261840,Kenya,307272,267278,Type_10,443810.03,398298.18,2023-06-03,2023-07-18,45,Repeat Loan,114111.0,0.257116766829267,115823.0,0
1440,ID_244219307279251804,244219,Kenya,307279,251804,Type_4,120000.0,138134.0,2023-06-05,2023-09-03,90,Repeat Loan,24000.0,0.2,27627.0,0
1441,ID_244219307279267278,244219,Kenya,307279,267278,Type_4,120000.0,138134.0,2023-06-05,2023-09-03,90,Repeat Loan,24000.0,0.2,27627.0,0
1442,ID_272471307280267278,272471,Kenya,307280,267278,Type_10,14753.0,14974.3,2023-06-05,2023-07-20,45,Repeat Loan,5622.0,0.381075035585982,5706.0,0
1443,ID_272471307280251804,272471,Kenya,307280,251804,Type_10,14753.0,14974.3,2023-06-05,2023-07-20,45,Repeat Loan,2950.0,0.1999593303057,2994.0,0
1444,ID_273574307282251804,273574,Kenya,307282,251804,Type_4,20000.0,21400.0,2023-06-06,2023-07-06,30,Repeat Loan,4000.0,0.2,4280.0,0
1445,ID_273574307282267278,273574,Kenya,307282,267278,Type_4,20000.0,21400.0,2023-06-06,2023-07-06,30,Repeat Loan,4000.0,0.2,4280.0,0
1446,ID_273705307285251804,273705,Kenya,307285,251804,Type_4,25000.0,27750.0,2023-06-07,2023-08-06,60,Repeat Loan,5000.0,0.2,5550.0,0
1447,ID_273705307285267278,273705,Kenya,307285,267278,Type_4,25000.0,27750.0,2023-06-07,2023-08-06,60,New Loan,5000.0,0.2,5550.0,0
1448,ID_240661307288267278,240661,Kenya,307288,267278,Type_4,10000.0,10650.0,2023-06-07,2023-07-07,30,Repeat Loan,2000.0,0.2,2130.0,0
1449,ID_240661307288251804,240661,Kenya,307288,251804,Type_4,10000.0,10650.0,2023-06-07,2023-07-07,30,Repeat Loan,2000.0,0.2,2130.0,0
1450,ID_245220307289251804,245220,Kenya,307289,251804,Type_4,150000.0,170385.0,2023-06-07,2023-09-05,90,Repeat Loan,30000.0,0.2,34077.0,0
1451,ID_245220307289267278,245220,Kenya,307289,267278,Type_4,150000.0,170385.0,2023-06-07,2023-09-05,90,Repeat Loan,30000.0,0.2,34077.0,0
1452,ID_273344307290251804,273344,Kenya,307290,251804,Type_10,21527.15,21850.06,2023-06-07,2023-07-22,45,Repeat Loan,1822.0,0.0846373068427543,1849.0,0
1453,ID_273344307290267278,273344,Kenya,307290,267278,Type_10,21527.15,21850.06,2023-06-07,2023-07-22,45,Repeat Loan,5485.0,0.254794526911365,5567.0,0
1454,ID_238567307291251804,238567,Kenya,307291,251804,Type_4,1000000.0,1142405.0,2023-06-07,2023-12-04,180,Repeat Loan,150000.0,0.15,171361.0,1
1455,ID_238567307291267278,238567,Kenya,307291,267278,Type_4,1000000.0,1142405.0,2023-06-07,2023-12-04,180,Repeat Loan,175000.0,0.175,199921.0,1
1456,ID_261841307293251804,261841,Kenya,307293,251804,Type_10,104646.55,106234.25,2023-06-07,2023-06-30,23,Repeat Loan,6820.56,0.0651771128622969,6924.0,1
1457,ID_261841307293267278,261841,Kenya,307293,267278,Type_10,104646.55,106234.25,2023-06-07,2023-06-30,23,Repeat Loan,25893.0,0.247432906292658,26286.0,1
1458,ID_264463307296251804,264463,Kenya,307296,251804,Type_4,8000.0,8520.0,2023-06-08,2023-07-08,30,Repeat Loan,1600.0,0.2,1704.0,0
1459,ID_264463307296267278,264463,Kenya,307296,267278,Type_4,8000.0,8520.0,2023-06-08,2023-07-08,30,Repeat Loan,1600.0,0.2,1704.0,0
1460,ID_270169307299267278,270169,Kenya,307299,267278,Type_4,300000.0,330150.0,2023-06-08,2023-09-06,90,Repeat Loan,60000.0,0.2,66030.0,0
1461,ID_270169307299251804,270169,Kenya,307299,251804,Type_4,300000.0,330150.0,2023-06-08,2023-09-06,90,Repeat Loan,60000.0,0.2,66030.0,0
1462,ID_273540307301251804,273540,Kenya,307301,251804,Type_10,94544.0,95962.16,2023-06-09,2023-07-24,45,Repeat Loan,3961.0,0.0418958368590286,4020.0,0
1463,ID_273540307301267278,273540,Kenya,307301,267278,Type_10,94544.0,95962.16,2023-06-09,2023-07-24,45,Repeat Loan,27115.0,0.286797681502792,27522.0,0
1464,ID_273392307302267278,273392,Kenya,307302,267278,Type_4,30000.0,32481.0,2023-06-09,2023-07-09,30,Repeat Loan,6000.0,0.2,6496.0,0
1465,ID_273392307302251804,273392,Kenya,307302,251804,Type_4,30000.0,32481.0,2023-06-09,2023-07-09,30,Repeat Loan,6000.0,0.2,6496.0,0
1466,ID_241289307303251804,241289,Kenya,307303,251804,Type_4,40000.0,42600.0,2023-06-09,2023-07-09,30,Repeat Loan,8000.0,0.2,8520.0,0
1467,ID_241289307303267278,241289,Kenya,307303,267278,Type_4,40000.0,42600.0,2023-06-09,2023-07-09,30,Repeat Loan,8000.0,0.2,8520.0,0
1468,ID_241237307304251804,241237,Kenya,307304,251804,Type_4,10000.0,10650.0,2023-06-09,2023-07-09,30,Repeat Loan,2000.0,0.2,2130.0,0
1469,ID_241237307304267278,241237,Kenya,307304,267278,Type_4,10000.0,10650.0,2023-06-09,2023-07-09,30,Repeat Loan,2000.0,0.2,2130.0,0
1470,ID_272412307305251804,272412,Kenya,307305,251804,Type_4,18000.0,19170.0,2023-06-09,2023-07-09,30,Repeat Loan,3600.0,0.2,3834.0,0
1471,ID_272412307305267278,272412,Kenya,307305,267278,Type_4,18000.0,19170.0,2023-06-09,2023-07-09,30,Repeat Loan,3600.0,0.2,3834.0,0
1472,ID_238532307306251804,238532,Kenya,307306,251804,Type_4,10000.0,10650.0,2023-06-09,2023-07-09,30,Repeat Loan,2000.0,0.2,2130.0,0
1473,ID_238532307306267278,238532,Kenya,307306,267278,Type_4,10000.0,10650.0,2023-06-09,2023-07-09,30,Repeat Loan,2000.0,0.2,2130.0,0
1474,ID_273644307307267278,273644,Kenya,307307,267278,Type_4,8000.0,8520.0,2023-06-09,2023-07-09,30,Repeat Loan,1600.0,0.2,1704.0,0
1475,ID_273644307307251804,273644,Kenya,307307,251804,Type_4,8000.0,8520.0,2023-06-09,2023-07-09,30,Repeat Loan,1600.0,0.2,1704.0,0
1476,ID_273351307310267278,273351,Kenya,307310,267278,Type_10,23364.0,23715.0,2023-06-10,2023-07-25,45,Repeat Loan,4672.0,0.199965759287793,4742.0,0
1477,ID_273351307310251804,273351,Kenya,307310,251804,Type_10,23364.0,23715.0,2023-06-10,2023-07-25,45,Repeat Loan,4672.0,0.199965759287793,4742.0,0
1478,ID_273523307316267278,273523,Kenya,307316,267278,Type_4,20000.0,21400.0,2023-06-13,2023-07-13,30,Repeat Loan,4000.0,0.2,4280.0,0
1479,ID_273523307316251804,273523,Kenya,307316,251804,Type_4,20000.0,21400.0,2023-06-13,2023-07-13,30,Repeat Loan,734.67,0.0367334999999999,786.0,0
1480,ID_268614307317267278,268614,Kenya,307317,267278,Type_4,24000.0,26880.0,2023-06-13,2023-08-13,61,Repeat Loan,4800.0,0.2,5376.0,0
1481,ID_268614307317251804,268614,Kenya,307317,251804,Type_4,24000.0,26880.0,2023-06-13,2023-08-13,61,Repeat Loan,4800.0,0.2,5376.0,0
1482,ID_272181307319251804,272181,Kenya,307319,251804,Type_4,3000000.0,3345000.0,2023-06-14,2023-12-14,183,Repeat Loan,150000.0,0.05,170717.0,0
1483,ID_272181307319267278,272181,Kenya,307319,267278,Type_4,3000000.0,3345000.0,2023-06-14,2023-12-14,183,Repeat Loan,600000.0,0.2,682868.0,0
1484,ID_244451307346267278,244451,Kenya,307346,267278,Type_4,500000.0,550649.0,2023-06-19,2023-09-17,90,Repeat Loan,125000.0,0.25,137662.0,1
1485,ID_244451307346251804,244451,Kenya,307346,251804,Type_4,500000.0,550649.0,2023-06-19,2023-09-17,90,Repeat Loan,75000.0,0.15,82597.0,1
1486,ID_238611307387267278,238611,Kenya,307387,267278,Type_4,500000.0,550250.0,2023-06-29,2023-09-27,90,Repeat Loan,150000.0,0.3,165075.0,0
1487,ID_238611307387251804,238611,Kenya,307387,251804,Type_4,500000.0,550250.0,2023-06-29,2023-09-27,90,Repeat Loan,100000.0,0.2,110050.0,0
1488,ID_264673307388251804,264673,Kenya,307388,251804,Type_4,10000.0,10700.0,2023-06-29,2023-07-29,30,Repeat Loan,4750.0,0.475,5083.0,0
1489,ID_264673307388267278,264673,Kenya,307388,267278,Type_4,10000.0,10700.0,2023-06-29,2023-07-29,30,Repeat Loan,4750.0,0.475,5083.0,0
1490,ID_259205307402267278,259205,Kenya,307402,267278,Type_10,64014.05,64974.26,2023-07-01,2023-08-15,45,Repeat Loan,9359.0,0.146202279030931,9499.0,0
1491,ID_259205307402251804,259205,Kenya,307402,251804,Type_10,64014.05,64974.26,2023-07-01,2023-08-15,45,Repeat Loan,344.0,0.0053738202785169,349.0,0
1492,ID_259206307403251804,259206,Kenya,307403,251804,Type_10,81643.3,82867.95,2023-07-01,2023-08-15,45,Repeat Loan,622.0,0.0076185063563084,631.0,0
1493,ID_259206307403267278,259206,Kenya,307403,267278,Type_10,81643.3,82867.95,2023-07-01,2023-08-15,45,Repeat Loan,8958.0,0.109721189613844,9092.0,0
1494,ID_272470307405267278,272470,Kenya,307405,267278,Type_10,70207.8,71260.92,2023-07-01,2023-08-15,45,Repeat Loan,9360.0,0.133318520164426,9500.0,0
1495,ID_272470307405251804,272470,Kenya,307405,251804,Type_10,70207.8,71260.92,2023-07-01,2023-08-15,45,Repeat Loan,474.0,0.0067513865980703,481.0,0
1496,ID_252041307406251804,252041,Kenya,307406,251804,Type_10,29636.7,30081.25,2023-07-01,2023-08-15,45,Repeat Loan,264.0,0.0089078743584812,268.0,0
1497,ID_252041307406267278,252041,Kenya,307406,267278,Type_10,29636.7,30081.25,2023-07-01,2023-08-15,45,Repeat Loan,1427.0,0.0481497602634571,1448.0,0
1498,ID_259835307408251804,259835,Kenya,307408,251804,Type_10,149172.13,151409.71,2023-07-01,2023-08-15,45,Repeat Loan,1087.0,0.0072868839507755,1103.0,0
1499,ID_259835307408267278,259835,Kenya,307408,267278,Type_10,149172.13,151409.71,2023-07-01,2023-08-15,45,Repeat Loan,19114.0,0.128133854494133,19401.0,0
1500,ID_273370307409267278,273370,Kenya,307409,267278,Type_10,43894.46,44552.88,2023-07-01,2023-08-15,45,Repeat Loan,7528.0,0.171502280697837,7641.0,0
1501,ID_273370307409251804,273370,Kenya,307409,251804,Type_10,43894.46,44552.88,2023-07-01,2023-08-15,45,Repeat Loan,250.0,0.005695479566214,254.0,0
1502,ID_261841307411251804,261841,Kenya,307411,251804,Type_10,105406.0,106987.09,2023-07-03,2023-08-15,43,Repeat Loan,186.0,0.0017646054304309,189.0,0
1503,ID_261841307411267278,261841,Kenya,307411,267278,Type_10,105406.0,106987.09,2023-07-03,2023-08-15,43,Repeat Loan,24985.0,0.237035842361914,25360.0,0
1504,ID_272717307418251804,272717,Kenya,307418,251804,Type_10,25793.66,26180.56,2023-07-03,2023-08-15,43,Repeat Loan,227.0,0.0088006122434737,230.0,1
1505,ID_272717307418267278,272717,Kenya,307418,267278,Type_10,25793.66,26180.56,2023-07-03,2023-08-15,43,Repeat Loan,2017.0,0.0781975105510423,2047.0,1
1506,ID_273752307427267278,273752,Kenya,307427,267278,Type_4,100000.0,115035.0,2023-07-05,2023-10-03,90,Repeat Loan,3166.0,0.03166,3642.0,0
1507,ID_273752307427251804,273752,Kenya,307427,251804,Type_4,100000.0,115035.0,2023-07-05,2023-10-03,90,Repeat Loan,3166.0,0.03166,3642.0,0
1508,ID_239907307428251804,239907,Kenya,307428,251804,Type_4,120000.0,147787.0,2023-07-05,2023-10-03,90,Repeat Loan,3800.0,0.0316666666666666,4680.0,1
1509,ID_239907307428267278,239907,Kenya,307428,267278,Type_4,120000.0,147787.0,2023-07-05,2023-10-03,90,Repeat Loan,3800.0,0.0316666666666666,4680.0,1
1510,ID_273574307430267278,273574,Kenya,307430,267278,Type_4,15000.0,16070.0,2023-07-05,2023-08-04,30,Repeat Loan,4750.0,0.316666666666666,5089.0,0
1511,ID_273574307430251804,273574,Kenya,307430,251804,Type_4,15000.0,16070.0,2023-07-05,2023-08-04,30,Repeat Loan,4750.0,0.316666666666666,5089.0,0
1512,ID_241237307431251804,241237,Kenya,307431,251804,Type_4,15000.0,16050.0,2023-07-05,2023-08-04,30,Repeat Loan,475.0,0.0316666666666666,508.0,0
1513,ID_241237307431267278,241237,Kenya,307431,267278,Type_4,15000.0,16050.0,2023-07-05,2023-08-04,30,Repeat Loan,475.0,0.0316666666666666,508.0,0
1514,ID_239798307436251804,239798,Kenya,307436,251804,Type_4,120000.0,138030.0,2023-07-06,2023-10-04,90,Repeat Loan,3800.0,0.0316666666666666,4378.0,0
1515,ID_239798307436267278,239798,Kenya,307436,267278,Type_4,120000.0,138030.0,2023-07-06,2023-10-04,90,Repeat Loan,3800.0,0.0316666666666666,4378.0,0
1516,ID_242044307437267278,242044,Kenya,307437,267278,Type_4,99000.0,113852.0,2023-07-06,2023-10-04,90,Repeat Loan,3135.0,0.0316666666666666,3605.0,0
1517,ID_242044307437251804,242044,Kenya,307437,251804,Type_4,99000.0,113852.0,2023-07-06,2023-10-04,90,Repeat Loan,3135.0,0.0316666666666666,3605.0,0
1518,ID_245204307438267278,245204,Kenya,307438,267278,Type_4,20000.0,21400.0,2023-07-06,2023-08-05,30,Repeat Loan,633.0,0.03165,677.0,0
1519,ID_245204307438251804,245204,Kenya,307438,251804,Type_4,20000.0,21400.0,2023-07-06,2023-08-05,30,Repeat Loan,633.0,0.03165,677.0,0
1520,ID_238243307440267278,238243,Kenya,307440,267278,Type_4,100000.0,115000.0,2023-07-06,2023-10-04,90,Repeat Loan,31666.0,0.31666,36436.0,0
1521,ID_238243307440251804,238243,Kenya,307440,251804,Type_4,100000.0,115000.0,2023-07-06,2023-10-04,90,Repeat Loan,31666.0,0.31666,36436.0,0
1522,ID_273344307441251804,273344,Kenya,307441,251804,Type_10,3343.0,3394.0,2023-07-06,2023-08-15,40,Repeat Loan,63.0,0.0188453484893807,64.0,0
1523,ID_273344307441267278,273344,Kenya,307441,267278,Type_10,3343.0,3394.0,2023-07-06,2023-08-15,40,Repeat Loan,63.0,0.0188453484893807,64.0,0
1524,ID_273459307447251804,273459,Kenya,307447,251804,Type_4,20000.0,21400.0,2023-07-07,2023-08-06,30,Repeat Loan,633.0,0.03165,677.0,0
1525,ID_273459307447267278,273459,Kenya,307447,267278,Type_4,20000.0,21400.0,2023-07-07,2023-08-06,30,Repeat Loan,633.0,0.03165,677.0,0
1526,ID_33419307449267278,33419,Kenya,307449,267278,Type_4,10000.0,10700.0,2023-07-07,2023-08-06,30,Repeat Loan,3166.0,0.3166,3388.0,0
1527,ID_33419307449251804,33419,Kenya,307449,251804,Type_4,10000.0,10700.0,2023-07-07,2023-08-06,30,Repeat Loan,3166.0,0.3166,3388.0,0
1528,ID_288538357418251804,288538,Kenya,357418,251804,Type_4,8000.0,8360.0,2023-07-25,2023-08-08,14,Repeat Loan,1266.0,0.15825,1323.0,0
1529,ID_288538357418267278,288538,Kenya,357418,267278,Type_4,8000.0,8360.0,2023-07-25,2023-08-08,14,Repeat Loan,1266.0,0.15825,1323.0,0
1530,ID_273359357476267278,273359,Kenya,357476,267278,Type_4,15000.0,16050.0,2023-07-31,2023-08-30,30,Repeat Loan,3562.0,0.237466666666666,3811.0,0
1531,ID_273359357476251804,273359,Kenya,357476,251804,Type_4,15000.0,16050.0,2023-07-31,2023-08-30,30,Repeat Loan,3562.0,0.237466666666666,3811.0,0
1532,ID_241977357477251804,241977,Kenya,357477,251804,Type_4,55000.0,61600.0,2023-07-31,2023-09-29,60,Repeat Loan,13062.0,0.237490909090909,14629.0,0
1533,ID_241977357477267278,241977,Kenya,357477,267278,Type_4,55000.0,61600.0,2023-07-31,2023-09-29,60,Repeat Loan,13062.0,0.237490909090909,14629.0,0
1534,ID_288661357479267278,288661,Kenya,357479,267278,Type_4,8000.0,8360.0,2023-07-31,2023-08-14,14,Repeat Loan,1900.0,0.2375,1986.0,0
1535,ID_288661357479251804,288661,Kenya,357479,251804,Type_4,8000.0,8360.0,2023-07-31,2023-08-14,14,Repeat Loan,1900.0,0.2375,1986.0,0
1536,ID_238806357488251804,238806,Kenya,357488,251804,Type_4,30000.0,32100.0,2023-08-01,2023-08-31,30,Repeat Loan,1400.0,0.0466666666666666,1498.0,0
1537,ID_238806357488267278,238806,Kenya,357488,267278,Type_4,30000.0,32100.0,2023-08-01,2023-08-31,30,Repeat Loan,1400.0,0.0466666666666666,1498.0,0
1538,ID_288661357490251804,288661,Kenya,357490,251804,Type_4,12000.0,15030.0,2023-08-01,2023-08-15,14,Repeat Loan,2850.0,0.2375,3570.0,1
1539,ID_288661357490267278,288661,Kenya,357490,267278,Type_4,12000.0,15030.0,2023-08-01,2023-08-15,14,Repeat Loan,2850.0,0.2375,3570.0,1
1540,ID_273344357492267278,273344,Kenya,357492,267278,Type_10,22492.0,22829.38,2023-08-01,2023-09-15,45,Repeat Loan,187.0,0.0083140672239018,190.0,0
1541,ID_273344357492251804,273344,Kenya,357492,251804,Type_10,22492.0,22829.38,2023-08-01,2023-09-15,45,Repeat Loan,187.0,0.0083140672239018,190.0,0
1542,ID_273379357494251804,273379,Kenya,357494,251804,Type_10,124800.0,126713.06,2023-08-01,2023-09-15,45,Repeat Loan,1524.0,0.0122115384615384,1547.0,0
1543,ID_273379357494267278,273379,Kenya,357494,267278,Type_10,124800.0,126713.06,2023-08-01,2023-09-15,45,Repeat Loan,1524.0,0.0122115384615384,1547.0,0
1544,ID_272470357496251804,272470,Kenya,357496,251804,Type_10,294321.0,298831.48,2023-08-01,2023-09-15,45,Repeat Loan,4038.0,0.0137197141896093,4100.0,0
1545,ID_272470357496267278,272470,Kenya,357496,267278,Type_10,294321.0,298831.48,2023-08-01,2023-09-15,45,Repeat Loan,4038.0,0.0137197141896093,4100.0,0
1546,ID_259206357502267278,259206,Kenya,357502,267278,Type_10,550748.0,559096.16,2023-08-02,2023-09-15,44,Repeat Loan,7693.0,0.0139682758720866,7810.0,0
1547,ID_259206357502251804,259206,Kenya,357502,251804,Type_10,550748.0,559096.16,2023-08-02,2023-09-15,44,Repeat Loan,7693.0,0.0139682758720866,7810.0,0
1548,ID_97434357504251804,97434,Kenya,357504,251804,Type_4,5000.0,5225.0,2023-08-02,2023-08-16,14,Repeat Loan,200.0,0.04,209.0,0
1549,ID_97434357504267278,97434,Kenya,357504,267278,Type_4,5000.0,5225.0,2023-08-02,2023-08-16,14,Repeat Loan,200.0,0.04,209.0,0
1550,ID_273579357505251804,273579,Kenya,357505,251804,Type_4,50000.0,56403.0,2023-08-02,2023-10-01,60,Repeat Loan,2000.0,0.04,2256.0,1
1551,ID_273579357505267278,273579,Kenya,357505,267278,Type_4,50000.0,56403.0,2023-08-02,2023-10-01,60,Repeat Loan,3000.0,0.06,3384.0,1
1552,ID_273741357506251804,273741,Kenya,357506,251804,Type_4,25000.0,28174.0,2023-08-02,2023-10-01,60,Repeat Loan,593.0,0.02372,668.0,0
1553,ID_273741357506267278,273741,Kenya,357506,267278,Type_4,25000.0,28174.0,2023-08-02,2023-10-01,60,Repeat Loan,593.0,0.02372,668.0,0
1554,ID_240661357516251804,240661,Kenya,357516,251804,Type_4,10000.0,10717.0,2023-08-03,2023-09-02,30,Repeat Loan,500.0,0.05,536.0,0
1555,ID_240661357516267278,240661,Kenya,357516,267278,Type_4,10000.0,10717.0,2023-08-03,2023-09-02,30,Repeat Loan,500.0,0.05,536.0,0
1556,ID_261513357522267278,261513,Kenya,357522,267278,Type_10,40985.0,41599.78,2023-08-03,2023-09-15,43,Repeat Loan,327.0,0.0079785287300231,332.0,0
1557,ID_261513357522251804,261513,Kenya,357522,251804,Type_10,40985.0,41599.78,2023-08-03,2023-09-15,43,Repeat Loan,327.0,0.0079785287300231,332.0,0
1558,ID_259205357523251804,259205,Kenya,357523,251804,Type_10,170847.0,173409.81,2023-08-03,2023-09-15,43,Repeat Loan,1904.0,0.0111444742957148,1933.0,0
1559,ID_259205357523267278,259205,Kenya,357523,267278,Type_10,170847.0,173409.81,2023-08-03,2023-09-15,43,Repeat Loan,1904.0,0.0111444742957148,1933.0,0
1560,ID_273750357527251804,273750,Kenya,357527,251804,Type_4,15000.0,16070.0,2023-08-04,2023-09-03,30,Repeat Loan,356.0,0.0237333333333333,381.0,0
1561,ID_273750357527267278,273750,Kenya,357527,267278,Type_4,15000.0,16070.0,2023-08-04,2023-09-03,30,Repeat Loan,356.0,0.0237333333333333,381.0,0
1562,ID_244218357528251804,244218,Kenya,357528,251804,Type_4,250000.0,275157.0,2023-08-04,2023-11-02,90,Repeat Loan,11500.0,0.046,12657.0,1
1563,ID_244218357528267278,244218,Kenya,357528,267278,Type_4,250000.0,275157.0,2023-08-04,2023-11-02,90,Repeat Loan,11500.0,0.046,12657.0,1
1564,ID_272412357530251804,272412,Kenya,357530,251804,Type_4,20000.0,21400.0,2023-08-04,2023-09-03,30,Repeat Loan,475.0,0.02375,508.0,0
1565,ID_272412357530267278,272412,Kenya,357530,267278,Type_4,20000.0,21400.0,2023-08-04,2023-09-03,30,Repeat Loan,475.0,0.02375,508.0,0
1566,ID_259334357538267278,259334,Kenya,357538,267278,Type_10,176817.0,179469.36,2023-08-04,2023-09-15,42,Repeat Loan,1957.0,0.011067940299858,1986.0,0
1567,ID_259334357538251804,259334,Kenya,357538,251804,Type_10,176817.0,179469.36,2023-08-04,2023-09-15,42,Repeat Loan,1957.0,0.011067940299858,1986.0,0
1568,ID_238716357554267278,238716,Kenya,357554,267278,Type_4,30000.0,33600.0,2023-08-07,2023-10-06,60,Repeat Loan,1400.0,0.0466666666666666,1568.0,0
1569,ID_238716357554251804,238716,Kenya,357554,251804,Type_4,30000.0,33600.0,2023-08-07,2023-10-06,60,Repeat Loan,1400.0,0.0466666666666666,1568.0,0
1570,ID_288538357556267278,288538,Kenya,357556,267278,Type_4,10000.0,10450.0,2023-08-07,2023-08-21,14,Repeat Loan,500.0,0.05,523.0,0
1571,ID_288538357556251804,288538,Kenya,357556,251804,Type_4,10000.0,10450.0,2023-08-07,2023-08-21,14,Repeat Loan,500.0,0.05,523.0,0
1572,ID_272380357570251804,272380,Kenya,357570,251804,Type_4,60000.0,67880.0,2023-08-09,2023-10-08,60,Repeat Loan,1425.0,0.02375,1612.0,0
1573,ID_272380357570267278,272380,Kenya,357570,267278,Type_4,60000.0,67880.0,2023-08-09,2023-10-08,60,Repeat Loan,1425.0,0.02375,1612.0,0
1574,ID_33419357573267278,33419,Kenya,357573,267278,Type_4,30000.0,33696.0,2023-08-09,2023-10-08,60,Repeat Loan,7125.0,0.2375,8003.0,1
1575,ID_33419357573251804,33419,Kenya,357573,251804,Type_4,30000.0,33696.0,2023-08-09,2023-10-08,60,Repeat Loan,7125.0,0.2375,8003.0,1
1576,ID_273757357577251804,273757,Kenya,357577,251804,Type_4,18000.0,19260.0,2023-08-10,2023-09-09,30,Repeat Loan,4275.0,0.2375,4574.0,0
1577,ID_273757357577267278,273757,Kenya,357577,267278,Type_4,18000.0,19260.0,2023-08-10,2023-09-09,30,Repeat Loan,4275.0,0.2375,4574.0,0
1578,ID_273459357578251804,273459,Kenya,357578,251804,Type_4,20000.0,21412.0,2023-08-10,2023-09-09,30,Repeat Loan,475.0,0.02375,509.0,0
1579,ID_273459357578267278,273459,Kenya,357578,267278,Type_4,20000.0,21412.0,2023-08-10,2023-09-09,30,Repeat Loan,475.0,0.02375,509.0,0
1580,ID_242042357580267278,242042,Kenya,357580,267278,Type_4,35000.0,39250.0,2023-08-10,2023-10-09,60,Repeat Loan,8312.0,0.237485714285714,9321.0,1
1581,ID_242042357580251804,242042,Kenya,357580,251804,Type_4,35000.0,39250.0,2023-08-10,2023-10-09,60,Repeat Loan,8312.0,0.237485714285714,9321.0,1
1582,ID_288496357581267278,288496,Kenya,357581,267278,Type_4,10000.0,10450.0,2023-08-10,2023-08-24,14,Repeat Loan,2375.0,0.2375,2482.0,0
1583,ID_288496357581251804,288496,Kenya,357581,251804,Type_4,10000.0,10450.0,2023-08-10,2023-08-24,14,Repeat Loan,2375.0,0.2375,2482.0,0
1584,ID_259843357584251804,259843,Kenya,357584,251804,Type_10,191855.5,194733.33,2023-08-10,2023-09-15,36,Repeat Loan,23622.0,0.123123913570369,23976.0,0
1585,ID_259843357584267278,259843,Kenya,357584,267278,Type_10,191855.5,194733.33,2023-08-10,2023-09-15,36,Repeat Loan,23622.0,0.123123913570369,23976.0,0
1586,ID_268614357586267278,268614,Kenya,357586,267278,Type_4,30000.0,33695.0,2023-08-11,2023-10-10,60,Repeat Loan,7125.0,0.2375,8003.0,0
1587,ID_268614357586251804,268614,Kenya,357586,251804,Type_4,30000.0,33695.0,2023-08-11,2023-10-10,60,Repeat Loan,7125.0,0.2375,8003.0,0
1588,ID_247654357588251804,247654,Kenya,357588,251804,Type_4,9000.0,9469.0,2023-08-11,2023-08-25,14,Repeat Loan,2137.0,0.237444444444444,2248.0,0
1589,ID_247654357588267278,247654,Kenya,357588,267278,Type_4,9000.0,9469.0,2023-08-11,2023-08-25,14,Repeat Loan,2137.0,0.237444444444444,2248.0,0
1590,ID_244760357597251804,244760,Kenya,357597,251804,Type_4,11000.0,11770.0,2023-08-12,2023-09-11,30,Repeat Loan,2612.0,0.237454545454545,2795.0,0
1591,ID_244760357597267278,244760,Kenya,357597,267278,Type_4,11000.0,11770.0,2023-08-12,2023-09-11,30,Repeat Loan,2612.0,0.237454545454545,2795.0,0
1592,ID_238342357607267278,238342,Kenya,357607,267278,Type_4,60000.0,67436.0,2023-08-14,2023-10-13,60,Repeat Loan,14250.0,0.2375,16016.0,1
1593,ID_238342357607251804,238342,Kenya,357607,251804,Type_4,60000.0,67436.0,2023-08-14,2023-10-13,60,Repeat Loan,14250.0,0.2375,16016.0,1
1594,ID_247072357614251804,247072,Kenya,357614,251804,Type_4,40000.0,42814.0,2023-08-15,2023-09-14,30,Repeat Loan,9500.0,0.2375,10168.0,0
1595,ID_247072357614267278,247072,Kenya,357614,267278,Type_4,40000.0,42814.0,2023-08-15,2023-09-14,30,Repeat Loan,9500.0,0.2375,10168.0,0
1596,ID_273351357624251804,273351,Kenya,357624,251804,Type_10,49110.0,49847.0,2023-08-16,2023-09-15,30,Repeat Loan,933.0,0.0189981673793524,947.0,0
1597,ID_273351357624267278,273351,Kenya,357624,267278,Type_10,49110.0,49847.0,2023-08-16,2023-09-15,30,Repeat Loan,933.0,0.0189981673793524,947.0,0
1598,ID_270169357626267278,270169,Kenya,357626,267278,Type_4,250000.0,275136.0,2023-08-16,2023-11-14,90,Repeat Loan,59375.0,0.2375,65345.0,1
1599,ID_270169357626251804,270169,Kenya,357626,251804,Type_4,250000.0,275136.0,2023-08-16,2023-11-14,90,Repeat Loan,59375.0,0.2375,65345.0,1
1600,ID_245220357635251804,245220,Kenya,357635,251804,Type_4,150000.0,172500.0,2023-08-17,2023-11-15,90,Repeat Loan,35625.0,0.2375,40969.0,0
1601,ID_245220357635267278,245220,Kenya,357635,267278,Type_4,150000.0,172500.0,2023-08-17,2023-11-15,90,Repeat Loan,35625.0,0.2375,40969.0,0
1602,ID_238232357636267278,238232,Kenya,357636,267278,Type_4,20000.0,22428.0,2023-08-17,2023-10-16,60,Repeat Loan,4750.0,0.2375,5327.0,0
1603,ID_238232357636251804,238232,Kenya,357636,251804,Type_4,20000.0,22428.0,2023-08-17,2023-10-16,60,Repeat Loan,4750.0,0.2375,5327.0,0
1604,ID_273726357644267278,273726,Kenya,357644,267278,Type_4,18000.0,19260.0,2023-08-18,2023-09-17,30,Repeat Loan,427.0,0.0237222222222222,457.0,0
1605,ID_273726357644251804,273726,Kenya,357644,251804,Type_4,18000.0,19260.0,2023-08-18,2023-09-17,30,Repeat Loan,427.0,0.0237222222222222,457.0,0
1606,ID_238198359613251804,238198,Kenya,359613,251804,Type_4,20000.0,27430.0,2023-08-22,2023-09-21,30,Repeat Loan,4750.0,0.2375,6515.0,1
1607,ID_238198359613267278,238198,Kenya,359613,267278,Type_4,20000.0,27430.0,2023-08-22,2023-09-21,30,Repeat Loan,4750.0,0.2375,6515.0,1
1608,ID_97434359621251804,97434,Kenya,359621,251804,Type_4,5000.0,5225.0,2023-08-22,2023-09-05,14,Repeat Loan,1187.0,0.2374,1240.0,0
1609,ID_97434359621267278,97434,Kenya,359621,267278,Type_4,5000.0,5225.0,2023-08-22,2023-09-05,14,Repeat Loan,1187.0,0.2374,1240.0,0
1610,ID_267571359622267278,267571,Kenya,359622,267278,Type_4,90000.0,103500.0,2023-08-22,2023-11-20,90,Repeat Loan,2137.0,0.0237444444444444,2458.0,0
1611,ID_267571359622251804,267571,Kenya,359622,251804,Type_4,90000.0,103500.0,2023-08-22,2023-11-20,90,Repeat Loan,2137.0,0.0237444444444444,2458.0,0
1612,ID_288544359636267278,288544,Kenya,359636,267278,Type_4,24000.0,25680.0,2023-08-23,2023-09-22,30,Repeat Loan,5700.0,0.2375,6099.0,0
1613,ID_288544359636251804,288544,Kenya,359636,251804,Type_4,24000.0,25680.0,2023-08-23,2023-09-22,30,Repeat Loan,5700.0,0.2375,6099.0,0
1614,ID_273668359639267278,273668,Kenya,359639,267278,Type_4,25000.0,27006.0,2023-08-23,2023-09-22,30,Repeat Loan,5937.0,0.23748,6413.0,0
1615,ID_273668359639251804,273668,Kenya,359639,251804,Type_4,25000.0,27006.0,2023-08-23,2023-09-22,30,Repeat Loan,5937.0,0.23748,6413.0,0
1616,ID_273644359642251804,273644,Kenya,359642,251804,Type_4,11000.0,11770.0,2023-08-23,2023-09-22,30,Repeat Loan,2612.0,0.237454545454545,2795.0,0
1617,ID_273644359642267278,273644,Kenya,359642,267278,Type_4,11000.0,11770.0,2023-08-23,2023-09-22,30,Repeat Loan,2612.0,0.237454545454545,2795.0,0
1618,ID_273553359650251804,273553,Kenya,359650,251804,Type_4,20000.0,21400.0,2023-08-24,2023-09-23,30,Repeat Loan,4750.0,0.2375,5083.0,0
1619,ID_273553359650267278,273553,Kenya,359650,267278,Type_4,20000.0,21400.0,2023-08-24,2023-09-23,30,Repeat Loan,4750.0,0.2375,5083.0,0
1620,ID_238197359652251804,238197,Kenya,359652,251804,Type_4,24000.0,25680.0,2023-08-24,2023-09-23,30,Repeat Loan,5700.0,0.2375,6099.0,0
1621,ID_238197359652267278,238197,Kenya,359652,267278,Type_4,24000.0,25680.0,2023-08-24,2023-09-23,30,Repeat Loan,5700.0,0.2375,6099.0,0
1622,ID_288496359654267278,288496,Kenya,359654,267278,Type_4,10000.0,10450.0,2023-08-24,2023-09-07,14,Repeat Loan,2375.0,0.2375,2482.0,0
1623,ID_288496359654251804,288496,Kenya,359654,251804,Type_4,10000.0,10450.0,2023-08-24,2023-09-07,14,Repeat Loan,2375.0,0.2375,2482.0,0
1624,ID_273719359660267278,273719,Kenya,359660,267278,Type_4,24000.0,25680.0,2023-08-25,2023-09-24,30,Repeat Loan,5700.0,0.2375,6099.0,0
1625,ID_273719359660251804,273719,Kenya,359660,251804,Type_4,24000.0,25680.0,2023-08-25,2023-09-24,30,Repeat Loan,5700.0,0.2375,6099.0,0
1626,ID_273731359682267278,273731,Kenya,359682,267278,Type_4,40000.0,44877.0,2023-08-29,2023-10-28,60,Repeat Loan,9500.0,0.2375,10658.0,0
1627,ID_273731359682251804,273731,Kenya,359682,251804,Type_4,40000.0,44877.0,2023-08-29,2023-10-28,60,Repeat Loan,9500.0,0.2375,10658.0,0
1628,ID_273523359683251804,273523,Kenya,359683,251804,Type_4,20000.0,21400.0,2023-08-29,2023-09-29,31,Repeat Loan,4750.0,0.2375,5083.0,0
1629,ID_273523359683267278,273523,Kenya,359683,267278,Type_4,20000.0,21400.0,2023-08-29,2023-09-29,31,Repeat Loan,4750.0,0.2375,5083.0,0
1630,ID_273376359688267278,273376,Kenya,359688,267278,Type_4,100000.0,115112.0,2023-08-30,2023-11-28,90,Repeat Loan,2375.0,0.02375,2734.0,0
1631,ID_273376359688251804,273376,Kenya,359688,251804,Type_4,100000.0,115112.0,2023-08-30,2023-11-28,90,Repeat Loan,2375.0,0.02375,2734.0,0
1632,ID_244219359689251804,244219,Kenya,359689,251804,Type_4,140000.0,161000.0,2023-08-30,2023-11-28,90,Repeat Loan,33250.0,0.2375,38238.0,0
1633,ID_244219359689267278,244219,Kenya,359689,267278,Type_4,140000.0,161000.0,2023-08-30,2023-11-28,90,Repeat Loan,33250.0,0.2375,38238.0,0
1634,ID_273359359702251804,273359,Kenya,359702,251804,Type_4,15000.0,16050.0,2023-08-31,2023-09-30,30,Repeat Loan,3562.0,0.237466666666666,3811.0,0
1635,ID_273359359702267278,273359,Kenya,359702,267278,Type_4,15000.0,16050.0,2023-08-31,2023-09-30,30,Repeat Loan,3562.0,0.237466666666666,3811.0,0
1636,ID_273370359722251804,273370,Kenya,359722,251804,Type_10,121597.0,123421.04,2023-09-01,2023-10-15,44,Repeat Loan,1693.0,0.013923040864495,1718.0,0
1637,ID_273370359722267278,273370,Kenya,359722,267278,Type_10,121597.0,123421.04,2023-09-01,2023-10-15,44,Repeat Loan,2454.0,0.0201814189494806,2491.0,0
1638,ID_259206359724267278,259206,Kenya,359724,267278,Type_10,461752.0,469035.85,2023-09-01,2023-10-15,44,Repeat Loan,9759.0,0.0211347216687745,9913.0,0
1639,ID_259206359724251804,259206,Kenya,359724,251804,Type_10,461752.0,469035.85,2023-09-01,2023-10-15,44,Repeat Loan,7349.0,0.0159154697759836,7465.0,0
1640,ID_252041359725251804,252041,Kenya,359725,251804,Type_10,73768.0,74915.54,2023-09-01,2023-10-15,44,Repeat Loan,957.0,0.01297310486932,972.0,0
1641,ID_252041359725267278,252041,Kenya,359725,267278,Type_10,73768.0,74915.54,2023-09-01,2023-10-15,44,Repeat Loan,1566.0,0.0212287170588873,1590.0,0
1642,ID_259843359727267278,259843,Kenya,359727,267278,Type_10,281230.0,285448.45,2023-09-01,2023-10-15,44,Repeat Loan,56740.0,0.201756569356043,57591.0,0
1643,ID_259843359727251804,259843,Kenya,359727,251804,Type_10,281230.0,285448.45,2023-09-01,2023-10-15,44,Repeat Loan,40196.0,0.142929274970664,40799.0,0
1644,ID_238200359732251804,238200,Kenya,359732,251804,Type_4,5000.0,5225.0,2023-09-01,2023-09-15,14,Repeat Loan,1187.0,0.2374,1240.0,0
1645,ID_238200359732267278,238200,Kenya,359732,267278,Type_4,5000.0,5225.0,2023-09-01,2023-09-15,14,Repeat Loan,1187.0,0.2374,1240.0,0
1646,ID_272470359743251804,272470,Kenya,359743,251804,Type_10,186301.0,189400.88,2023-09-02,2023-10-15,43,Repeat Loan,2529.0,0.0135748063617479,2571.0,0
1647,ID_272470359743267278,272470,Kenya,359743,267278,Type_10,186301.0,189400.88,2023-09-02,2023-10-15,43,Repeat Loan,4465.0,0.0239665916983805,4539.0,0
1648,ID_261841359749251804,261841,Kenya,359749,251804,Type_10,245842.0,249529.67,2023-09-03,2023-10-15,42,Repeat Loan,40509.0,0.164776563809275,41117.0,0
1649,ID_261841359749267278,261841,Kenya,359749,267278,Type_10,245842.0,249529.67,2023-09-03,2023-10-15,42,Repeat Loan,48253.0,0.196276470253252,48977.0,0
1650,ID_261839359750251804,261839,Kenya,359750,251804,Type_10,452745.0,460586.52,2023-09-03,2023-10-15,42,Repeat Loan,6134.0,0.0135484654717335,6240.0,0
1651,ID_261839359750267278,261839,Kenya,359750,267278,Type_10,452745.0,460586.52,2023-09-03,2023-10-15,42,Repeat Loan,10879.0,0.0240289787849672,11067.0,0
1652,ID_273351359752267278,273351,Kenya,359752,267278,Type_10,131428.5,133399.93,2023-09-03,2023-10-15,42,Repeat Loan,2657.0,0.0202163153349539,2697.0,0
1653,ID_273351359752251804,273351,Kenya,359752,251804,Type_10,131428.5,133399.93,2023-09-03,2023-10-15,42,Repeat Loan,1848.0,0.0140608772069984,1876.0,0
1654,ID_259334359764267278,259334,Kenya,359764,267278,Type_10,175300.0,178456.81,2023-09-05,2023-10-15,40,Repeat Loan,4338.0,0.0247461494580718,4416.0,0
1655,ID_259334359764251804,259334,Kenya,359764,251804,Type_10,175300.0,178456.81,2023-09-05,2023-10-15,40,Repeat Loan,2615.0,0.0149172846548773,2662.0,0
1656,ID_273344359767251804,273344,Kenya,359767,251804,Type_10,9719.4,9865.19,2023-09-05,2023-10-15,40,Repeat Loan,184.0,0.0189312097454575,187.0,0
1657,ID_273344359767267278,273344,Kenya,359767,267278,Type_10,9719.4,9865.19,2023-09-05,2023-10-15,40,Repeat Loan,184.0,0.0189312097454575,187.0,0
1658,ID_288538359768251804,288538,Kenya,359768,251804,Type_4,14000.0,14630.0,2023-09-05,2023-09-19,14,Repeat Loan,3325.0,0.2375,3475.0,0
1659,ID_288538359768267278,288538,Kenya,359768,267278,Type_4,14000.0,14630.0,2023-09-05,2023-09-19,14,Repeat Loan,3325.0,0.2375,3475.0,0
1660,ID_272412359769251804,272412,Kenya,359769,251804,Type_4,20000.0,21400.0,2023-09-05,2023-10-05,30,Repeat Loan,475.0,0.02375,508.0,0
1661,ID_272412359769267278,272412,Kenya,359769,267278,Type_4,20000.0,21400.0,2023-09-05,2023-10-05,30,Repeat Loan,475.0,0.02375,508.0,0
1662,ID_256496359770251804,256496,Kenya,359770,251804,Type_4,80000.0,100712.0,2023-09-05,2023-12-04,90,Repeat Loan,19000.0,0.2375,23919.0,1
1663,ID_256496359770267278,256496,Kenya,359770,267278,Type_4,80000.0,100712.0,2023-09-05,2023-12-04,90,Repeat Loan,19000.0,0.2375,23919.0,1
1664,ID_245448359773267278,245448,Kenya,359773,267278,Type_4,60000.0,67200.0,2023-09-06,2023-11-05,60,Repeat Loan,14250.0,0.2375,15960.0,0
1665,ID_245448359773251804,245448,Kenya,359773,251804,Type_4,60000.0,67200.0,2023-09-06,2023-11-05,60,Repeat Loan,14250.0,0.2375,15960.0,0
1666,ID_288588359774267278,288588,Kenya,359774,267278,Type_4,20000.0,21400.0,2023-09-06,2023-10-06,30,New Loan,4750.0,0.2375,5083.0,0
1667,ID_288588359774251804,288588,Kenya,359774,251804,Type_4,20000.0,21400.0,2023-09-06,2023-10-06,30,Repeat Loan,4750.0,0.2375,5083.0,0
1668,ID_273684359775267278,273684,Kenya,359775,267278,Type_4,5000.0,5275.0,2023-09-06,2023-09-20,14,Repeat Loan,1187.0,0.2374,1252.0,0
1669,ID_273684359775251804,273684,Kenya,359775,251804,Type_4,5000.0,5275.0,2023-09-06,2023-09-20,14,New Loan,1187.0,0.2374,1252.0,0
1670,ID_288496359792267278,288496,Kenya,359792,267278,Type_4,20000.0,21400.0,2023-09-07,2023-10-07,30,Repeat Loan,4750.0,0.2375,5083.0,0
1671,ID_288496359792251804,288496,Kenya,359792,251804,Type_4,20000.0,21400.0,2023-09-07,2023-10-07,30,Repeat Loan,4750.0,0.2375,5083.0,0
1672,ID_240661359793267278,240661,Kenya,359793,267278,Type_4,10000.0,10700.0,2023-09-07,2023-10-07,30,Repeat Loan,2375.0,0.2375,2541.0,0
1673,ID_240661359793251804,240661,Kenya,359793,251804,Type_4,10000.0,10700.0,2023-09-07,2023-10-07,30,Repeat Loan,2375.0,0.2375,2541.0,0
1674,ID_273705359803251804,273705,Kenya,359803,251804,Type_4,40000.0,44815.0,2023-09-09,2023-11-08,60,Repeat Loan,9500.0,0.2375,10644.0,1
1675,ID_273705359803267278,273705,Kenya,359803,267278,Type_4,40000.0,44815.0,2023-09-09,2023-11-08,60,Repeat Loan,9500.0,0.2375,10644.0,1
1676,ID_273721359810251804,273721,Kenya,359810,251804,Type_4,90000.0,103739.0,2023-09-11,2023-12-10,90,Repeat Loan,21375.0,0.2375,24638.0,0
1677,ID_273721359810267278,273721,Kenya,359810,267278,Type_4,90000.0,103739.0,2023-09-11,2023-12-10,90,Repeat Loan,21375.0,0.2375,24638.0,0
1678,ID_241289359811251804,241289,Kenya,359811,251804,Type_4,45000.0,48150.0,2023-09-11,2023-10-11,30,Repeat Loan,10687.0,0.237488888888888,11435.0,0
1679,ID_241289359811267278,241289,Kenya,359811,267278,Type_4,45000.0,48150.0,2023-09-11,2023-10-11,30,Repeat Loan,10687.0,0.237488888888888,11435.0,0
1680,ID_270080359824267278,270080,Kenya,359824,267278,Type_4,10000.0,10700.0,2023-09-12,2023-10-12,30,Repeat Loan,2375.0,0.2375,2541.0,0
1681,ID_270080359824251804,270080,Kenya,359824,251804,Type_4,10000.0,10700.0,2023-09-12,2023-10-12,30,Repeat Loan,2375.0,0.2375,2541.0,0
1682,ID_292591359826251804,292591,Kenya,359826,251804,Type_4,100000.0,107000.0,2023-09-12,2023-10-12,30,New Loan,23750.0,0.2375,25413.0,0
1683,ID_292591359826267278,292591,Kenya,359826,267278,Type_4,100000.0,107000.0,2023-09-12,2023-10-12,30,Repeat Loan,23750.0,0.2375,25413.0,0
1684,ID_273350359837267278,273350,Kenya,359837,267278,Type_4,165000.0,189750.0,2023-09-13,2023-12-12,90,Repeat Loan,39187.0,0.237496969696969,45065.0,0
1685,ID_273350359837251804,273350,Kenya,359837,251804,Type_4,165000.0,189750.0,2023-09-13,2023-12-12,90,Repeat Loan,39187.0,0.237496969696969,45065.0,0
1686,ID_242023359839267278,242023,Kenya,359839,267278,Type_4,105000.0,120750.0,2023-09-13,2023-12-12,90,Repeat Loan,24937.0,0.237495238095238,28678.0,0
1687,ID_242023359839251804,242023,Kenya,359839,251804,Type_4,105000.0,120750.0,2023-09-13,2023-12-12,90,Repeat Loan,24937.0,0.237495238095238,28678.0,0
1688,ID_238532359845251804,238532,Kenya,359845,251804,Type_4,10000.0,10700.0,2023-09-13,2023-10-13,30,Repeat Loan,2375.0,0.2375,2541.0,0
1689,ID_238532359845267278,238532,Kenya,359845,267278,Type_4,10000.0,10700.0,2023-09-13,2023-10-13,30,Repeat Loan,2375.0,0.2375,2541.0,0
1690,ID_248734359853251804,248734,Kenya,359853,251804,Type_4,60000.0,67200.0,2023-09-14,2023-11-13,60,Repeat Loan,14250.0,0.2375,15960.0,0
1691,ID_248734359853267278,248734,Kenya,359853,267278,Type_4,60000.0,67200.0,2023-09-14,2023-11-13,60,Repeat Loan,14250.0,0.2375,15960.0,0
1692,ID_244683359854251804,244683,Kenya,359854,251804,Type_4,70000.0,78400.0,2023-09-14,2023-11-13,60,Repeat Loan,16625.0,0.2375,18620.0,0
1693,ID_244683359854267278,244683,Kenya,359854,267278,Type_4,70000.0,78400.0,2023-09-14,2023-11-13,60,Repeat Loan,16625.0,0.2375,18620.0,0
1694,ID_237786359863251804,237786,Kenya,359863,251804,Type_4,60000.0,67200.0,2023-09-14,2023-11-13,60,Repeat Loan,14250.0,0.2375,15960.0,0
1695,ID_237786359863267278,237786,Kenya,359863,267278,Type_4,60000.0,67200.0,2023-09-14,2023-11-13,60,Repeat Loan,14250.0,0.2375,15960.0,0
1696,ID_241291359864251804,241291,Kenya,359864,251804,Type_4,20000.0,21400.0,2023-09-14,2023-10-14,30,Repeat Loan,4750.0,0.2375,5083.0,0
1697,ID_241291359864267278,241291,Kenya,359864,267278,Type_4,20000.0,21400.0,2023-09-14,2023-10-14,30,Repeat Loan,4750.0,0.2375,5083.0,0
1698,ID_97434359872251804,97434,Kenya,359872,251804,Type_4,5000.0,5230.0,2023-09-15,2023-09-29,14,Repeat Loan,1187.0,0.2374,1242.0,0
1699,ID_97434359872267278,97434,Kenya,359872,267278,Type_4,5000.0,5230.0,2023-09-15,2023-09-29,14,Repeat Loan,1187.0,0.2374,1242.0,0
1700,ID_292601359884267278,292601,Kenya,359884,267278,Type_4,200000.0,230034.0,2023-09-18,2023-12-17,90,Repeat Loan,47500.0,0.2375,54633.0,0
1701,ID_292601359884251804,292601,Kenya,359884,251804,Type_4,200000.0,230034.0,2023-09-18,2023-12-17,90,Repeat Loan,47500.0,0.2375,54633.0,0
1702,ID_238480359887267278,238480,Kenya,359887,267278,Type_4,150000.0,172524.0,2023-09-18,2023-12-17,90,Repeat Loan,35625.0,0.2375,40974.0,0
1703,ID_238480359887251804,238480,Kenya,359887,251804,Type_4,150000.0,172524.0,2023-09-18,2023-12-17,90,Repeat Loan,35625.0,0.2375,40974.0,0
1704,ID_273743359926251804,273743,Kenya,359926,251804,Type_4,250000.0,278125.0,2023-09-20,2023-12-19,90,Repeat Loan,59375.0,0.2375,66055.0,0
1705,ID_273743359926267278,273743,Kenya,359926,267278,Type_4,250000.0,278125.0,2023-09-20,2023-12-19,90,Repeat Loan,59375.0,0.2375,66055.0,0
1706,ID_242060359928251804,242060,Kenya,359928,251804,Type_4,60000.0,67200.0,2023-09-20,2023-11-19,60,Repeat Loan,14250.0,0.2375,15960.0,0
1707,ID_242060359928267278,242060,Kenya,359928,267278,Type_4,60000.0,67200.0,2023-09-20,2023-11-19,60,Repeat Loan,14250.0,0.2375,15960.0,0
1708,ID_273654359942251804,273654,Kenya,359942,251804,Type_4,2000000.0,2184145.0,2023-09-21,2024-01-19,120,Repeat Loan,500000.0,0.25,546036.0,0
1709,ID_273654359942267278,273654,Kenya,359942,267278,Type_4,2000000.0,2184145.0,2023-09-21,2024-01-19,120,Repeat Loan,700000.0,0.35,764451.0,0
1710,ID_241237359943251804,241237,Kenya,359943,251804,Type_4,10000.0,10450.0,2023-09-21,2023-10-05,14,Repeat Loan,2375.0,0.2375,2482.0,0
1711,ID_241237359943267278,241237,Kenya,359943,267278,Type_4,10000.0,10450.0,2023-09-21,2023-10-05,14,Repeat Loan,2375.0,0.2375,2482.0,0
1712,ID_238200359945267278,238200,Kenya,359945,267278,Type_4,5400.0,5643.0,2023-09-21,2023-10-05,14,Repeat Loan,1282.0,0.237407407407407,1340.0,0
1713,ID_238200359945251804,238200,Kenya,359945,251804,Type_4,5400.0,5643.0,2023-09-21,2023-10-05,14,Repeat Loan,1282.0,0.237407407407407,1340.0,0
1714,ID_273377359946267278,273377,Kenya,359946,267278,Type_4,250000.0,278125.0,2023-09-21,2023-12-20,90,Repeat Loan,59375.0,0.2375,66055.0,0
1715,ID_273377359946251804,273377,Kenya,359946,251804,Type_4,250000.0,278125.0,2023-09-21,2023-12-20,90,Repeat Loan,59375.0,0.2375,66055.0,0
1716,ID_238197359947267278,238197,Kenya,359947,267278,Type_4,25000.0,26750.0,2023-09-21,2023-10-21,30,Repeat Loan,5937.0,0.23748,6353.0,0
1717,ID_238197359947251804,238197,Kenya,359947,251804,Type_4,25000.0,26750.0,2023-09-21,2023-10-21,30,Repeat Loan,5937.0,0.23748,6353.0,0
1718,ID_244451360105267278,244451,Kenya,360105,267278,Type_4,200000.0,224016.0,2023-10-04,2023-12-03,60,Repeat Loan,66666.0,0.33333,74671.0,0
1719,ID_244451360105251804,244451,Kenya,360105,251804,Type_4,200000.0,224016.0,2023-10-04,2023-12-03,60,Repeat Loan,17090.44,0.0854521999999999,19143.0,0
1720,ID_97434360119267278,97434,Kenya,360119,267278,Type_4,5000.0,5225.0,2023-10-05,2023-10-19,14,Repeat Loan,1666.0,0.3332,1741.0,0
1721,ID_97434360119251804,97434,Kenya,360119,251804,Type_4,5000.0,5225.0,2023-10-05,2023-10-19,14,Repeat Loan,1666.0,0.3332,1741.0,0
1722,ID_273757360120251804,273757,Kenya,360120,251804,Type_4,25000.0,26750.0,2023-10-05,2023-11-04,30,Repeat Loan,8333.0,0.33332,8916.0,0
1723,ID_273757360120267278,273757,Kenya,360120,267278,Type_4,25000.0,26750.0,2023-10-05,2023-11-04,30,Repeat Loan,8333.0,0.33332,8916.0,0
1724,ID_273751360160251804,273751,Kenya,360160,251804,Type_4,40000.0,44848.0,2023-10-09,2023-12-08,60,Repeat Loan,13333.0,0.333325,14949.0,0
1725,ID_273751360160267278,273751,Kenya,360160,267278,Type_4,40000.0,44848.0,2023-10-09,2023-12-08,60,Repeat Loan,13333.0,0.333325,14949.0,0
1726,ID_244760360161251804,244760,Kenya,360161,251804,Type_4,13000.0,13910.0,2023-10-09,2023-11-08,30,Repeat Loan,4333.0,0.333307692307692,4636.0,0
1727,ID_244760360161267278,244760,Kenya,360161,267278,Type_4,13000.0,13910.0,2023-10-09,2023-11-08,30,Repeat Loan,4333.0,0.333307692307692,4636.0,0
1728,ID_262761360162267278,262761,Kenya,360162,267278,Type_4,250000.0,278125.0,2023-10-09,2024-01-07,90,Repeat Loan,83333.0,0.333332,92708.0,0
1729,ID_262761360162251804,262761,Kenya,360162,251804,Type_4,250000.0,278125.0,2023-10-09,2024-01-07,90,Repeat Loan,83333.0,0.333332,92708.0,0
1730,ID_238716360177251804,238716,Kenya,360177,251804,Type_4,30000.0,32100.0,2023-10-11,2023-11-10,30,Repeat Loan,7500.0,0.25,8025.0,0
1731,ID_238716360177267278,238716,Kenya,360177,267278,Type_4,30000.0,32100.0,2023-10-11,2023-11-10,30,Repeat Loan,7500.0,0.25,8025.0,0
1732,ID_238532360191267278,238532,Kenya,360191,267278,Type_4,10000.0,10700.0,2023-10-12,2023-11-11,30,Repeat Loan,2500.0,0.25,2675.0,0
1733,ID_238532360191251804,238532,Kenya,360191,251804,Type_4,10000.0,10700.0,2023-10-12,2023-11-11,30,Repeat Loan,2500.0,0.25,2675.0,0
1734,ID_239266360202267278,239266,Kenya,360202,267278,Type_4,100000.0,115000.0,2023-10-13,2024-01-11,90,Repeat Loan,25000.0,0.25,28750.0,0
1735,ID_239266360202251804,239266,Kenya,360202,251804,Type_4,100000.0,115000.0,2023-10-13,2024-01-11,90,Repeat Loan,20048.22,0.2004822,23055.0,0
1736,ID_273579360204267278,273579,Kenya,360204,267278,Type_4,100000.0,115000.0,2023-10-13,2024-01-11,90,Repeat Loan,25000.0,0.25,28750.0,0
1737,ID_273579360204251804,273579,Kenya,360204,251804,Type_4,100000.0,115000.0,2023-10-13,2024-01-11,90,Repeat Loan,25000.0,0.25,28750.0,0
1738,ID_239019360205251804,239019,Kenya,360205,251804,Type_4,8000.0,8360.0,2023-10-13,2023-10-27,14,Repeat Loan,2000.0,0.25,2090.0,0
1739,ID_239019360205267278,239019,Kenya,360205,267278,Type_4,8000.0,8360.0,2023-10-13,2023-10-27,14,Repeat Loan,2000.0,0.25,2090.0,0
1740,ID_288813360234251804,288813,Kenya,360234,251804,Type_7,5875.0,5993.0,2023-10-16,2023-10-23,7,Repeat Loan,1101.0,0.187404255319148,1123.0,0
1741,ID_288813360234267278,288813,Kenya,360234,267278,Type_7,5875.0,5993.0,2023-10-16,2023-10-23,7,Repeat Loan,1101.0,0.187404255319148,1123.0,0
1742,ID_248135360236251804,248135,Kenya,360236,251804,Type_7,20000.0,20400.0,2023-10-16,2023-10-23,7,Repeat Loan,3750.0,0.1875,3825.0,0
1743,ID_248135360236267278,248135,Kenya,360236,267278,Type_7,20000.0,20400.0,2023-10-16,2023-10-23,7,Repeat Loan,3750.0,0.1875,3825.0,0
1744,ID_240010360237267278,240010,Kenya,360237,267278,Type_7,9640.0,9833.0,2023-10-16,2023-10-23,7,Repeat Loan,1807.0,0.187448132780083,1843.0,0
1745,ID_240010360237251804,240010,Kenya,360237,251804,Type_7,9640.0,9833.0,2023-10-16,2023-10-23,7,Repeat Loan,1807.0,0.187448132780083,1843.0,0
1746,ID_273574360245251804,273574,Kenya,360245,251804,Type_4,11500.0,12305.0,2023-10-16,2023-11-15,30,Repeat Loan,2875.0,0.25,3076.0,0
1747,ID_273574360245267278,273574,Kenya,360245,267278,Type_4,11500.0,12305.0,2023-10-16,2023-11-15,30,Repeat Loan,2875.0,0.25,3076.0,0
1748,ID_238232360247267278,238232,Kenya,360247,267278,Type_4,25000.0,28047.0,2023-10-16,2023-12-15,60,Repeat Loan,6250.0,0.25,7012.0,0
1749,ID_238232360247251804,238232,Kenya,360247,251804,Type_4,25000.0,28047.0,2023-10-16,2023-12-15,60,Repeat Loan,6250.0,0.25,7012.0,0
1750,ID_288521360252251804,288521,Kenya,360252,251804,Type_7,17364.0,17712.0,2023-10-17,2023-10-24,7,Repeat Loan,3255.0,0.187456807187284,3320.0,0
1751,ID_288521360252267278,288521,Kenya,360252,267278,Type_7,17364.0,17712.0,2023-10-17,2023-10-24,7,Repeat Loan,3255.0,0.187456807187284,3320.0,0
1752,ID_288742360253267278,288742,Kenya,360253,267278,Type_7,11000.0,11220.0,2023-10-17,2023-10-24,7,Repeat Loan,2062.0,0.187454545454545,2103.0,0
1753,ID_288742360253251804,288742,Kenya,360253,251804,Type_7,11000.0,11220.0,2023-10-17,2023-10-24,7,Repeat Loan,2062.0,0.187454545454545,2103.0,0
1754,ID_261907360255267278,261907,Kenya,360255,267278,Type_7,23595.0,24067.0,2023-10-17,2023-10-24,7,Repeat Loan,4424.0,0.187497351133714,4512.0,0
1755,ID_261907360255251804,261907,Kenya,360255,251804,Type_7,23595.0,24067.0,2023-10-17,2023-10-24,7,Repeat Loan,4424.0,0.187497351133714,4512.0,0
1756,ID_292651360261267278,292651,Kenya,360261,267278,Type_7,14300.0,14586.0,2023-10-17,2023-10-24,7,Repeat Loan,2681.0,0.187482517482517,2735.0,0
1757,ID_292651360261251804,292651,Kenya,360261,251804,Type_7,14300.0,14586.0,2023-10-17,2023-10-24,7,Repeat Loan,2681.0,0.187482517482517,2735.0,0
1758,ID_288536360265251804,288536,Kenya,360265,251804,Type_4,65000.0,74750.0,2023-10-17,2024-01-15,90,Repeat Loan,16250.0,0.25,18688.0,0
1759,ID_288536360265267278,288536,Kenya,360265,267278,Type_4,65000.0,74750.0,2023-10-17,2024-01-15,90,Repeat Loan,16250.0,0.25,18688.0,0
1760,ID_273176360271267278,273176,Kenya,360271,267278,Type_7,24500.0,24990.0,2023-10-18,2023-10-25,7,Repeat Loan,4593.0,0.187469387755102,4685.0,0
1761,ID_273176360271251804,273176,Kenya,360271,251804,Type_7,24500.0,24990.0,2023-10-18,2023-10-25,7,Repeat Loan,4593.0,0.187469387755102,4685.0,0
1762,ID_273644360279251804,273644,Kenya,360279,251804,Type_4,12000.0,12840.0,2023-10-18,2023-11-17,30,Repeat Loan,3000.0,0.25,3210.0,0
1763,ID_273644360279267278,273644,Kenya,360279,267278,Type_4,12000.0,12840.0,2023-10-18,2023-11-17,30,Repeat Loan,3000.0,0.25,3210.0,0
1764,ID_273731360281267278,273731,Kenya,360281,267278,Type_4,44000.0,49292.0,2023-10-18,2023-12-17,60,Repeat Loan,11000.0,0.25,12323.0,0
1765,ID_273731360281251804,273731,Kenya,360281,251804,Type_4,44000.0,49292.0,2023-10-18,2023-12-17,60,Repeat Loan,11000.0,0.25,12323.0,0
1766,ID_288522360287251804,288522,Kenya,360287,251804,Type_7,24980.0,33443.0,2023-10-18,2023-10-25,7,Repeat Loan,4683.0,0.187469975980784,6270.0,1
1767,ID_288522360287267278,288522,Kenya,360287,267278,Type_7,24980.0,33443.0,2023-10-18,2023-10-25,7,Repeat Loan,4683.0,0.187469975980784,6270.0,1
1768,ID_240010360289267278,240010,Kenya,360289,267278,Type_7,10000.0,10200.0,2023-10-19,2023-10-26,7,Repeat Loan,1875.0,0.1875,1913.0,0
1769,ID_240010360289251804,240010,Kenya,360289,251804,Type_7,10000.0,10200.0,2023-10-19,2023-10-26,7,Repeat Loan,1875.0,0.1875,1913.0,0
1770,ID_238197360291251804,238197,Kenya,360291,251804,Type_4,35000.0,41127.0,2023-10-19,2023-12-18,60,Repeat Loan,8750.0,0.25,10282.0,0
1771,ID_238197360291267278,238197,Kenya,360291,267278,Type_4,35000.0,41127.0,2023-10-19,2023-12-18,60,Repeat Loan,8750.0,0.25,10282.0,0
1772,ID_273572360292267278,273572,Kenya,360292,267278,Type_4,60000.0,69000.0,2023-10-19,2024-01-17,90,Repeat Loan,15000.0,0.25,17250.0,0
1773,ID_273572360292251804,273572,Kenya,360292,251804,Type_4,60000.0,69000.0,2023-10-19,2024-01-17,90,Repeat Loan,15000.0,0.25,17250.0,0
1774,ID_288538360293251804,288538,Kenya,360293,251804,Type_4,20000.0,20900.0,2023-10-19,2023-11-02,14,Repeat Loan,5000.0,0.25,5225.0,0
1775,ID_288538360293267278,288538,Kenya,360293,267278,Type_4,20000.0,20900.0,2023-10-19,2023-11-02,14,Repeat Loan,5000.0,0.25,5225.0,0
1776,ID_269332360335267278,269332,Kenya,360335,267278,Type_7,3000.0,3060.0,2023-10-23,2023-10-30,7,Repeat Loan,562.0,0.187333333333333,573.0,0
1777,ID_269332360335251804,269332,Kenya,360335,251804,Type_7,3000.0,3060.0,2023-10-23,2023-10-30,7,Repeat Loan,562.0,0.187333333333333,573.0,0
1778,ID_244536360339251804,244536,Kenya,360339,251804,Type_4,200000.0,230000.0,2023-10-23,2024-01-21,90,Repeat Loan,50000.0,0.25,57500.0,0
1779,ID_244536360339267278,244536,Kenya,360339,267278,Type_4,200000.0,230000.0,2023-10-23,2024-01-21,90,Repeat Loan,50000.0,0.25,57500.0,0
1780,ID_288544360341267278,288544,Kenya,360341,267278,Type_4,38000.0,42560.0,2023-10-23,2023-12-22,60,Repeat Loan,9500.0,0.25,10640.0,0
1781,ID_288544360341251804,288544,Kenya,360341,251804,Type_4,38000.0,42560.0,2023-10-23,2023-12-22,60,Repeat Loan,9500.0,0.25,10640.0,0
1782,ID_269332360356251804,269332,Kenya,360356,251804,Type_7,3545.0,3616.0,2023-10-25,2023-11-01,7,Repeat Loan,664.0,0.187306064880112,677.0,0
1783,ID_269332360356267278,269332,Kenya,360356,267278,Type_7,3545.0,3616.0,2023-10-25,2023-11-01,7,Repeat Loan,664.0,0.187306064880112,677.0,0
1784,ID_288813360365251804,288813,Kenya,360365,251804,Type_7,6237.0,6362.0,2023-10-25,2023-11-01,7,Repeat Loan,1169.0,0.18742985409652,1192.0,0
1785,ID_288813360365267278,288813,Kenya,360365,267278,Type_7,6237.0,6362.0,2023-10-25,2023-11-01,7,Repeat Loan,1169.0,0.18742985409652,1192.0,0
1786,ID_245448360374267278,245448,Kenya,360374,267278,Type_4,87000.0,97440.0,2023-10-26,2023-12-25,60,Repeat Loan,21750.0,0.25,24360.0,0
1787,ID_245448360374251804,245448,Kenya,360374,251804,Type_4,87000.0,97440.0,2023-10-26,2023-12-25,60,Repeat Loan,21750.0,0.25,24360.0,0
1788,ID_240010360388251804,240010,Kenya,360388,251804,Type_7,9979.0,10179.0,2023-10-27,2023-11-03,7,Repeat Loan,1871.0,0.187493736847379,1908.0,0
1789,ID_240010360388267278,240010,Kenya,360388,267278,Type_7,9979.0,10179.0,2023-10-27,2023-11-03,7,Repeat Loan,1871.0,0.187493736847379,1908.0,0
1790,ID_261907360389267278,261907,Kenya,360389,267278,Type_7,39645.0,40438.0,2023-10-27,2023-11-03,7,Repeat Loan,7433.0,0.187488964560474,7582.0,0
1791,ID_261907360389251804,261907,Kenya,360389,251804,Type_7,39645.0,40438.0,2023-10-27,2023-11-03,7,Repeat Loan,7433.0,0.187488964560474,7582.0,0
1792,ID_240661360397251804,240661,Kenya,360397,251804,Type_4,10000.0,10700.0,2023-10-27,2023-11-26,30,Repeat Loan,2500.0,0.25,2675.0,0
1793,ID_240661360397267278,240661,Kenya,360397,267278,Type_4,10000.0,10700.0,2023-10-27,2023-11-26,30,Repeat Loan,2500.0,0.25,2675.0,0
1794,ID_273698360408251804,273698,Kenya,360408,251804,Type_4,150000.0,172500.0,2023-10-30,2024-01-28,90,Repeat Loan,37500.0,0.25,43125.0,0
1795,ID_273698360408267278,273698,Kenya,360408,267278,Type_4,150000.0,172500.0,2023-10-30,2024-01-28,90,Repeat Loan,37500.0,0.25,43125.0,0
1796,ID_272811360422251804,272811,Kenya,360422,251804,Type_4,60000.0,67342.0,2023-10-31,2023-12-30,60,Repeat Loan,15000.0,0.25,16836.0,0
1797,ID_272811360422267278,272811,Kenya,360422,267278,Type_4,60000.0,67342.0,2023-10-31,2023-12-30,60,Repeat Loan,15000.0,0.25,16836.0,0
1798,ID_245204360442267278,245204,Kenya,360442,267278,Type_4,25000.0,26750.0,2023-11-01,2023-12-01,30,Repeat Loan,6250.0,0.25,6688.0,0
1799,ID_245204360442251804,245204,Kenya,360442,251804,Type_4,25000.0,26750.0,2023-11-01,2023-12-01,30,Repeat Loan,6250.0,0.25,6688.0,0
1800,ID_239237360444251804,239237,Kenya,360444,251804,Type_4,25000.0,28021.0,2023-11-01,2023-12-31,60,Repeat Loan,6250.0,0.25,7005.0,0
1801,ID_239237360444267278,239237,Kenya,360444,267278,Type_4,25000.0,28021.0,2023-11-01,2023-12-31,60,Repeat Loan,6250.0,0.25,7005.0,0
1802,ID_273485360445267278,273485,Kenya,360445,267278,Type_4,40000.0,44800.0,2023-11-01,2023-12-31,60,Repeat Loan,10000.0,0.25,11200.0,0
1803,ID_273485360445251804,273485,Kenya,360445,251804,Type_4,40000.0,44800.0,2023-11-01,2023-12-31,60,Repeat Loan,10000.0,0.25,11200.0,0
1804,ID_288813360452251804,288813,Kenya,360452,251804,Type_7,6642.0,6775.0,2023-11-02,2023-11-09,7,Repeat Loan,1245.0,0.187443541102077,1270.0,0
1805,ID_288813360452267278,288813,Kenya,360452,267278,Type_7,6642.0,6775.0,2023-11-02,2023-11-09,7,Repeat Loan,1245.0,0.187443541102077,1270.0,0
1806,ID_271519360454267278,271519,Kenya,360454,267278,Type_4,2000000.0,2276000.0,2023-11-02,2024-04-30,180,Repeat Loan,800000.0,0.4,910400.0,1
1807,ID_271519360454251804,271519,Kenya,360454,251804,Type_4,2000000.0,2276000.0,2023-11-02,2024-04-30,180,Repeat Loan,150000.0,0.075,170700.0,0
1808,ID_272677360457251804,272677,Kenya,360457,251804,Type_4,150000.0,172500.0,2023-11-02,2024-01-31,90,Repeat Loan,37500.0,0.25,43125.0,0
1809,ID_272677360457267278,272677,Kenya,360457,267278,Type_4,150000.0,172500.0,2023-11-02,2024-01-31,90,Repeat Loan,37500.0,0.25,43125.0,0
1810,ID_292353360458251804,292353,Kenya,360458,251804,Type_4,94000.0,108100.0,2023-11-02,2024-01-31,90,Repeat Loan,23500.0,0.25,27029.0,0
1811,ID_292353360458267278,292353,Kenya,360458,267278,Type_4,94000.0,108100.0,2023-11-02,2024-01-31,90,Repeat Loan,23500.0,0.25,27029.0,0
1812,ID_270169360459251804,270169,Kenya,360459,251804,Type_4,250000.0,278125.0,2023-11-02,2024-01-31,90,Repeat Loan,62500.0,0.25,69531.0,0
1813,ID_270169360459267278,270169,Kenya,360459,267278,Type_4,250000.0,278125.0,2023-11-02,2024-01-31,90,Repeat Loan,62500.0,0.25,69531.0,0
1814,ID_292591360460251804,292591,Kenya,360460,251804,Type_4,150000.0,157500.0,2023-11-02,2023-12-02,30,Repeat Loan,37500.0,0.25,39375.0,0
1815,ID_292591360460267278,292591,Kenya,360460,267278,Type_4,150000.0,157500.0,2023-11-02,2023-12-02,30,Repeat Loan,37500.0,0.25,39375.0,0
1816,ID_273584360461267278,273584,Kenya,360461,267278,Type_4,12000.0,12840.0,2023-11-02,2023-12-02,30,Repeat Loan,3000.0,0.25,3210.0,0
1817,ID_273584360461251804,273584,Kenya,360461,251804,Type_4,12000.0,12840.0,2023-11-02,2023-12-02,30,Repeat Loan,3000.0,0.25,3210.0,0
1818,ID_288496360468251804,288496,Kenya,360468,251804,Type_4,45000.0,50400.0,2023-11-03,2024-01-02,60,Repeat Loan,11250.0,0.25,12600.0,0
1819,ID_288496360468267278,288496,Kenya,360468,267278,Type_4,45000.0,50400.0,2023-11-03,2024-01-02,60,Repeat Loan,11250.0,0.25,12600.0,0
1820,ID_247657360469251804,247657,Kenya,360469,251804,Type_4,10000.0,10450.0,2023-11-03,2023-11-17,14,Repeat Loan,2500.0,0.25,2613.0,0
1821,ID_247657360469267278,247657,Kenya,360469,267278,Type_4,10000.0,10450.0,2023-11-03,2023-11-17,14,Repeat Loan,2500.0,0.25,2613.0,0
1822,ID_244516360478267278,244516,Kenya,360478,267278,Type_7,12135.0,12378.0,2023-11-06,2023-11-13,7,Repeat Loan,2275.0,0.187474248042851,2321.0,0
1823,ID_244516360478251804,244516,Kenya,360478,251804,Type_7,12135.0,12378.0,2023-11-06,2023-11-13,7,Repeat Loan,2275.0,0.187474248042851,2321.0,0
1824,ID_269332360479267278,269332,Kenya,360479,267278,Type_7,4065.0,4147.0,2023-11-06,2023-11-13,7,Repeat Loan,762.0,0.187453874538745,777.0,0
1825,ID_269332360479251804,269332,Kenya,360479,251804,Type_7,4065.0,4147.0,2023-11-06,2023-11-13,7,Repeat Loan,762.0,0.187453874538745,777.0,0
1826,ID_292651360480267278,292651,Kenya,360480,267278,Type_7,14300.0,14586.0,2023-11-06,2023-11-13,7,Repeat Loan,2681.0,0.187482517482517,2735.0,0
1827,ID_292651360480251804,292651,Kenya,360480,251804,Type_7,14300.0,14586.0,2023-11-06,2023-11-13,7,Repeat Loan,2681.0,0.187482517482517,2735.0,0
1828,ID_273757360482251804,273757,Kenya,360482,251804,Type_4,30000.0,33512.0,2023-11-06,2023-12-06,30,Repeat Loan,7500.0,0.25,8378.0,1
1829,ID_273757360482267278,273757,Kenya,360482,267278,Type_4,30000.0,33512.0,2023-11-06,2023-12-06,30,Repeat Loan,7500.0,0.25,8378.0,1
1830,ID_268614360484267278,268614,Kenya,360484,267278,Type_4,24000.0,25680.0,2023-11-06,2023-12-06,30,Repeat Loan,6000.0,0.25,6420.0,0
1831,ID_268614360484251804,268614,Kenya,360484,251804,Type_4,24000.0,25680.0,2023-11-06,2023-12-06,30,Repeat Loan,6000.0,0.25,6420.0,0
1832,ID_293818360485267278,293818,Kenya,360485,267278,Type_4,10000.0,10450.0,2023-11-06,2023-11-20,14,Repeat Loan,2500.0,0.25,2613.0,0
1833,ID_293818360485251804,293818,Kenya,360485,251804,Type_4,10000.0,10450.0,2023-11-06,2023-11-20,14,New Loan,2500.0,0.25,2613.0,0
1834,ID_238716360489251804,238716,Kenya,360489,251804,Type_4,30000.0,32100.0,2023-11-06,2023-12-06,30,Repeat Loan,7500.0,0.25,8025.0,0
1835,ID_238716360489267278,238716,Kenya,360489,267278,Type_4,30000.0,32100.0,2023-11-06,2023-12-06,30,Repeat Loan,7500.0,0.25,8025.0,0
1836,ID_238781360490267278,238781,Kenya,360490,267278,Type_4,150000.0,172500.0,2023-11-06,2024-02-04,90,Repeat Loan,37500.0,0.25,43125.0,0
1837,ID_238781360490251804,238781,Kenya,360490,251804,Type_4,150000.0,172500.0,2023-11-06,2024-02-04,90,Repeat Loan,37500.0,0.25,43125.0,0
1838,ID_272181360498267278,272181,Kenya,360498,267278,Type_4,3500000.0,3984176.0,2023-11-07,2024-05-05,180,Repeat Loan,1600000.0,0.457142857142857,1821338.0,1
1839,ID_272181360498251804,272181,Kenya,360498,251804,Type_4,3500000.0,3984176.0,2023-11-07,2024-05-05,180,Repeat Loan,100000.0,0.0285714285714285,113834.0,0
1840,ID_273741360511267278,273741,Kenya,360511,267278,Type_4,30000.0,33600.0,2023-11-07,2024-01-06,60,Repeat Loan,7500.0,0.25,8400.0,0
1841,ID_273741360511251804,273741,Kenya,360511,251804,Type_4,30000.0,33600.0,2023-11-07,2024-01-06,60,Repeat Loan,7500.0,0.25,8400.0,0
1842,ID_273748360512251804,273748,Kenya,360512,251804,Type_4,20000.0,21400.0,2023-11-07,2023-12-07,30,Repeat Loan,5000.0,0.25,5350.0,0
1843,ID_273748360512267278,273748,Kenya,360512,267278,Type_4,20000.0,21400.0,2023-11-07,2023-12-07,30,Repeat Loan,5000.0,0.25,5350.0,0
1844,ID_293859360513251804,293859,Kenya,360513,251804,Type_4,20000.0,21400.0,2023-11-07,2023-12-07,30,New Loan,5000.0,0.25,5350.0,0
1845,ID_293859360513267278,293859,Kenya,360513,267278,Type_4,20000.0,21400.0,2023-11-07,2023-12-07,30,Repeat Loan,5000.0,0.25,5350.0,0
1846,ID_247537360514251804,247537,Kenya,360514,251804,Type_4,700000.0,770350.0,2023-11-08,2024-02-06,90,Repeat Loan,50000.0,0.0714285714285714,55025.0,0
1847,ID_247537360514267278,247537,Kenya,360514,267278,Type_4,700000.0,770350.0,2023-11-08,2024-02-06,90,Repeat Loan,300000.0,0.428571428571428,330150.0,0
1848,ID_273176360520267278,273176,Kenya,360520,267278,Type_7,49500.0,50490.0,2023-11-08,2023-11-15,7,Repeat Loan,9281.0,0.187494949494949,9467.0,0
1849,ID_273176360520251804,273176,Kenya,360520,251804,Type_7,49500.0,50490.0,2023-11-08,2023-11-15,7,Repeat Loan,9281.0,0.187494949494949,9467.0,0
1850,ID_288763360522267278,288763,Kenya,360522,267278,Type_7,11565.0,11797.0,2023-11-08,2023-11-15,7,Repeat Loan,2168.0,0.187462170341547,2211.0,0
1851,ID_288763360522251804,288763,Kenya,360522,251804,Type_7,11565.0,11797.0,2023-11-08,2023-11-15,7,Repeat Loan,2168.0,0.187462170341547,2211.0,0
1852,ID_288830360524267278,288830,Kenya,360524,267278,Type_7,3300.0,3366.0,2023-11-08,2023-11-15,7,Repeat Loan,618.0,0.187272727272727,630.0,0
1853,ID_288830360524251804,288830,Kenya,360524,251804,Type_7,3300.0,3366.0,2023-11-08,2023-11-15,7,Repeat Loan,618.0,0.187272727272727,630.0,0
1854,ID_239870360525267278,239870,Kenya,360525,267278,Type_4,15000.0,16050.0,2023-11-08,2023-12-08,30,Repeat Loan,3750.0,0.25,4013.0,0
1855,ID_239870360525251804,239870,Kenya,360525,251804,Type_4,15000.0,16050.0,2023-11-08,2023-12-08,30,Repeat Loan,3750.0,0.25,4013.0,0
1856,ID_237786360536251804,237786,Kenya,360536,251804,Type_4,60000.0,67200.0,2023-11-09,2024-01-08,60,Repeat Loan,15000.0,0.25,16800.0,0
1857,ID_237786360536267278,237786,Kenya,360536,267278,Type_4,60000.0,67200.0,2023-11-09,2024-01-08,60,Repeat Loan,15000.0,0.25,16800.0,0
1858,ID_249352360538267278,249352,Kenya,360538,267278,Type_4,210000.0,231105.0,2023-11-09,2024-02-07,90,Repeat Loan,52500.0,0.25,57776.0,0
1859,ID_249352360538251804,249352,Kenya,360538,251804,Type_4,210000.0,231105.0,2023-11-09,2024-02-07,90,Repeat Loan,45019.19,0.214377095238095,49544.0,0
1860,ID_293863360545251804,293863,Kenya,360545,251804,Type_4,2000000.0,2046000.0,2023-11-10,2023-12-10,30,Repeat Loan,4000.0,0.002,4092.0,0
1861,ID_293863360545267278,293863,Kenya,360545,267278,Type_4,2000000.0,2046000.0,2023-11-10,2023-12-10,30,New Loan,50000.0,0.025,51150.0,0
1862,ID_293898360567251804,293898,Kenya,360567,251804,Type_4,70000.0,78440.0,2023-11-13,2024-01-12,60,Repeat Loan,26250.0,0.375,29415.0,0
1863,ID_293898360567267278,293898,Kenya,360567,267278,Type_4,70000.0,78440.0,2023-11-13,2024-01-12,60,New Loan,26250.0,0.375,29415.0,0
1864,ID_248135360572267278,248135,Kenya,360572,267278,Type_7,19878.0,20276.0,2023-11-14,2023-11-21,7,Repeat Loan,4969.0,0.24997484656404,5068.0,0
1865,ID_248135360572251804,248135,Kenya,360572,251804,Type_7,19878.0,20276.0,2023-11-14,2023-11-21,7,Repeat Loan,4969.0,0.24997484656404,5068.0,0
1866,ID_269332360574251804,269332,Kenya,360574,251804,Type_7,8650.0,8823.0,2023-11-14,2023-11-21,7,Repeat Loan,2162.0,0.249942196531791,2205.0,0
1867,ID_269332360574267278,269332,Kenya,360574,267278,Type_7,8650.0,8823.0,2023-11-14,2023-11-21,7,Repeat Loan,2162.0,0.249942196531791,2205.0,0
1868,ID_244683360575267278,244683,Kenya,360575,267278,Type_4,90000.0,103500.0,2023-11-14,2024-02-12,90,Repeat Loan,45000.0,0.5,51750.0,0
1869,ID_244683360575251804,244683,Kenya,360575,251804,Type_4,90000.0,103500.0,2023-11-14,2024-02-12,90,Repeat Loan,45000.0,0.5,51750.0,0
1870,ID_273705360576251804,273705,Kenya,360576,251804,Type_4,40000.0,44800.0,2023-11-14,2024-01-13,60,Repeat Loan,20000.0,0.5,22400.0,0
1871,ID_273705360576267278,273705,Kenya,360576,267278,Type_4,40000.0,44800.0,2023-11-14,2024-01-13,60,Repeat Loan,20000.0,0.5,22400.0,0
1872,ID_239019360577251804,239019,Kenya,360577,251804,Type_4,5000.0,5225.0,2023-11-14,2023-11-28,14,Repeat Loan,2500.0,0.5,2613.0,0
1873,ID_239019360577267278,239019,Kenya,360577,267278,Type_4,5000.0,5225.0,2023-11-14,2023-11-28,14,Repeat Loan,2500.0,0.5,2613.0,0
1874,ID_292651360585251804,292651,Kenya,360585,251804,Type_7,14300.0,14586.0,2023-11-14,2023-11-21,7,Repeat Loan,4766.0,0.333286713286713,4861.0,0
1875,ID_292651360585267278,292651,Kenya,360585,267278,Type_7,14300.0,14586.0,2023-11-14,2023-11-21,7,Repeat Loan,4766.0,0.333286713286713,4861.0,0
1876,ID_251129360587251804,251129,Kenya,360587,251804,Type_4,1500000.0,1638000.0,2023-11-15,2024-03-14,120,Repeat Loan,20000.0,0.0133333333333333,21840.0,0
1877,ID_251129360587267278,251129,Kenya,360587,267278,Type_4,1500000.0,1638000.0,2023-11-15,2024-03-14,120,Repeat Loan,90000.0,0.06,98280.0,0
1878,ID_288536360589267278,288536,Kenya,360589,267278,Type_4,100000.0,115000.0,2023-11-15,2024-02-13,90,Repeat Loan,50000.0,0.5,57500.0,0
1879,ID_288536360589251804,288536,Kenya,360589,251804,Type_4,100000.0,115000.0,2023-11-15,2024-02-13,90,Repeat Loan,50000.0,0.5,57500.0,0
1880,ID_238532360591267278,238532,Kenya,360591,267278,Type_4,11000.0,11770.0,2023-11-15,2023-12-15,30,Repeat Loan,5500.0,0.5,5885.0,0
1881,ID_238532360591251804,238532,Kenya,360591,251804,Type_4,11000.0,11770.0,2023-11-15,2023-12-15,30,Repeat Loan,5500.0,0.5,5885.0,0
1882,ID_242060360593267278,242060,Kenya,360593,267278,Type_4,90000.0,90000.0,2023-11-15,2024-02-13,90,Repeat Loan,45000.0,0.5,51750.0,0
1883,ID_242060360593251804,242060,Kenya,360593,251804,Type_4,90000.0,90000.0,2023-11-15,2024-02-13,90,Repeat Loan,45000.0,0.5,51750.0,0
1884,ID_247657360617251804,247657,Kenya,360617,251804,Type_4,15000.0,16050.0,2023-11-17,2023-12-17,30,Repeat Loan,6987.5,0.465833333333333,7477.0,0
1885,ID_247657360617267278,247657,Kenya,360617,267278,Type_4,15000.0,16050.0,2023-11-17,2023-12-17,30,Repeat Loan,6987.5,0.465833333333333,7477.0,0
1886,ID_273359360650251804,273359,Kenya,360650,251804,Type_4,25000.0,26750.0,2023-11-21,2023-12-21,30,Repeat Loan,8333.0,0.33332,8916.0,0
1887,ID_273359360650267278,273359,Kenya,360650,267278,Type_4,25000.0,26750.0,2023-11-21,2023-12-21,30,Repeat Loan,8334.0,0.33336,8917.0,0
1888,ID_57973360663251804,57973,Kenya,360663,251804,Type_4,800000.0,896056.0,2023-11-23,2024-03-22,120,Repeat Loan,100000.0,0.125,112007.0,0
1889,ID_57973360663267278,57973,Kenya,360663,267278,Type_4,800000.0,896056.0,2023-11-23,2024-03-22,120,Repeat Loan,200000.0,0.25,224014.0,0
1890,ID_294108360664267278,294108,Kenya,360664,267278,Type_4,25000.0,26750.0,2023-11-23,2023-12-23,30,New Loan,8334.0,0.33336,8917.0,0
1891,ID_294108360664251804,294108,Kenya,360664,251804,Type_4,25000.0,26750.0,2023-11-23,2023-12-23,30,Repeat Loan,8333.0,0.33332,8916.0,0
1892,ID_273644360676251804,273644,Kenya,360676,251804,Type_4,12000.0,12840.0,2023-11-24,2023-12-24,30,Repeat Loan,4000.0,0.333333333333333,4280.0,0
1893,ID_273644360676267278,273644,Kenya,360676,267278,Type_4,12000.0,12840.0,2023-11-24,2023-12-24,30,Repeat Loan,4000.0,0.333333333333333,4280.0,0
1894,ID_240010360680251804,240010,Kenya,360680,251804,Type_7,12735.0,12990.0,2023-11-24,2023-12-01,7,Repeat Loan,3183.0,0.249941107184923,3247.0,0
1895,ID_240010360680267278,240010,Kenya,360680,267278,Type_7,12735.0,12990.0,2023-11-24,2023-12-01,7,Repeat Loan,3183.0,0.249941107184923,3247.0,0
1896,ID_240661360697267278,240661,Kenya,360697,267278,Type_4,10000.0,10700.0,2023-11-27,2023-12-27,30,Repeat Loan,3334.0,0.3334,3567.0,0
1897,ID_240661360697251804,240661,Kenya,360697,251804,Type_4,10000.0,10700.0,2023-11-27,2023-12-27,30,Repeat Loan,3333.0,0.3333,3566.0,0
1898,ID_242023360709267278,242023,Kenya,360709,267278,Type_4,105000.0,105000.0,2023-11-28,2024-02-26,90,Repeat Loan,35000.0,0.333333333333333,40250.0,0
1899,ID_242023360709251804,242023,Kenya,360709,251804,Type_4,105000.0,105000.0,2023-11-28,2024-02-26,90,Repeat Loan,35000.0,0.333333333333333,40250.0,0
1900,ID_294149360710251804,294149,Kenya,360710,251804,Type_4,10000.0,11469.0,2023-11-28,2023-12-12,14,New Loan,3333.0,0.3333,3823.0,1
1901,ID_294149360710267278,294149,Kenya,360710,267278,Type_4,10000.0,11469.0,2023-11-28,2023-12-12,14,Repeat Loan,3334.0,0.3334,3824.0,1
1902,ID_244219360721267278,244219,Kenya,360721,267278,Type_4,140000.0,161000.0,2023-11-30,2024-02-28,90,Repeat Loan,46668.0,0.333342857142857,53668.0,0
1903,ID_244219360721251804,244219,Kenya,360721,251804,Type_4,140000.0,161000.0,2023-11-30,2024-02-28,90,Repeat Loan,46666.0,0.333328571428571,53666.0,0
1904,ID_273523360722251804,273523,Kenya,360722,251804,Type_4,25000.0,26750.0,2023-11-29,2023-12-29,30,Repeat Loan,8333.0,0.33332,8916.0,0
1905,ID_273523360722267278,273523,Kenya,360722,267278,Type_4,25000.0,26750.0,2023-11-29,2023-12-29,30,Repeat Loan,8334.0,0.33336,8917.0,0
1906,ID_238927360723251804,238927,Kenya,360723,251804,Type_4,40000.0,50261.0,2023-11-30,2024-01-29,60,Repeat Loan,13333.0,0.333325,16753.0,1
1907,ID_238927360723267278,238927,Kenya,360723,267278,Type_4,40000.0,50261.0,2023-11-30,2024-01-29,60,Repeat Loan,13334.0,0.33335,16755.0,1
1908,ID_264799360740267278,264799,Kenya,360740,267278,Type_4,200000.0,200000.0,2023-12-01,2024-02-29,90,Repeat Loan,66668.0,0.33334,76668.0,0
1909,ID_264799360740251804,264799,Kenya,360740,251804,Type_4,200000.0,200000.0,2023-12-01,2024-02-29,90,Repeat Loan,66666.0,0.33333,76666.0,0
1910,ID_272380360742267278,272380,Kenya,360742,267278,Type_4,60000.0,67404.0,2023-12-01,2024-01-30,60,Repeat Loan,20000.0,0.333333333333333,22468.0,0
1911,ID_272380360742251804,272380,Kenya,360742,251804,Type_4,60000.0,67404.0,2023-12-01,2024-01-30,60,Repeat Loan,20000.0,0.333333333333333,22468.0,0
1912,ID_294276360765267278,294276,Kenya,360765,267278,Type_4,30000.0,32100.0,2023-12-04,2024-01-03,30,Repeat Loan,7500.0,0.25,8025.0,0
1913,ID_294276360765251804,294276,Kenya,360765,251804,Type_4,30000.0,32100.0,2023-12-04,2024-01-03,30,New Loan,7500.0,0.25,8025.0,0
1914,ID_273584360776267278,273584,Kenya,360776,267278,Type_4,12000.0,12840.0,2023-12-05,2024-01-04,30,Repeat Loan,4500.0,0.375,4815.0,0
1915,ID_273584360776251804,273584,Kenya,360776,251804,Type_4,12000.0,12840.0,2023-12-05,2024-01-04,30,Repeat Loan,4500.0,0.375,4815.0,0
1916,ID_242042360791251804,242042,Kenya,360791,251804,Type_4,45000.0,45000.0,2023-12-07,2024-02-05,60,Repeat Loan,16875.0,0.375,18900.0,0
1917,ID_242042360791267278,242042,Kenya,360791,267278,Type_4,45000.0,45000.0,2023-12-07,2024-02-05,60,Repeat Loan,16875.0,0.375,18900.0,0
1918,ID_293859360792251804,293859,Kenya,360792,251804,Type_4,22000.0,23540.0,2023-12-07,2024-01-06,30,Repeat Loan,8250.0,0.375,8828.0,0
1919,ID_293859360792267278,293859,Kenya,360792,267278,Type_4,22000.0,23540.0,2023-12-07,2024-01-06,30,Repeat Loan,8250.0,0.375,8828.0,0
1920,ID_273678360793267278,273678,Kenya,360793,267278,Type_4,2000000.0,2316501.0,2023-12-07,2024-06-04,180,Repeat Loan,150000.0,0.075,173738.0,1
1921,ID_273678360793251804,273678,Kenya,360793,251804,Type_4,2000000.0,2316501.0,2023-12-07,2024-06-04,180,Repeat Loan,50000.0,0.025,57913.0,1
1922,ID_241289360797267278,241289,Kenya,360797,267278,Type_4,45000.0,48150.0,2023-12-08,2024-01-07,30,Repeat Loan,16875.0,0.375,18056.0,0
1923,ID_241289360797251804,241289,Kenya,360797,251804,Type_4,45000.0,48150.0,2023-12-08,2024-01-07,30,Repeat Loan,16875.0,0.375,18056.0,0
1924,ID_239870360798267278,239870,Kenya,360798,267278,Type_4,15000.0,16050.0,2023-12-08,2024-01-07,30,Repeat Loan,5625.0,0.375,6019.0,0
1925,ID_239870360798251804,239870,Kenya,360798,251804,Type_4,15000.0,16050.0,2023-12-08,2024-01-07,30,Repeat Loan,5625.0,0.375,6019.0,0
1926,ID_238200360824251804,238200,Kenya,360824,251804,Type_4,12000.0,12840.0,2023-12-11,2024-01-10,30,Repeat Loan,4500.0,0.375,4815.0,0
1927,ID_238200360824267278,238200,Kenya,360824,267278,Type_4,12000.0,12840.0,2023-12-11,2024-01-10,30,Repeat Loan,4500.0,0.375,4815.0,0
1928,ID_238716360825251804,238716,Kenya,360825,251804,Type_4,35000.0,37450.0,2023-12-11,2024-01-10,30,Repeat Loan,13125.0,0.375,14044.0,0
1929,ID_238716360825267278,238716,Kenya,360825,267278,Type_4,35000.0,37450.0,2023-12-11,2024-01-10,30,Repeat Loan,13125.0,0.375,14044.0,0
1930,ID_238611360830251804,238611,Kenya,360830,251804,Type_4,600000.0,660300.0,2023-12-11,2024-03-10,90,Repeat Loan,100000.0,0.166666666666666,110050.0,0
1931,ID_238611360830267278,238611,Kenya,360830,267278,Type_4,600000.0,660300.0,2023-12-11,2024-03-10,90,Repeat Loan,125000.0,0.208333333333333,137563.0,0
1932,ID_293869360843251804,293869,Kenya,360843,251804,Type_4,18000.0,19260.0,2023-12-13,2024-01-12,30,Repeat Loan,6750.0,0.375,7223.0,0
1933,ID_293869360843267278,293869,Kenya,360843,267278,Type_4,18000.0,19260.0,2023-12-13,2024-01-12,30,Repeat Loan,6750.0,0.375,7223.0,0
1934,ID_97434360844267278,97434,Kenya,360844,267278,Type_4,10000.0,10700.0,2023-12-13,2024-01-12,30,Repeat Loan,3750.0,0.375,4013.0,0
1935,ID_97434360844251804,97434,Kenya,360844,251804,Type_4,10000.0,10700.0,2023-12-13,2024-01-12,30,Repeat Loan,3750.0,0.375,4013.0,0
1936,ID_245204360850251804,245204,Kenya,360850,251804,Type_4,25000.0,26750.0,2023-12-14,2024-01-13,30,Repeat Loan,9375.0,0.375,10031.0,0
1937,ID_245204360850267278,245204,Kenya,360850,267278,Type_4,25000.0,26750.0,2023-12-14,2024-01-13,30,Repeat Loan,9375.0,0.375,10031.0,0
1938,ID_273743360865267278,273743,Kenya,360865,267278,Type_4,250000.0,278125.0,2023-12-15,2024-03-14,90,Repeat Loan,93750.0,0.375,104297.0,0
1939,ID_273743360865251804,273743,Kenya,360865,251804,Type_4,250000.0,278125.0,2023-12-15,2024-03-14,90,Repeat Loan,64255.24,0.257020959999999,71484.0,0
1940,ID_294458360866251804,294458,Kenya,360866,251804,Type_4,10000.0,10700.0,2023-12-15,2024-01-14,30,New Loan,3750.0,0.375,4013.0,0
1941,ID_294458360866267278,294458,Kenya,360866,267278,Type_4,10000.0,10700.0,2023-12-15,2024-01-14,30,Repeat Loan,3750.0,0.375,4013.0,0
1942,ID_273726360867251804,273726,Kenya,360867,251804,Type_4,65000.0,65000.0,2023-12-15,2024-03-14,90,Repeat Loan,24375.0,0.375,28031.0,0
1943,ID_273726360867267278,273726,Kenya,360867,267278,Type_4,65000.0,65000.0,2023-12-15,2024-03-14,90,Repeat Loan,24375.0,0.375,28031.0,0
1944,ID_245448360902251804,245448,Kenya,360902,251804,Type_4,120000.0,120000.0,2023-12-21,2024-03-20,90,Repeat Loan,30000.0,0.25,34500.0,0
1945,ID_245448360902267278,245448,Kenya,360902,267278,Type_4,120000.0,120000.0,2023-12-21,2024-03-20,90,Repeat Loan,30000.0,0.25,34500.0,0
1946,ID_273731360909267278,273731,Kenya,360909,267278,Type_4,44000.0,49280.0,2023-12-22,2024-02-20,60,Repeat Loan,11000.0,0.25,12320.0,0
1947,ID_273731360909251804,273731,Kenya,360909,251804,Type_4,44000.0,49280.0,2023-12-22,2024-02-20,60,Repeat Loan,11000.0,0.25,12320.0,0
1948,ID_273579360925267278,273579,Kenya,360925,267278,Type_4,135000.0,135000.0,2023-12-29,2024-02-27,60,Repeat Loan,33750.0,0.25,37800.0,0
1949,ID_273579360925251804,273579,Kenya,360925,251804,Type_4,135000.0,135000.0,2023-12-29,2024-02-27,60,Repeat Loan,33750.0,0.25,37800.0,0
1950,ID_273523360939267278,273523,Kenya,360939,267278,Type_4,25000.0,26750.0,2024-01-02,2024-02-01,30,Repeat Loan,6250.0,0.25,6688.0,0
1951,ID_273523360939251804,273523,Kenya,360939,251804,Type_4,25000.0,26750.0,2024-01-02,2024-02-01,30,Repeat Loan,6250.0,0.25,6688.0,0
1952,ID_240661360956251804,240661,Kenya,360956,251804,Type_4,10000.0,10700.0,2024-01-03,2024-02-02,30,Repeat Loan,2500.0,0.25,2675.0,0
1953,ID_240661360956267278,240661,Kenya,360956,267278,Type_4,10000.0,10700.0,2024-01-03,2024-02-02,30,Repeat Loan,2500.0,0.25,2675.0,0
1954,ID_238243360985251804,238243,Kenya,360985,251804,Type_4,100000.0,115000.0,2024-01-05,2024-04-04,90,Repeat Loan,25000.0,0.25,28750.0,0
1955,ID_238243360985267278,238243,Kenya,360985,267278,Type_4,100000.0,115000.0,2024-01-05,2024-04-04,90,Repeat Loan,25000.0,0.25,28750.0,0
1956,ID_288536360986251804,288536,Kenya,360986,251804,Type_4,100000.0,100000.0,2024-01-05,2024-04-04,90,Repeat Loan,25000.0,0.25,28750.0,0
1957,ID_288536360986267278,288536,Kenya,360986,267278,Type_4,100000.0,100000.0,2024-01-05,2024-04-04,90,Repeat Loan,25000.0,0.25,28750.0,0
1958,ID_244451361006267278,244451,Kenya,361006,267278,Type_4,500000.0,591678.0,2024-01-08,2024-04-07,90,Repeat Loan,125000.0,0.25,147920.0,1
1959,ID_244451361006251804,244451,Kenya,361006,251804,Type_4,500000.0,591678.0,2024-01-08,2024-04-07,90,Repeat Loan,125000.0,0.25,147920.0,1
1960,ID_273584361007251804,273584,Kenya,361007,251804,Type_4,15000.0,17117.0,2024-01-08,2024-02-07,30,Repeat Loan,3750.0,0.25,4279.0,1
1961,ID_273584361007267278,273584,Kenya,361007,267278,Type_4,15000.0,17117.0,2024-01-08,2024-02-07,30,Repeat Loan,3750.0,0.25,4279.0,1
1962,ID_238532361009251804,238532,Kenya,361009,251804,Type_4,15000.0,16050.0,2024-01-08,2024-02-07,30,Repeat Loan,3750.0,0.25,4013.0,0
1963,ID_238532361009267278,238532,Kenya,361009,267278,Type_4,15000.0,16050.0,2024-01-08,2024-02-07,30,Repeat Loan,3750.0,0.25,4013.0,0
1964,ID_237786361035267278,237786,Kenya,361035,267278,Type_4,60000.0,69979.0,2024-01-10,2024-03-10,60,Repeat Loan,15000.0,0.25,17495.0,1
1965,ID_237786361035251804,237786,Kenya,361035,251804,Type_4,60000.0,69979.0,2024-01-10,2024-03-10,60,Repeat Loan,15000.0,0.25,17495.0,1
1966,ID_268614361052267278,268614,Kenya,361052,267278,Type_4,30000.0,33600.0,2024-01-12,2024-03-12,60,Repeat Loan,7500.0,0.25,8400.0,0
1967,ID_268614361052251804,268614,Kenya,361052,251804,Type_4,30000.0,33600.0,2024-01-12,2024-03-12,60,Repeat Loan,7500.0,0.25,8400.0,0
1968,ID_293869361053267278,293869,Kenya,361053,267278,Type_4,24000.0,25725.0,2024-01-12,2024-02-11,30,Repeat Loan,6000.0,0.25,6431.0,0
1969,ID_293869361053251804,293869,Kenya,361053,251804,Type_4,24000.0,25725.0,2024-01-12,2024-02-11,30,Repeat Loan,6000.0,0.25,6431.0,0
1970,ID_247657361067251804,247657,Kenya,361067,251804,Type_4,25000.0,25000.0,2024-01-15,2024-02-14,30,Repeat Loan,6250.0,0.25,6688.0,0
1971,ID_247657361067267278,247657,Kenya,361067,267278,Type_4,25000.0,25000.0,2024-01-15,2024-02-14,30,Repeat Loan,6250.0,0.25,6688.0,0
1972,ID_293898361083267278,293898,Kenya,361083,267278,Type_4,75000.0,97494.0,2024-01-16,2024-03-16,60,Repeat Loan,18750.0,0.25,24374.0,1
1973,ID_293898361083251804,293898,Kenya,361083,251804,Type_4,75000.0,97494.0,2024-01-16,2024-03-16,60,Repeat Loan,18750.0,0.25,24374.0,1
1974,ID_273731361093251804,273731,Kenya,361093,251804,Type_4,50000.0,56000.0,2024-01-17,2024-03-17,60,Repeat Loan,12500.0,0.25,14000.0,0
1975,ID_273731361093267278,273731,Kenya,361093,267278,Type_4,50000.0,56000.0,2024-01-17,2024-03-17,60,Repeat Loan,12500.0,0.25,14000.0,0
1976,ID_244683361094251804,244683,Kenya,361094,251804,Type_4,100000.0,100000.0,2024-01-17,2024-04-16,90,Repeat Loan,25000.0,0.25,28750.0,0
1977,ID_244683361094267278,244683,Kenya,361094,267278,Type_4,100000.0,100000.0,2024-01-17,2024-04-16,90,Repeat Loan,25000.0,0.25,28750.0,0
1978,ID_273572361121267278,273572,Kenya,361121,267278,Type_4,66000.0,75900.0,2024-01-19,2024-04-18,90,Repeat Loan,16500.0,0.25,18975.0,0
1979,ID_273572361121251804,273572,Kenya,361121,251804,Type_4,66000.0,75900.0,2024-01-19,2024-04-18,90,Repeat Loan,16500.0,0.25,18975.0,0
1980,ID_273705361144267278,273705,Kenya,361144,267278,Type_4,45000.0,45000.0,2024-01-22,2024-03-22,60,Repeat Loan,11250.0,0.25,12600.0,0
1981,ID_273705361144251804,273705,Kenya,361144,251804,Type_4,45000.0,45000.0,2024-01-22,2024-03-22,60,Repeat Loan,11250.0,0.25,12600.0,0
1982,ID_264634361153251804,264634,Kenya,361153,251804,Type_4,10000.0,10700.0,2024-01-23,2024-02-22,30,Repeat Loan,2500.0,0.25,2675.0,0
1983,ID_264634361153267278,264634,Kenya,361153,267278,Type_4,10000.0,10700.0,2024-01-23,2024-02-22,30,Repeat Loan,2500.0,0.25,2675.0,0
1984,ID_293862361154251804,293862,Kenya,361154,251804,Type_4,70000.0,70000.0,2024-01-23,2024-03-23,60,New Loan,17500.0,0.25,19600.0,0
1985,ID_293862361154267278,293862,Kenya,361154,267278,Type_4,70000.0,70000.0,2024-01-23,2024-03-23,60,Repeat Loan,17500.0,0.25,19600.0,0
1986,ID_273751365396267278,273751,Kenya,365396,267278,Type_4,25000.0,25000.0,2024-01-24,2024-02-23,30,Repeat Loan,6250.0,0.25,6688.0,0
1987,ID_273751365396251804,273751,Kenya,365396,251804,Type_4,25000.0,25000.0,2024-01-24,2024-02-23,30,Repeat Loan,6250.0,0.25,6688.0,0
1988,ID_273377365397251804,273377,Kenya,365397,251804,Type_4,250000.0,278125.0,2024-01-24,2024-04-23,90,Repeat Loan,62500.0,0.25,69531.0,0
1989,ID_273377365397267278,273377,Kenya,365397,267278,Type_4,250000.0,278125.0,2024-01-24,2024-04-23,90,Repeat Loan,62500.0,0.25,69531.0,0
1990,ID_288496365399267278,288496,Kenya,365399,267278,Type_4,60000.0,64296.0,2024-01-24,2024-02-23,30,Repeat Loan,15000.0,0.25,16074.0,0
1991,ID_288496365399251804,288496,Kenya,365399,251804,Type_4,60000.0,64296.0,2024-01-24,2024-02-23,30,Repeat Loan,15000.0,0.25,16074.0,0
1992,ID_273748365406251804,273748,Kenya,365406,251804,Type_4,24000.0,25680.0,2024-01-25,2024-02-24,30,Repeat Loan,6000.0,0.25,6420.0,0
1993,ID_273748365406267278,273748,Kenya,365406,267278,Type_4,24000.0,25680.0,2024-01-25,2024-02-24,30,Repeat Loan,6000.0,0.25,6420.0,0
1994,ID_294071365431267278,294071,Kenya,365431,267278,Type_4,12000.0,12840.0,2024-01-27,2024-02-26,30,Repeat Loan,3000.0,0.25,3210.0,0
1995,ID_294071365431251804,294071,Kenya,365431,251804,Type_4,12000.0,12840.0,2024-01-27,2024-02-26,30,Repeat Loan,3000.0,0.25,3210.0,0
1996,ID_273485365476251804,273485,Kenya,365476,251804,Type_4,25000.0,25000.0,2024-02-01,2024-03-02,30,Repeat Loan,6250.0,0.25,6688.0,0
1997,ID_273485365476267278,273485,Kenya,365476,267278,Type_4,25000.0,25000.0,2024-02-01,2024-03-02,30,Repeat Loan,6250.0,0.25,6688.0,0
1998,ID_240661365477267278,240661,Kenya,365477,267278,Type_4,15000.0,15000.0,2024-02-01,2024-03-02,30,Repeat Loan,3750.0,0.25,4013.0,0
1999,ID_240661365477251804,240661,Kenya,365477,251804,Type_4,15000.0,15000.0,2024-02-01,2024-03-02,30,Repeat Loan,3750.0,0.25,4013.0,0
2000,ID_300734366209251804,300734,Kenya,366209,251804,Type_7,10.0,11.0,2024-04-15,2024-04-22,7,Repeat Loan,2.0,0.2,2.0,0
2001,ID_300734366209267278,300734,Kenya,366209,267278,Type_7,10.0,11.0,2024-04-15,2024-04-22,7,New Loan,2.0,0.2,2.0,0
2002,ID_300734366220267278,300734,Kenya,366220,267278,Type_7,10.0,11.0,2024-04-16,2024-04-23,7,Repeat Loan,2.0,0.2,2.0,0
2003,ID_300734366220251804,300734,Kenya,366220,251804,Type_7,10.0,11.0,2024-04-16,2024-04-23,7,Repeat Loan,2.0,0.2,2.0,0
2004,ID_300734366224267278,300734,Kenya,366224,267278,Type_7,10.0,11.0,2024-04-16,2024-04-23,7,Repeat Loan,2.0,0.2,2.0,0
2005,ID_300734366224251804,300734,Kenya,366224,251804,Type_7,10.0,11.0,2024-04-16,2024-04-23,7,Repeat Loan,2.0,0.2,2.0,0
2006,ID_300734366227267278,300734,Kenya,366227,267278,Type_7,10.0,11.0,2024-04-16,2024-04-23,7,Repeat Loan,2.0,0.2,2.0,0
2007,ID_300734366227251804,300734,Kenya,366227,251804,Type_7,10.0,11.0,2024-04-16,2024-04-23,7,Repeat Loan,2.0,0.2,2.0,0
2008,ID_306247366283251804,306247,Kenya,366283,251804,Type_7,10.0,11.0,2024-04-22,2024-04-29,7,Repeat Loan,2.0,0.2,2.0,0
2009,ID_306247366283267278,306247,Kenya,366283,267278,Type_7,10.0,11.0,2024-04-22,2024-04-29,7,New Loan,2.0,0.2,2.0,0
2010,ID_306247366293251804,306247,Kenya,366293,251804,Type_7,10.0,11.0,2024-04-23,2024-04-30,7,Repeat Loan,2.0,0.2,2.0,0
2011,ID_306247366293267278,306247,Kenya,366293,267278,Type_7,10.0,11.0,2024-04-23,2024-04-30,7,Repeat Loan,2.0,0.2,2.0,0
2012,ID_306247366334251804,306247,Kenya,366334,251804,Type_7,10.0,11.0,2024-04-26,2024-05-03,7,Repeat Loan,2.0,0.2,4.0,0
2013,ID_306247366334267278,306247,Kenya,366334,267278,Type_7,10.0,11.0,2024-04-26,2024-05-03,7,Repeat Loan,2.0,0.2,4.0,0
2014,ID_266568366395267278,266568,Kenya,366395,267278,Type_7,5000.0,5100.0,2024-05-03,2024-05-10,7,Repeat Loan,1000.0,0.2,1020.0,0
2015,ID_266568366395251804,266568,Kenya,366395,251804,Type_7,5000.0,5100.0,2024-05-03,2024-05-10,7,Repeat Loan,1000.0,0.2,1020.0,0
2016,ID_256508366468267278,256508,Kenya,366468,267278,Type_7,8349.0,8516.0,2024-05-09,2024-05-16,7,Repeat Loan,1670.0,0.200023954964666,1703.0,0
2017,ID_256508366468251804,256508,Kenya,366468,251804,Type_7,8349.0,8516.0,2024-05-09,2024-05-16,7,Repeat Loan,1670.0,0.200023954964666,1703.0,0
2018,ID_306454366469267278,306454,Kenya,366469,267278,Type_7,5.0,6.0,2024-05-09,2024-05-16,7,Repeat Loan,1.0,0.2,1.0,0
2019,ID_306454366469251804,306454,Kenya,366469,251804,Type_7,5.0,6.0,2024-05-09,2024-05-16,7,Repeat Loan,1.0,0.2,1.0,0
2020,ID_246628366476251804,246628,Kenya,366476,251804,Type_7,5000.0,5100.0,2024-05-10,2024-05-17,7,Repeat Loan,1000.0,0.2,1020.0,0
2021,ID_246628366476267278,246628,Kenya,366476,267278,Type_7,5000.0,5100.0,2024-05-10,2024-05-17,7,Repeat Loan,1000.0,0.2,1020.0,0
2022,ID_306454366500267278,306454,Kenya,366500,267278,Type_7,5.0,6.0,2024-05-13,2024-05-20,7,Repeat Loan,1.0,0.2,1.0,0
2023,ID_306454366500251804,306454,Kenya,366500,251804,Type_7,5.0,6.0,2024-05-13,2024-05-20,7,Repeat Loan,1.0,0.2,1.0,0
2024,ID_306454366974267278,306454,Kenya,366974,267278,Type_7,5.0,6.0,2024-06-19,2024-06-26,7,Repeat Loan,3.0,0.6,4.0,0
2025,ID_306454366974251804,306454,Kenya,366974,251804,Type_7,5.0,6.0,2024-06-19,2024-06-26,7,Repeat Loan,1.0,0.2,1.0,0
2026,ID_308373367009251804,308373,Kenya,367009,251804,Type_7,9000.0,9316.0,2024-06-20,2024-06-27,7,Repeat Loan,3000.0,0.333333333333333,3105.0,0
2027,ID_308373367009267278,308373,Kenya,367009,267278,Type_7,9000.0,9316.0,2024-06-20,2024-06-27,7,Repeat Loan,3000.0,0.333333333333333,3105.0,0
2028,ID_306247367022267278,306247,Kenya,367022,267278,Type_7,5.0,6.0,2024-06-20,2024-06-27,7,Repeat Loan,3.0,0.6,4.0,0
2029,ID_306247367022251804,306247,Kenya,367022,251804,Type_7,5.0,6.0,2024-06-20,2024-06-27,7,Repeat Loan,1.0,0.2,1.0,0
2030,ID_246628367024251804,246628,Kenya,367024,251804,Type_7,5450.0,5641.0,2024-06-21,2024-06-28,7,Repeat Loan,1816.0,0.333211009174311,1880.0,0
2031,ID_246628367024267278,246628,Kenya,367024,267278,Type_7,5450.0,5641.0,2024-06-21,2024-06-28,7,Repeat Loan,1818.0,0.333577981651376,1882.0,0
2032,ID_308423367036251804,308423,Kenya,367036,251804,Type_7,3900.0,4037.0,2024-06-21,2024-06-28,7,Repeat Loan,1300.0,0.333333333333333,1346.0,0
2033,ID_308423367036267278,308423,Kenya,367036,267278,Type_7,3900.0,4037.0,2024-06-21,2024-06-28,7,Repeat Loan,1300.0,0.333333333333333,1346.0,0
2034,ID_308452367041267278,308452,Kenya,367041,267278,Type_7,5000.0,5176.0,2024-06-21,2024-06-28,7,Repeat Loan,1668.0,0.3336,1727.0,0
2035,ID_308452367041251804,308452,Kenya,367041,251804,Type_7,5000.0,5176.0,2024-06-21,2024-06-28,7,Repeat Loan,1666.0,0.3332,1725.0,0
2036,ID_308430367048267278,308430,Kenya,367048,267278,Type_7,5000.0,5176.0,2024-06-21,2024-06-28,7,Repeat Loan,1668.0,0.3336,1727.0,0
2037,ID_308430367048251804,308430,Kenya,367048,251804,Type_7,5000.0,5176.0,2024-06-21,2024-06-28,7,New Loan,1666.0,0.3332,1725.0,0
2038,ID_308394367049267278,308394,Kenya,367049,267278,Type_7,5000.0,5176.0,2024-06-21,2024-06-28,7,New Loan,1668.0,0.3336,1727.0,0
2039,ID_308394367049251804,308394,Kenya,367049,251804,Type_7,5000.0,5176.0,2024-06-21,2024-06-28,7,Repeat Loan,1666.0,0.3332,1725.0,0
2040,ID_244340367050267278,244340,Kenya,367050,267278,Type_7,97290.0,100696.0,2024-06-21,2024-06-28,7,Repeat Loan,32430.0,0.333333333333333,33565.0,0
2041,ID_244340367050251804,244340,Kenya,367050,251804,Type_7,97290.0,100696.0,2024-06-21,2024-06-28,7,Repeat Loan,32430.0,0.333333333333333,33565.0,0
2042,ID_308466367070267278,308466,Kenya,367070,267278,Type_7,5000.0,5176.0,2024-06-22,2024-06-29,7,New Loan,1668.0,0.3336,1727.0,0
2043,ID_308466367070251804,308466,Kenya,367070,251804,Type_7,5000.0,5176.0,2024-06-22,2024-06-29,7,Repeat Loan,1666.0,0.3332,1725.0,0
2044,ID_308511367071251804,308511,Kenya,367071,251804,Type_7,4930.0,5103.0,2024-06-22,2024-06-29,7,New Loan,1643.0,0.333265720081135,1701.0,0
2045,ID_308511367071267278,308511,Kenya,367071,267278,Type_7,4930.0,5103.0,2024-06-22,2024-06-29,7,Repeat Loan,1644.0,0.333468559837728,1702.0,0
2046,ID_308425367072267278,308425,Kenya,367072,267278,Type_7,5000.0,5176.0,2024-06-22,2024-06-29,7,New Loan,1668.0,0.3336,1727.0,0
2047,ID_308425367072251804,308425,Kenya,367072,251804,Type_7,5000.0,5176.0,2024-06-22,2024-06-29,7,Repeat Loan,1666.0,0.3332,1725.0,0
2048,ID_308400367073267278,308400,Kenya,367073,267278,Type_7,5000.0,5176.0,2024-06-22,2024-06-29,7,New Loan,1668.0,0.3336,1727.0,0
2049,ID_308400367073251804,308400,Kenya,367073,251804,Type_7,5000.0,5176.0,2024-06-22,2024-06-29,7,Repeat Loan,1666.0,0.3332,1725.0,0
2050,ID_308438367075251804,308438,Kenya,367075,251804,Type_7,4565.0,4725.0,2024-06-22,2024-06-29,7,Repeat Loan,1521.0,0.333187294633077,1574.0,0
2051,ID_308438367075267278,308438,Kenya,367075,267278,Type_7,4565.0,4725.0,2024-06-22,2024-06-29,7,Repeat Loan,1523.0,0.333625410733844,1576.0,0
2052,ID_308512367076251804,308512,Kenya,367076,251804,Type_7,5000.0,5176.0,2024-06-22,2024-06-29,7,New Loan,1666.0,0.3332,1725.0,0
2053,ID_308512367076267278,308512,Kenya,367076,267278,Type_7,5000.0,5176.0,2024-06-22,2024-06-29,7,Repeat Loan,1668.0,0.3336,1727.0,0
2054,ID_248135367104267278,248135,Kenya,367104,267278,Type_7,42135.0,43610.0,2024-06-24,2024-07-01,7,Repeat Loan,14045.0,0.333333333333333,14537.0,0
2055,ID_248135367104251804,248135,Kenya,367104,251804,Type_7,42135.0,43610.0,2024-06-24,2024-07-01,7,Repeat Loan,14045.0,0.333333333333333,14537.0,0
2056,ID_308500367105267278,308500,Kenya,367105,267278,Type_7,5000.0,5176.0,2024-06-24,2024-07-01,7,Repeat Loan,1668.0,0.3336,1727.0,0
2057,ID_308500367105251804,308500,Kenya,367105,251804,Type_7,5000.0,5176.0,2024-06-24,2024-07-01,7,Repeat Loan,1666.0,0.3332,1725.0,0
2058,ID_260007367108251804,260007,Kenya,367108,251804,Type_7,11997.0,12417.0,2024-06-24,2024-07-01,7,Repeat Loan,3999.0,0.333333333333333,4139.0,0
2059,ID_260007367108267278,260007,Kenya,367108,267278,Type_7,11997.0,12417.0,2024-06-24,2024-07-01,7,Repeat Loan,3999.0,0.333333333333333,4139.0,0
2060,ID_308426367110251804,308426,Kenya,367110,251804,Type_7,4950.0,5124.0,2024-06-25,2024-07-02,7,New Loan,1650.0,0.333333333333333,1708.0,0
2061,ID_308426367110267278,308426,Kenya,367110,267278,Type_7,4950.0,5124.0,2024-06-25,2024-07-02,7,Repeat Loan,1650.0,0.333333333333333,1708.0,0
2062,ID_260007367124267278,260007,Kenya,367124,267278,Type_7,18070.0,18703.0,2024-06-25,2024-07-02,7,Repeat Loan,6024.0,0.333370226895406,6235.0,0
2063,ID_260007367124251804,260007,Kenya,367124,251804,Type_7,18070.0,18703.0,2024-06-25,2024-07-02,7,Repeat Loan,6023.0,0.333314886552296,6234.0,0
2064,ID_306485367132267278,306485,Kenya,367132,267278,Type_7,4995.0,5170.0,2024-06-25,2024-07-02,7,New Loan,1665.0,0.333333333333333,1723.0,0
2065,ID_306485367132251804,306485,Kenya,367132,251804,Type_7,4995.0,5170.0,2024-06-25,2024-07-02,7,Repeat Loan,1665.0,0.333333333333333,1723.0,0
2066,ID_288739367147267278,288739,Kenya,367147,267278,Type_7,13461.0,13933.0,2024-06-26,2024-07-03,7,Repeat Loan,4487.0,0.333333333333333,4644.0,0
2067,ID_288739367147251804,288739,Kenya,367147,251804,Type_7,13461.0,13933.0,2024-06-26,2024-07-03,7,Repeat Loan,4487.0,0.333333333333333,4644.0,0
2068,ID_240065367165251804,240065,Kenya,367165,251804,Type_7,7000.0,7246.0,2024-06-26,2024-07-03,7,Repeat Loan,2333.0,0.333285714285714,2415.0,0
2069,ID_240065367165267278,240065,Kenya,367165,267278,Type_7,7000.0,7246.0,2024-06-26,2024-07-03,7,Repeat Loan,2334.0,0.333428571428571,2416.0,0
2070,ID_308512367180267278,308512,Kenya,367180,267278,Type_7,5000.0,5176.0,2024-06-27,2024-07-04,7,Repeat Loan,1668.0,0.3336,1727.0,0
2071,ID_308512367180251804,308512,Kenya,367180,251804,Type_7,5000.0,5176.0,2024-06-27,2024-07-04,7,Repeat Loan,1666.0,0.3332,1725.0,0
2072,ID_308373367184267278,308373,Kenya,367184,267278,Type_7,9000.0,9316.0,2024-06-27,2024-07-04,7,Repeat Loan,3000.0,0.333333333333333,3105.0,0
2073,ID_308373367184251804,308373,Kenya,367184,251804,Type_7,9000.0,9316.0,2024-06-27,2024-07-04,7,Repeat Loan,3000.0,0.333333333333333,3105.0,0
2074,ID_308492367186251804,308492,Kenya,367186,251804,Type_7,5000.0,5176.0,2024-06-27,2024-07-04,7,Repeat Loan,1666.0,0.3332,1725.0,0
2075,ID_308492367186267278,308492,Kenya,367186,267278,Type_7,5000.0,5176.0,2024-06-27,2024-07-04,7,New Loan,1668.0,0.3336,1727.0,0
2076,ID_306247367188251804,306247,Kenya,367188,251804,Type_7,5.0,6.0,2024-06-27,2024-07-04,7,Repeat Loan,1.0,0.2,1.0,0
2077,ID_306247367188267278,306247,Kenya,367188,267278,Type_7,5.0,6.0,2024-06-27,2024-07-04,7,Repeat Loan,3.0,0.6,4.0,0
2078,ID_308486367204251804,308486,Kenya,367204,251804,Type_7,5000.0,5200.0,2024-06-28,2024-07-05,7,Repeat Loan,1666.0,0.3332,1733.0,0
2079,ID_308486367204267278,308486,Kenya,367204,267278,Type_7,5000.0,5200.0,2024-06-28,2024-07-05,7,Repeat Loan,1668.0,0.3336,1735.0,0
2080,ID_308394367216267278,308394,Kenya,367216,267278,Type_7,5000.0,5176.0,2024-06-28,2024-07-05,7,Repeat Loan,1668.0,0.3336,1727.0,0
2081,ID_308394367216251804,308394,Kenya,367216,251804,Type_7,5000.0,5176.0,2024-06-28,2024-07-05,7,Repeat Loan,1666.0,0.3332,1725.0,0
2082,ID_308502367217251804,308502,Kenya,367217,251804,Type_7,5000.0,5176.0,2024-06-28,2024-07-05,7,Repeat Loan,1666.0,0.3332,1725.0,0
2083,ID_308502367217267278,308502,Kenya,367217,267278,Type_7,5000.0,5176.0,2024-06-28,2024-07-05,7,New Loan,1668.0,0.3336,1727.0,0
2084,ID_252797367233251804,252797,Kenya,367233,251804,Type_7,9705.0,10045.0,2024-06-28,2024-07-05,7,Repeat Loan,3235.0,0.333333333333333,3348.0,0
2085,ID_252797367233267278,252797,Kenya,367233,267278,Type_7,9705.0,10045.0,2024-06-28,2024-07-05,7,Repeat Loan,3235.0,0.333333333333333,3348.0,0
2086,ID_308434367235251804,308434,Kenya,367235,251804,Type_7,4381.0,4535.0,2024-06-28,2024-07-05,7,Repeat Loan,1460.0,0.333257247203834,1511.0,0
2087,ID_308434367235267278,308434,Kenya,367235,267278,Type_7,4381.0,4535.0,2024-06-28,2024-07-05,7,Repeat Loan,1461.0,0.33348550559233,1512.0,0
2088,ID_308661367248267278,308661,Kenya,367248,267278,Type_7,5000.0,5176.0,2024-06-29,2024-07-06,7,Repeat Loan,1668.0,0.3336,1727.0,0
2089,ID_308661367248251804,308661,Kenya,367248,251804,Type_7,5000.0,5176.0,2024-06-29,2024-07-06,7,Repeat Loan,1666.0,0.3332,1725.0,0
2090,ID_308433367250267278,308433,Kenya,367250,267278,Type_7,3730.0,3861.0,2024-06-29,2024-07-06,7,New Loan,1244.0,0.333512064343163,1288.0,0
2091,ID_308433367250251804,308433,Kenya,367250,251804,Type_7,3730.0,3861.0,2024-06-29,2024-07-06,7,Repeat Loan,1243.0,0.333243967828418,1287.0,0
2092,ID_308439367253267278,308439,Kenya,367253,267278,Type_7,1563.0,1618.0,2024-06-29,2024-07-06,7,Repeat Loan,521.0,0.333333333333333,539.0,0
2093,ID_308439367253251804,308439,Kenya,367253,251804,Type_7,1563.0,1618.0,2024-06-29,2024-07-06,7,Repeat Loan,521.0,0.333333333333333,539.0,0
2094,ID_308423367256251804,308423,Kenya,367256,251804,Type_7,3810.0,3944.0,2024-06-29,2024-07-06,7,Repeat Loan,1270.0,0.333333333333333,1315.0,0
2095,ID_308423367256267278,308423,Kenya,367256,267278,Type_7,3810.0,3944.0,2024-06-29,2024-07-06,7,Repeat Loan,1270.0,0.333333333333333,1315.0,0
2096,ID_308545367260251804,308545,Kenya,367260,251804,Type_7,5000.0,5176.0,2024-06-29,2024-07-06,7,Repeat Loan,1666.0,0.3332,1725.0,0
2097,ID_308545367260267278,308545,Kenya,367260,267278,Type_7,5000.0,5176.0,2024-06-29,2024-07-06,7,New Loan,1668.0,0.3336,1727.0,0
2098,ID_288763367298267278,288763,Kenya,367298,267278,Type_7,23928.0,24766.0,2024-07-01,2024-07-08,7,Repeat Loan,4785.0,0.199974924774322,4953.0,0
2099,ID_288763367298251804,288763,Kenya,367298,251804,Type_7,23928.0,24766.0,2024-07-01,2024-07-08,7,Repeat Loan,4785.0,0.199974924774322,4953.0,0
2100,ID_288668367309251804,288668,Kenya,367309,251804,Type_7,4994.0,5169.0,2024-07-02,2024-07-09,7,New Loan,999.0,0.200040048057669,1034.0,0
2101,ID_288668367309267278,288668,Kenya,367309,267278,Type_7,4994.0,5169.0,2024-07-02,2024-07-09,7,Repeat Loan,999.0,0.200040048057669,1034.0,0
2102,ID_252669367314251804,252669,Kenya,367314,251804,Type_7,12985.0,13576.0,2024-07-02,2024-07-09,7,Repeat Loan,2597.0,0.2,2715.0,0
2103,ID_252669367314267278,252669,Kenya,367314,267278,Type_7,12985.0,13576.0,2024-07-02,2024-07-09,7,Repeat Loan,2597.0,0.2,2715.0,0
2104,ID_308579367322267278,308579,Kenya,367322,267278,Type_7,3960.0,4099.0,2024-07-02,2024-07-09,7,Repeat Loan,792.0,0.2,820.0,0
2105,ID_308579367322251804,308579,Kenya,367322,251804,Type_7,3960.0,4099.0,2024-07-02,2024-07-09,7,Repeat Loan,792.0,0.2,820.0,0
2106,ID_308425367323267278,308425,Kenya,367323,267278,Type_7,5000.0,5176.0,2024-07-02,2024-07-09,7,Repeat Loan,1000.0,0.2,1035.0,0
2107,ID_308425367323251804,308425,Kenya,367323,251804,Type_7,5000.0,5176.0,2024-07-02,2024-07-09,7,Repeat Loan,1000.0,0.2,1035.0,0
2108,ID_308371367324267278,308371,Kenya,367324,267278,Type_7,4505.0,5683.0,2024-07-02,2024-07-09,7,Repeat Loan,901.0,0.2,1137.0,1
2109,ID_308371367324251804,308371,Kenya,367324,251804,Type_7,4505.0,5683.0,2024-07-02,2024-07-09,7,New Loan,901.0,0.2,1137.0,1
2110,ID_308511367329267278,308511,Kenya,367329,267278,Type_7,5000.0,5176.0,2024-07-03,2024-07-10,7,Repeat Loan,1000.0,0.2,1035.0,0
2111,ID_308511367329251804,308511,Kenya,367329,251804,Type_7,5000.0,5176.0,2024-07-03,2024-07-10,7,Repeat Loan,1000.0,0.2,1035.0,0
2112,ID_308466367343267278,308466,Kenya,367343,267278,Type_7,5000.0,5176.0,2024-07-03,2024-07-10,7,Repeat Loan,1000.0,0.2,1035.0,0
2113,ID_308466367343251804,308466,Kenya,367343,251804,Type_7,5000.0,5176.0,2024-07-03,2024-07-10,7,Repeat Loan,1000.0,0.2,1035.0,0
2114,ID_249931367345267278,249931,Kenya,367345,267278,Type_7,20079.0,20782.0,2024-07-03,2024-07-10,7,Repeat Loan,4016.0,0.200009960655411,4157.0,0
2115,ID_249931367345251804,249931,Kenya,367345,251804,Type_7,20079.0,20782.0,2024-07-03,2024-07-10,7,Repeat Loan,4016.0,0.200009960655411,4157.0,0
2116,ID_268010367346267278,268010,Kenya,367346,267278,Type_7,16156.0,16722.0,2024-07-03,2024-07-10,7,Repeat Loan,3231.0,0.199987620698192,3344.0,0
2117,ID_268010367346251804,268010,Kenya,367346,251804,Type_7,16156.0,16722.0,2024-07-03,2024-07-10,7,Repeat Loan,3231.0,0.199987620698192,3344.0,0
2118,ID_308467367372251804,308467,Kenya,367372,251804,Type_7,4752.0,4919.0,2024-07-04,2024-07-11,7,Repeat Loan,950.0,0.199915824915824,983.0,0
2119,ID_308467367372267278,308467,Kenya,367372,267278,Type_7,4752.0,4919.0,2024-07-04,2024-07-11,7,Repeat Loan,950.0,0.199915824915824,983.0,0
2120,ID_308408367379251804,308408,Kenya,367379,251804,Type_7,15000.0,15525.0,2024-07-04,2024-07-11,7,Repeat Loan,3000.0,0.2,3105.0,0
2121,ID_308408367379267278,308408,Kenya,367379,267278,Type_7,15000.0,15525.0,2024-07-04,2024-07-11,7,Repeat Loan,3000.0,0.2,3105.0,0
2122,ID_308394367383267278,308394,Kenya,367383,267278,Type_7,5965.0,6174.0,2024-07-04,2024-07-11,7,Repeat Loan,1193.0,0.2,1235.0,0
2123,ID_308394367383251804,308394,Kenya,367383,251804,Type_7,5965.0,6174.0,2024-07-04,2024-07-11,7,Repeat Loan,1193.0,0.2,1235.0,0
2124,ID_308373367391251804,308373,Kenya,367391,251804,Type_7,9000.0,9316.0,2024-07-04,2024-07-11,7,Repeat Loan,1800.0,0.2,1863.0,0
2125,ID_308373367391267278,308373,Kenya,367391,267278,Type_7,9000.0,9316.0,2024-07-04,2024-07-11,7,Repeat Loan,1800.0,0.2,1863.0,0
2126,ID_308543367405251804,308543,Kenya,367405,251804,Type_7,4970.0,5144.0,2024-07-05,2024-07-12,7,Repeat Loan,994.0,0.2,1029.0,0
2127,ID_308543367405267278,308543,Kenya,367405,267278,Type_7,4970.0,5144.0,2024-07-05,2024-07-12,7,Repeat Loan,994.0,0.2,1029.0,0
2128,ID_308480367415251804,308480,Kenya,367415,251804,Type_7,5000.0,5176.0,2024-07-05,2024-07-12,7,Repeat Loan,1000.0,0.2,1035.0,0
2129,ID_308480367415267278,308480,Kenya,367415,267278,Type_7,5000.0,5176.0,2024-07-05,2024-07-12,7,Repeat Loan,1000.0,0.2,1035.0,0
2130,ID_308625367422251804,308625,Kenya,367422,251804,Type_7,5000.0,5176.0,2024-07-05,2024-07-12,7,Repeat Loan,1000.0,0.2,1035.0,0
2131,ID_308625367422267278,308625,Kenya,367422,267278,Type_7,5000.0,5176.0,2024-07-05,2024-07-12,7,Repeat Loan,1000.0,0.2,1035.0,0
2132,ID_308757367423267278,308757,Kenya,367423,267278,Type_7,5000.0,5176.0,2024-07-05,2024-07-12,7,Repeat Loan,1000.0,0.2,1035.0,0
2133,ID_308757367423251804,308757,Kenya,367423,251804,Type_7,5000.0,5176.0,2024-07-05,2024-07-12,7,Repeat Loan,1000.0,0.2,1035.0,0
2134,ID_308433367424251804,308433,Kenya,367424,251804,Type_7,4750.0,4917.0,2024-07-05,2024-07-12,7,Repeat Loan,950.0,0.2,983.0,0
2135,ID_308433367424267278,308433,Kenya,367424,267278,Type_7,4750.0,4917.0,2024-07-05,2024-07-12,7,Repeat Loan,950.0,0.2,983.0,0
2136,ID_308549367426251804,308549,Kenya,367426,251804,Type_7,4990.0,5165.0,2024-07-05,2024-07-12,7,New Loan,998.0,0.2,1033.0,0
2137,ID_308549367426267278,308549,Kenya,367426,267278,Type_7,4990.0,5165.0,2024-07-05,2024-07-12,7,Repeat Loan,998.0,0.2,1033.0,0
2138,ID_249152367437251804,249152,Kenya,367437,251804,Type_7,1344.0,1392.0,2024-07-06,2024-07-13,7,Repeat Loan,269.0,0.200148809523809,279.0,0
2139,ID_249152367437267278,249152,Kenya,367437,267278,Type_7,1344.0,1392.0,2024-07-06,2024-07-13,7,Repeat Loan,269.0,0.200148809523809,279.0,0
2140,ID_308512367443251804,308512,Kenya,367443,251804,Type_7,7000.0,7246.0,2024-07-06,2024-07-13,7,Repeat Loan,1400.0,0.2,1449.0,0
2141,ID_308512367443267278,308512,Kenya,367443,267278,Type_7,7000.0,7246.0,2024-07-06,2024-07-13,7,Repeat Loan,1400.0,0.2,1449.0,0
2142,ID_308683367444251804,308683,Kenya,367444,251804,Type_7,5000.0,5188.0,2024-07-06,2024-07-13,7,Repeat Loan,1000.0,0.2,1038.0,0
2143,ID_308683367444267278,308683,Kenya,367444,267278,Type_7,5000.0,5188.0,2024-07-06,2024-07-13,7,Repeat Loan,1000.0,0.2,1038.0,0
2144,ID_308587367449251804,308587,Kenya,367449,251804,Type_7,4044.0,4934.0,2024-07-06,2024-07-13,7,Repeat Loan,809.0,0.200049455984174,987.0,1
2145,ID_308587367449267278,308587,Kenya,367449,267278,Type_7,4044.0,4934.0,2024-07-06,2024-07-13,7,New Loan,809.0,0.200049455984174,987.0,1
2146,ID_308650367452267278,308650,Kenya,367452,267278,Type_7,5000.0,5176.0,2024-07-06,2024-07-13,7,New Loan,1000.0,0.2,1035.0,0
2147,ID_308650367452251804,308650,Kenya,367452,251804,Type_7,5000.0,5176.0,2024-07-06,2024-07-13,7,Repeat Loan,1000.0,0.2,1035.0,0
2148,ID_308423367453267278,308423,Kenya,367453,267278,Type_7,4105.0,4249.0,2024-07-06,2024-07-13,7,Repeat Loan,821.0,0.2,850.0,0
2149,ID_308423367453251804,308423,Kenya,367453,251804,Type_7,4105.0,4249.0,2024-07-06,2024-07-13,7,Repeat Loan,821.0,0.2,850.0,0
2150,ID_246628367454251804,246628,Kenya,367454,251804,Type_7,7344.0,7602.0,2024-07-06,2024-07-13,7,Repeat Loan,1469.0,0.200027233115468,1521.0,0
2151,ID_246628367454267278,246628,Kenya,367454,267278,Type_7,7344.0,7602.0,2024-07-06,2024-07-13,7,Repeat Loan,1469.0,0.200027233115468,1521.0,0
2152,ID_308605367456267278,308605,Kenya,367456,267278,Type_7,3350.0,4221.0,2024-07-06,2024-07-13,7,Repeat Loan,670.0,0.2,844.0,1
2153,ID_308605367456251804,308605,Kenya,367456,251804,Type_7,3350.0,4221.0,2024-07-06,2024-07-13,7,Repeat Loan,670.0,0.2,844.0,1
2154,ID_308729367457251804,308729,Kenya,367457,251804,Type_7,4350.0,4541.0,2024-07-07,2024-07-14,7,Repeat Loan,870.0,0.2,908.0,0
2155,ID_308729367457267278,308729,Kenya,367457,267278,Type_7,4350.0,4541.0,2024-07-07,2024-07-14,7,New Loan,870.0,0.2,908.0,0
2156,ID_308646367470251804,308646,Kenya,367470,251804,Type_7,4972.0,6139.0,2024-07-08,2024-07-15,7,Repeat Loan,994.0,0.199919549477071,1227.0,1
2157,ID_308646367470267278,308646,Kenya,367470,267278,Type_7,4972.0,6139.0,2024-07-08,2024-07-15,7,Repeat Loan,994.0,0.199919549477071,1227.0,1
2158,ID_244340367485267278,244340,Kenya,367485,267278,Type_7,99480.0,102962.0,2024-07-08,2024-07-15,7,Repeat Loan,19896.0,0.2,20592.0,0
2159,ID_244340367485251804,244340,Kenya,367485,251804,Type_7,99480.0,102962.0,2024-07-08,2024-07-15,7,Repeat Loan,19896.0,0.2,20592.0,0
2160,ID_308634367489251804,308634,Kenya,367489,251804,Type_7,5000.0,5176.0,2024-07-08,2024-07-15,7,Repeat Loan,1000.0,0.2,1035.0,0
2161,ID_308634367489267278,308634,Kenya,367489,267278,Type_7,5000.0,5176.0,2024-07-08,2024-07-15,7,Repeat Loan,1000.0,0.2,1035.0,0
2162,ID_306485367497251804,306485,Kenya,367497,251804,Type_7,5000.0,5239.0,2024-07-08,2024-07-15,7,Repeat Loan,1000.0,0.2,1048.0,0
2163,ID_306485367497267278,306485,Kenya,367497,267278,Type_7,5000.0,5239.0,2024-07-08,2024-07-15,7,Repeat Loan,1000.0,0.2,1048.0,0
2164,ID_308678367504267278,308678,Kenya,367504,267278,Type_7,4481.0,4638.0,2024-07-09,2024-07-16,7,Repeat Loan,896.0,0.199955367105556,927.0,0
2165,ID_308678367504251804,308678,Kenya,367504,251804,Type_7,4481.0,4638.0,2024-07-09,2024-07-16,7,Repeat Loan,896.0,0.199955367105556,927.0,0
2166,ID_288808367508251804,288808,Kenya,367508,251804,Type_7,25734.0,26635.0,2024-07-09,2024-07-16,7,Repeat Loan,5147.0,0.200007771819382,5327.0,0
2167,ID_288808367508267278,288808,Kenya,367508,267278,Type_7,25734.0,26635.0,2024-07-09,2024-07-16,7,Repeat Loan,5147.0,0.200007771819382,5327.0,0
2168,ID_308801367512251804,308801,Kenya,367512,251804,Type_7,5000.0,5176.0,2024-07-09,2024-07-16,7,Repeat Loan,1000.0,0.2,1035.0,0
2169,ID_308801367512267278,308801,Kenya,367512,267278,Type_7,5000.0,5176.0,2024-07-09,2024-07-16,7,Repeat Loan,1000.0,0.2,1035.0,0
2170,ID_308480367521251804,308480,Kenya,367521,251804,Type_7,5000.0,5176.0,2024-07-09,2024-07-16,7,Repeat Loan,1000.0,0.2,1035.0,0
2171,ID_308480367521267278,308480,Kenya,367521,267278,Type_7,5000.0,5176.0,2024-07-09,2024-07-16,7,Repeat Loan,1000.0,0.2,1035.0,0
2172,ID_308438367522267278,308438,Kenya,367522,267278,Type_7,7000.0,7246.0,2024-07-09,2024-07-16,7,Repeat Loan,1400.0,0.2,1449.0,0
2173,ID_308438367522251804,308438,Kenya,367522,251804,Type_7,7000.0,7246.0,2024-07-09,2024-07-16,7,Repeat Loan,1400.0,0.2,1449.0,0
2174,ID_308506367525251804,308506,Kenya,367525,251804,Type_7,5000.0,5176.0,2024-07-09,2024-07-16,7,Repeat Loan,1000.0,0.2,1035.0,0
2175,ID_308506367525267278,308506,Kenya,367525,267278,Type_7,5000.0,5176.0,2024-07-09,2024-07-16,7,Repeat Loan,1000.0,0.2,1035.0,0
2176,ID_308502367537251804,308502,Kenya,367537,251804,Type_7,4900.0,5072.0,2024-07-10,2024-07-17,7,Repeat Loan,980.0,0.2,1014.0,0
2177,ID_308502367537267278,308502,Kenya,367537,267278,Type_7,4900.0,5072.0,2024-07-10,2024-07-17,7,Repeat Loan,980.0,0.2,1014.0,0
2178,ID_308425367539267278,308425,Kenya,367539,267278,Type_7,6000.0,6211.0,2024-07-10,2024-07-17,7,Repeat Loan,1200.0,0.2,1242.0,0
2179,ID_308425367539251804,308425,Kenya,367539,251804,Type_7,6000.0,6211.0,2024-07-10,2024-07-17,7,Repeat Loan,1200.0,0.2,1242.0,0
2180,ID_308789367541267278,308789,Kenya,367541,267278,Type_7,5000.0,5176.0,2024-07-10,2024-07-17,7,Repeat Loan,1000.0,0.2,1035.0,0
2181,ID_308789367541251804,308789,Kenya,367541,251804,Type_7,5000.0,5176.0,2024-07-10,2024-07-17,7,Repeat Loan,1000.0,0.2,1035.0,0
2182,ID_250715367550251804,250715,Kenya,367550,251804,Type_7,4887.0,6009.0,2024-07-10,2024-07-17,7,Repeat Loan,977.0,0.199918150194393,1201.0,1
2183,ID_250715367550267278,250715,Kenya,367550,267278,Type_7,4887.0,6009.0,2024-07-10,2024-07-17,7,Repeat Loan,977.0,0.199918150194393,1201.0,1
2184,ID_308493367559267278,308493,Kenya,367559,267278,Type_7,2140.0,2215.0,2024-07-11,2024-07-18,7,New Loan,428.0,0.2,443.0,0
2185,ID_308493367559251804,308493,Kenya,367559,251804,Type_7,2140.0,2215.0,2024-07-11,2024-07-18,7,Repeat Loan,428.0,0.2,443.0,0
2186,ID_308625367560267278,308625,Kenya,367560,267278,Type_7,4999.0,6138.0,2024-07-11,2024-07-18,7,Repeat Loan,1000.0,0.2000400080016,1228.0,1
2187,ID_308625367560251804,308625,Kenya,367560,251804,Type_7,4999.0,6138.0,2024-07-11,2024-07-18,7,Repeat Loan,1000.0,0.2000400080016,1228.0,1
2188,ID_308512367590267278,308512,Kenya,367590,267278,Type_7,7000.0,7246.0,2024-07-11,2024-07-18,7,Repeat Loan,1400.0,0.2,1449.0,0
2189,ID_308512367590251804,308512,Kenya,367590,251804,Type_7,7000.0,7246.0,2024-07-11,2024-07-18,7,Repeat Loan,1400.0,0.2,1449.0,0
2190,ID_308373367593267278,308373,Kenya,367593,267278,Type_7,10999.0,11384.0,2024-07-11,2024-07-18,7,Repeat Loan,2200.0,0.200018183471224,2277.0,0
2191,ID_308373367593251804,308373,Kenya,367593,251804,Type_7,10999.0,11384.0,2024-07-11,2024-07-18,7,Repeat Loan,2200.0,0.200018183471224,2277.0,0
2192,ID_308467367598267278,308467,Kenya,367598,267278,Type_7,4185.0,4332.0,2024-07-11,2024-07-18,7,Repeat Loan,837.0,0.2,866.0,0
2193,ID_308467367598251804,308467,Kenya,367598,251804,Type_7,4185.0,4332.0,2024-07-11,2024-07-18,7,Repeat Loan,837.0,0.2,866.0,0
2194,ID_249931367599267278,249931,Kenya,367599,267278,Type_7,42290.0,43771.0,2024-07-11,2024-07-18,7,Repeat Loan,8458.0,0.2,8754.0,0
2195,ID_249931367599251804,249931,Kenya,367599,251804,Type_7,42290.0,43771.0,2024-07-11,2024-07-18,7,Repeat Loan,8458.0,0.2,8754.0,0
2196,ID_308885367604251804,308885,Kenya,367604,251804,Type_7,5000.0,5176.0,2024-07-12,2024-07-19,7,Repeat Loan,1000.0,0.2,1035.0,0
2197,ID_308885367604267278,308885,Kenya,367604,267278,Type_7,5000.0,5176.0,2024-07-12,2024-07-19,7,New Loan,1000.0,0.2,1035.0,0
2198,ID_308408367606251804,308408,Kenya,367606,251804,Type_7,15000.0,15525.0,2024-07-12,2024-07-19,7,Repeat Loan,3000.0,0.2,3105.0,0
2199,ID_308408367606267278,308408,Kenya,367606,267278,Type_7,15000.0,15525.0,2024-07-12,2024-07-19,7,Repeat Loan,3000.0,0.2,3105.0,0
2200,ID_308543367616251804,308543,Kenya,367616,251804,Type_7,5000.0,5176.0,2024-07-12,2024-07-19,7,Repeat Loan,1000.0,0.2,1035.0,0
2201,ID_308543367616267278,308543,Kenya,367616,267278,Type_7,5000.0,5176.0,2024-07-12,2024-07-19,7,Repeat Loan,1000.0,0.2,1035.0,0
2202,ID_308934367646267278,308934,Kenya,367646,267278,Type_7,5000.0,5176.0,2024-07-12,2024-07-19,7,New Loan,1000.0,0.2,1035.0,0
2203,ID_308934367646251804,308934,Kenya,367646,251804,Type_7,5000.0,5176.0,2024-07-12,2024-07-19,7,Repeat Loan,1000.0,0.2,1035.0,0
2204,ID_308930367649251804,308930,Kenya,367649,251804,Type_7,4479.0,5117.0,2024-07-13,2024-07-20,7,New Loan,896.0,0.200044652824291,1024.0,1
2205,ID_308930367649267278,308930,Kenya,367649,267278,Type_7,4479.0,5117.0,2024-07-13,2024-07-20,7,Repeat Loan,896.0,0.200044652824291,1024.0,1
2206,ID_308959367669251804,308959,Kenya,367669,251804,Type_7,3700.0,3830.0,2024-07-13,2024-07-20,7,Repeat Loan,740.0,0.2,766.0,0
2207,ID_308959367669267278,308959,Kenya,367669,267278,Type_7,3700.0,3830.0,2024-07-13,2024-07-20,7,New Loan,740.0,0.2,766.0,0
2208,ID_240939367675267278,240939,Kenya,367675,267278,Type_7,31625.0,32732.0,2024-07-13,2024-07-20,7,Repeat Loan,6325.0,0.2,6546.0,0
2209,ID_240939367675251804,240939,Kenya,367675,251804,Type_7,31625.0,32732.0,2024-07-13,2024-07-20,7,Repeat Loan,6325.0,0.2,6546.0,0
2210,ID_308875367679267278,308875,Kenya,367679,267278,Type_7,6000.0,6211.0,2024-07-13,2024-07-20,7,New Loan,1200.0,0.2,1242.0,0
2211,ID_308875367679251804,308875,Kenya,367679,251804,Type_7,6000.0,6211.0,2024-07-13,2024-07-20,7,Repeat Loan,1200.0,0.2,1242.0,0
2212,ID_308570367680267278,308570,Kenya,367680,267278,Type_7,5000.0,5176.0,2024-07-13,2024-07-20,7,Repeat Loan,1000.0,0.2,1035.0,0
2213,ID_308570367680251804,308570,Kenya,367680,251804,Type_7,5000.0,5176.0,2024-07-13,2024-07-20,7,Repeat Loan,1000.0,0.2,1035.0,0
2214,ID_308394367708251804,308394,Kenya,367708,251804,Type_7,6980.0,7225.0,2024-07-15,2024-07-22,7,Repeat Loan,1396.0,0.2,1445.0,0
2215,ID_308394367708267278,308394,Kenya,367708,267278,Type_7,6980.0,7225.0,2024-07-15,2024-07-22,7,Repeat Loan,1396.0,0.2,1445.0,0
2216,ID_308512367710267278,308512,Kenya,367710,267278,Type_7,8000.0,8280.0,2024-07-15,2024-07-22,7,Repeat Loan,1600.0,0.2,1656.0,0
2217,ID_308512367710251804,308512,Kenya,367710,251804,Type_7,8000.0,8280.0,2024-07-15,2024-07-22,7,Repeat Loan,1600.0,0.2,1656.0,0
2218,ID_308466367722251804,308466,Kenya,367722,251804,Type_7,5000.0,5176.0,2024-07-15,2024-07-22,7,Repeat Loan,1000.0,0.2,1035.0,0
2219,ID_308466367722267278,308466,Kenya,367722,267278,Type_7,5000.0,5176.0,2024-07-15,2024-07-22,7,Repeat Loan,1000.0,0.2,1035.0,0
2220,ID_308624367723267278,308624,Kenya,367723,267278,Type_7,4996.0,5171.0,2024-07-15,2024-07-22,7,Repeat Loan,999.0,0.199959967974379,1034.0,0
2221,ID_308624367723251804,308624,Kenya,367723,251804,Type_7,4996.0,5171.0,2024-07-15,2024-07-22,7,Repeat Loan,999.0,0.199959967974379,1034.0,0
2222,ID_308903367724251804,308903,Kenya,367724,251804,Type_7,5000.0,5176.0,2024-07-15,2024-07-22,7,Repeat Loan,1000.0,0.2,1035.0,0
2223,ID_308903367724267278,308903,Kenya,367724,267278,Type_7,5000.0,5176.0,2024-07-15,2024-07-22,7,Repeat Loan,1000.0,0.2,1035.0,0
2224,ID_267692367740267278,267692,Kenya,367740,267278,Type_7,10000.0,10351.0,2024-07-16,2024-07-23,7,Repeat Loan,2000.0,0.2,2070.0,0
2225,ID_267692367740251804,267692,Kenya,367740,251804,Type_7,10000.0,10351.0,2024-07-16,2024-07-23,7,Repeat Loan,2000.0,0.2,2070.0,0
2226,ID_308757367746267278,308757,Kenya,367746,267278,Type_7,4820.0,5047.0,2024-07-16,2024-07-23,7,Repeat Loan,964.0,0.2,1009.0,0
2227,ID_308757367746251804,308757,Kenya,367746,251804,Type_7,4820.0,5047.0,2024-07-16,2024-07-23,7,Repeat Loan,964.0,0.2,1009.0,0
2228,ID_308426367747267278,308426,Kenya,367747,267278,Type_7,4980.0,5155.0,2024-07-16,2024-07-23,7,Repeat Loan,996.0,0.2,1031.0,0
2229,ID_308426367747251804,308426,Kenya,367747,251804,Type_7,4980.0,5155.0,2024-07-16,2024-07-23,7,Repeat Loan,996.0,0.2,1031.0,0
2230,ID_244340367748267278,244340,Kenya,367748,267278,Type_7,103870.0,107638.0,2024-07-16,2024-07-23,7,Repeat Loan,20774.0,0.2,21528.0,0
2231,ID_244340367748251804,244340,Kenya,367748,251804,Type_7,103870.0,107638.0,2024-07-16,2024-07-23,7,Repeat Loan,20774.0,0.2,21528.0,0
2232,ID_308410367749267278,308410,Kenya,367749,267278,Type_7,3400.0,3520.0,2024-07-16,2024-07-23,7,New Loan,680.0,0.2,704.0,0
2233,ID_308410367749251804,308410,Kenya,367749,251804,Type_7,3400.0,3520.0,2024-07-16,2024-07-23,7,Repeat Loan,680.0,0.2,704.0,0
2234,ID_308629367756251804,308629,Kenya,367756,251804,Type_7,5000.0,5176.0,2024-07-16,2024-07-23,7,Repeat Loan,1000.0,0.2,1035.0,0
2235,ID_308629367756267278,308629,Kenya,367756,267278,Type_7,5000.0,5176.0,2024-07-16,2024-07-23,7,Repeat Loan,1000.0,0.2,1035.0,0
2236,ID_308490367760251804,308490,Kenya,367760,251804,Type_7,5000.0,6000.0,2024-07-16,2024-07-23,7,Repeat Loan,1000.0,0.2,1200.0,1
2237,ID_308490367760267278,308490,Kenya,367760,267278,Type_7,5000.0,6000.0,2024-07-16,2024-07-23,7,New Loan,1000.0,0.2,1200.0,1
2238,ID_308989367761251804,308989,Kenya,367761,251804,Type_7,5000.0,5176.0,2024-07-16,2024-07-23,7,Repeat Loan,1000.0,0.2,1035.0,0
2239,ID_308989367761267278,308989,Kenya,367761,267278,Type_7,5000.0,5176.0,2024-07-16,2024-07-23,7,Repeat Loan,1000.0,0.2,1035.0,0
2240,ID_248364367766251804,248364,Kenya,367766,251804,Type_7,5455.0,5646.0,2024-07-16,2024-07-23,7,Repeat Loan,1091.0,0.2,1129.0,0
2241,ID_248364367766267278,248364,Kenya,367766,267278,Type_7,5455.0,5646.0,2024-07-16,2024-07-23,7,Repeat Loan,1091.0,0.2,1129.0,0
2242,ID_308480367775267278,308480,Kenya,367775,267278,Type_7,5000.0,5176.0,2024-07-17,2024-07-24,7,Repeat Loan,1000.0,0.2,1035.0,0
2243,ID_308480367775251804,308480,Kenya,367775,251804,Type_7,5000.0,5176.0,2024-07-17,2024-07-24,7,Repeat Loan,1000.0,0.2,1035.0,0
2244,ID_308678367777251804,308678,Kenya,367777,251804,Type_7,5000.0,5176.0,2024-07-17,2024-07-24,7,Repeat Loan,1000.0,0.2,1035.0,0
2245,ID_308678367777267278,308678,Kenya,367777,267278,Type_7,5000.0,5176.0,2024-07-17,2024-07-24,7,Repeat Loan,1000.0,0.2,1035.0,0
2246,ID_309060367779251804,309060,Kenya,367779,251804,Type_7,4935.0,5108.0,2024-07-17,2024-07-24,7,Repeat Loan,987.0,0.2,1022.0,0
2247,ID_309060367779267278,309060,Kenya,367779,267278,Type_7,4935.0,5108.0,2024-07-17,2024-07-24,7,Repeat Loan,987.0,0.2,1022.0,0
2248,ID_244399367781251804,244399,Kenya,367781,251804,Type_7,10000.0,10351.0,2024-07-17,2024-07-24,7,Repeat Loan,2000.0,0.2,2078.0,0
2249,ID_244399367781267278,244399,Kenya,367781,267278,Type_7,10000.0,10351.0,2024-07-17,2024-07-24,7,Repeat Loan,2000.0,0.2,2078.0,0
2250,ID_309092367790267278,309092,Kenya,367790,267278,Type_7,5000.0,5176.0,2024-07-17,2024-07-24,7,Repeat Loan,1000.0,0.2,1035.0,0
2251,ID_309092367790251804,309092,Kenya,367790,251804,Type_7,5000.0,5176.0,2024-07-17,2024-07-24,7,New Loan,1000.0,0.2,1035.0,0
2252,ID_308438367795267278,308438,Kenya,367795,267278,Type_7,8000.0,8280.0,2024-07-17,2024-07-24,7,Repeat Loan,1600.0,0.2,1656.0,0
2253,ID_308438367795251804,308438,Kenya,367795,251804,Type_7,8000.0,8280.0,2024-07-17,2024-07-24,7,Repeat Loan,1600.0,0.2,1656.0,0
2254,ID_309071367806267278,309071,Kenya,367806,267278,Type_7,4924.0,5097.0,2024-07-17,2024-07-24,7,Repeat Loan,985.0,0.20004061738424,1020.0,0
2255,ID_309071367806251804,309071,Kenya,367806,251804,Type_7,4924.0,5097.0,2024-07-17,2024-07-24,7,New Loan,985.0,0.20004061738424,1020.0,0
2256,ID_308855367815267278,308855,Kenya,367815,267278,Type_7,5000.0,5176.0,2024-07-17,2024-07-24,7,Repeat Loan,1000.0,0.2,1035.0,0
2257,ID_308855367815251804,308855,Kenya,367815,251804,Type_7,5000.0,5176.0,2024-07-17,2024-07-24,7,Repeat Loan,1000.0,0.2,1035.0,0
2258,ID_246417367816267278,246417,Kenya,367816,267278,Type_7,6971.0,7215.0,2024-07-17,2024-07-24,7,Repeat Loan,1394.0,0.199971309711662,1443.0,0
2259,ID_246417367816251804,246417,Kenya,367816,251804,Type_7,6971.0,7215.0,2024-07-17,2024-07-24,7,Repeat Loan,1394.0,0.199971309711662,1443.0,0
2260,ID_308928367818267278,308928,Kenya,367818,267278,Type_7,5400.0,5590.0,2024-07-17,2024-07-24,7,Repeat Loan,1080.0,0.2,1118.0,0
2261,ID_308928367818251804,308928,Kenya,367818,251804,Type_7,5400.0,5590.0,2024-07-17,2024-07-24,7,Repeat Loan,1080.0,0.2,1118.0,0
2262,ID_267525367820251804,267525,Kenya,367820,251804,Type_7,8000.0,8280.0,2024-07-18,2024-07-25,7,Repeat Loan,1600.0,0.2,1656.0,0
2263,ID_267525367820267278,267525,Kenya,367820,267278,Type_7,8000.0,8280.0,2024-07-18,2024-07-25,7,Repeat Loan,1600.0,0.2,1656.0,0
2264,ID_308980367829251804,308980,Kenya,367829,251804,Type_7,5000.0,5197.0,2024-07-18,2024-07-25,7,Repeat Loan,1000.0,0.2,1039.0,0
2265,ID_308980367829267278,308980,Kenya,367829,267278,Type_7,5000.0,5197.0,2024-07-18,2024-07-25,7,Repeat Loan,1000.0,0.2,1039.0,0
2266,ID_308373367847267278,308373,Kenya,367847,267278,Type_7,11000.0,11386.0,2024-07-18,2024-07-25,7,Repeat Loan,2200.0,0.2,2277.0,0
2267,ID_308373367847251804,308373,Kenya,367847,251804,Type_7,11000.0,11386.0,2024-07-18,2024-07-25,7,Repeat Loan,2200.0,0.2,2277.0,0
2268,ID_308543367850251804,308543,Kenya,367850,251804,Type_7,5933.0,6141.0,2024-07-18,2024-07-25,7,Repeat Loan,1186.0,0.199898870723074,1228.0,0
2269,ID_308543367850267278,308543,Kenya,367850,267278,Type_7,5933.0,6141.0,2024-07-18,2024-07-25,7,Repeat Loan,1186.0,0.199898870723074,1228.0,0
2270,ID_208443367854267278,208443,Kenya,367854,267278,Type_7,4360.0,4528.0,2024-07-18,2024-07-25,7,Repeat Loan,872.0,0.2,906.0,0
2271,ID_208443367854251804,208443,Kenya,367854,251804,Type_7,4360.0,4528.0,2024-07-18,2024-07-25,7,Repeat Loan,872.0,0.2,906.0,0
2272,ID_308465367859251804,308465,Kenya,367859,251804,Type_7,5000.0,5176.0,2024-07-18,2024-07-25,7,Repeat Loan,1000.0,0.2,1035.0,0
2273,ID_308465367859267278,308465,Kenya,367859,267278,Type_7,5000.0,5176.0,2024-07-18,2024-07-25,7,Repeat Loan,1000.0,0.2,1035.0,0
2274,ID_308502367864267278,308502,Kenya,367864,267278,Type_7,3035.0,3142.0,2024-07-19,2024-07-26,7,Repeat Loan,607.0,0.2,628.0,0
2275,ID_308502367864251804,308502,Kenya,367864,251804,Type_7,3035.0,3142.0,2024-07-19,2024-07-26,7,Repeat Loan,607.0,0.2,628.0,0
2276,ID_308467367868267278,308467,Kenya,367868,267278,Type_7,4810.0,4979.0,2024-07-19,2024-07-26,7,Repeat Loan,962.0,0.2,996.0,0
2277,ID_308467367868251804,308467,Kenya,367868,251804,Type_7,4810.0,4979.0,2024-07-19,2024-07-26,7,Repeat Loan,962.0,0.2,996.0,0
2278,ID_288763367873267278,288763,Kenya,367873,267278,Type_7,27634.0,28602.0,2024-07-19,2024-07-26,7,Repeat Loan,5527.0,0.200007237461098,5721.0,0
2279,ID_288763367873251804,288763,Kenya,367873,251804,Type_7,27634.0,28602.0,2024-07-19,2024-07-26,7,Repeat Loan,5527.0,0.200007237461098,5721.0,0
2280,ID_308545367887267278,308545,Kenya,367887,267278,Type_7,5000.0,5176.0,2024-07-19,2024-07-26,7,Repeat Loan,1000.0,0.2,1035.0,0
2281,ID_308545367887251804,308545,Kenya,367887,251804,Type_7,5000.0,5176.0,2024-07-19,2024-07-26,7,Repeat Loan,1000.0,0.2,1035.0,0
2282,ID_308877367888267278,308877,Kenya,367888,267278,Type_7,5000.0,5910.0,2024-07-19,2024-07-26,7,Repeat Loan,1000.0,0.2,1182.0,1
2283,ID_308877367888251804,308877,Kenya,367888,251804,Type_7,5000.0,5910.0,2024-07-19,2024-07-26,7,New Loan,1000.0,0.2,1182.0,1
2284,ID_141452367891251804,141452,Kenya,367891,251804,Type_7,4998.0,5173.0,2024-07-19,2024-07-26,7,Repeat Loan,999.0,0.199879951980792,1034.0,0
2285,ID_141452367891267278,141452,Kenya,367891,267278,Type_7,4998.0,5173.0,2024-07-19,2024-07-26,7,Repeat Loan,999.0,0.199879951980792,1034.0,0
2286,ID_308562367893267278,308562,Kenya,367893,267278,Type_7,3245.0,3359.0,2024-07-19,2024-07-26,7,Repeat Loan,649.0,0.2,672.0,0
2287,ID_308562367893251804,308562,Kenya,367893,251804,Type_7,3245.0,3359.0,2024-07-19,2024-07-26,7,New Loan,649.0,0.2,672.0,0
2288,ID_288808367897251804,288808,Kenya,367897,251804,Type_7,18048.0,18680.0,2024-07-19,2024-07-26,7,Repeat Loan,3609.0,0.199966755319148,3735.0,0
2289,ID_288808367897267278,288808,Kenya,367897,267278,Type_7,18048.0,18680.0,2024-07-19,2024-07-26,7,Repeat Loan,3609.0,0.199966755319148,3735.0,0
2290,ID_309157367900251804,309157,Kenya,367900,251804,Type_7,5775.0,6820.0,2024-07-19,2024-07-26,7,New Loan,1155.0,0.2,1364.0,1
2291,ID_309157367900267278,309157,Kenya,367900,267278,Type_7,5775.0,6820.0,2024-07-19,2024-07-26,7,Repeat Loan,1155.0,0.2,1364.0,1
2292,ID_308885367906267278,308885,Kenya,367906,267278,Type_7,5000.0,5176.0,2024-07-20,2024-07-27,7,Repeat Loan,1000.0,0.2,1035.0,0
2293,ID_308885367906251804,308885,Kenya,367906,251804,Type_7,5000.0,5176.0,2024-07-20,2024-07-27,7,Repeat Loan,1000.0,0.2,1035.0,0
2294,ID_308511367908267278,308511,Kenya,367908,267278,Type_7,5500.0,5693.0,2024-07-20,2024-07-27,7,Repeat Loan,1100.0,0.2,1139.0,0
2295,ID_308511367908251804,308511,Kenya,367908,251804,Type_7,5500.0,5693.0,2024-07-20,2024-07-27,7,Repeat Loan,1100.0,0.2,1139.0,0
2296,ID_308408367913267278,308408,Kenya,367913,267278,Type_7,17535.0,18379.0,2024-07-20,2024-07-27,7,Repeat Loan,3507.0,0.2,3676.0,0
2297,ID_308408367913251804,308408,Kenya,367913,251804,Type_7,17535.0,18379.0,2024-07-20,2024-07-27,7,Repeat Loan,3507.0,0.2,3676.0,0
2298,ID_308409367915267278,308409,Kenya,367915,267278,Type_7,2810.0,2909.0,2024-07-20,2024-07-27,7,New Loan,562.0,0.2,582.0,0
2299,ID_308409367915251804,308409,Kenya,367915,251804,Type_7,2810.0,2909.0,2024-07-20,2024-07-27,7,Repeat Loan,562.0,0.2,582.0,0
2300,ID_249194367918267278,249194,Kenya,367918,267278,Type_7,5000.0,5176.0,2024-07-20,2024-07-27,7,Repeat Loan,1000.0,0.2,1035.0,0
2301,ID_249194367918251804,249194,Kenya,367918,251804,Type_7,5000.0,5176.0,2024-07-20,2024-07-27,7,Repeat Loan,1000.0,0.2,1035.0,0
2302,ID_308394367920267278,308394,Kenya,367920,267278,Type_7,7820.0,8094.0,2024-07-20,2024-07-27,7,Repeat Loan,1564.0,0.2,1619.0,0
2303,ID_308394367920251804,308394,Kenya,367920,251804,Type_7,7820.0,8094.0,2024-07-20,2024-07-27,7,Repeat Loan,1564.0,0.2,1619.0,0
2304,ID_308478367923251804,308478,Kenya,367923,251804,Type_7,4584.0,4775.0,2024-07-20,2024-07-27,7,Repeat Loan,917.0,0.200043630017452,955.0,0
2305,ID_308478367923267278,308478,Kenya,367923,267278,Type_7,4584.0,4775.0,2024-07-20,2024-07-27,7,Repeat Loan,917.0,0.200043630017452,955.0,0
2306,ID_248364367925251804,248364,Kenya,367925,251804,Type_7,6960.0,7204.0,2024-07-20,2024-07-27,7,Repeat Loan,1392.0,0.2,1441.0,0
2307,ID_248364367925267278,248364,Kenya,367925,267278,Type_7,6960.0,7204.0,2024-07-20,2024-07-27,7,Repeat Loan,1392.0,0.2,1441.0,0
2308,ID_308512367928251804,308512,Kenya,367928,251804,Type_7,10000.0,10351.0,2024-07-20,2024-07-27,7,Repeat Loan,2000.0,0.2,2070.0,0
2309,ID_308512367928267278,308512,Kenya,367928,267278,Type_7,10000.0,10351.0,2024-07-20,2024-07-27,7,Repeat Loan,2000.0,0.2,2070.0,0
2310,ID_308959367930267278,308959,Kenya,367930,267278,Type_7,4336.0,4488.0,2024-07-20,2024-07-27,7,Repeat Loan,867.0,0.199953874538745,897.0,0
2311,ID_308959367930251804,308959,Kenya,367930,251804,Type_7,4336.0,4488.0,2024-07-20,2024-07-27,7,Repeat Loan,867.0,0.199953874538745,897.0,0
2312,ID_308410367933251804,308410,Kenya,367933,251804,Type_7,3365.0,3483.0,2024-07-20,2024-07-27,7,Repeat Loan,673.0,0.2,697.0,0
2313,ID_308410367933267278,308410,Kenya,367933,267278,Type_7,3365.0,3483.0,2024-07-20,2024-07-27,7,Repeat Loan,673.0,0.2,697.0,0
2314,ID_308433367934251804,308433,Kenya,367934,251804,Type_7,1750.0,1812.0,2024-07-20,2024-07-27,7,Repeat Loan,350.0,0.2,362.0,0
2315,ID_308433367934267278,308433,Kenya,367934,267278,Type_7,1750.0,1812.0,2024-07-20,2024-07-27,7,Repeat Loan,350.0,0.2,362.0,0
2316,ID_308909367935251804,308909,Kenya,367935,251804,Type_7,1350.0,1398.0,2024-07-20,2024-07-27,7,Repeat Loan,270.0,0.2,280.0,0
2317,ID_308909367935267278,308909,Kenya,367935,267278,Type_7,1350.0,1398.0,2024-07-20,2024-07-27,7,Repeat Loan,270.0,0.2,280.0,0
2318,ID_308761367936267278,308761,Kenya,367936,267278,Type_7,5000.0,5176.0,2024-07-20,2024-07-27,7,Repeat Loan,1000.0,0.2,1035.0,0
2319,ID_308761367936251804,308761,Kenya,367936,251804,Type_7,5000.0,5176.0,2024-07-20,2024-07-27,7,Repeat Loan,1000.0,0.2,1035.0,0
2320,ID_97633367938267278,97633,Kenya,367938,267278,Type_7,21000.0,21736.0,2024-07-20,2024-07-27,7,Repeat Loan,4200.0,0.2,4347.0,0
2321,ID_97633367938251804,97633,Kenya,367938,251804,Type_7,21000.0,21736.0,2024-07-20,2024-07-27,7,Repeat Loan,4200.0,0.2,4347.0,0
2322,ID_308983367939251804,308983,Kenya,367939,251804,Type_7,5000.0,5176.0,2024-07-20,2024-07-27,7,Repeat Loan,1000.0,0.2,1035.0,0
2323,ID_308983367939267278,308983,Kenya,367939,267278,Type_7,5000.0,5176.0,2024-07-20,2024-07-27,7,New Loan,1000.0,0.2,1035.0,0
2324,ID_308502367955267278,308502,Kenya,367955,267278,Type_7,5000.0,5176.0,2024-07-22,2024-07-29,7,Repeat Loan,1000.0,0.2,1035.0,0
2325,ID_308502367955251804,308502,Kenya,367955,251804,Type_7,5000.0,5176.0,2024-07-22,2024-07-29,7,Repeat Loan,1000.0,0.2,1035.0,0
2326,ID_239607367963251804,239607,Kenya,367963,251804,Type_7,43120.0,44630.0,2024-07-22,2024-07-29,7,Repeat Loan,8624.0,0.2,8926.0,0
2327,ID_239607367963267278,239607,Kenya,367963,267278,Type_7,43120.0,44630.0,2024-07-22,2024-07-29,7,Repeat Loan,8624.0,0.2,8926.0,0
2328,ID_309363367964251804,309363,Kenya,367964,251804,Type_7,4885.0,5056.0,2024-07-22,2024-07-29,7,Repeat Loan,977.0,0.2,1011.0,0
2329,ID_309363367964267278,309363,Kenya,367964,267278,Type_7,4885.0,5056.0,2024-07-22,2024-07-29,7,Repeat Loan,977.0,0.2,1011.0,0
2330,ID_308797367976267278,308797,Kenya,367976,267278,Type_7,5000.0,5176.0,2024-07-22,2024-07-29,7,New Loan,1000.0,0.2,1035.0,0
2331,ID_308797367976251804,308797,Kenya,367976,251804,Type_7,5000.0,5176.0,2024-07-22,2024-07-29,7,Repeat Loan,1000.0,0.2,1035.0,0
2332,ID_309088367983251804,309088,Kenya,367983,251804,Type_7,3255.0,3369.0,2024-07-22,2024-07-29,7,Repeat Loan,651.0,0.2,674.0,0
2333,ID_309088367983267278,309088,Kenya,367983,267278,Type_7,3255.0,3369.0,2024-07-22,2024-07-29,7,Repeat Loan,651.0,0.2,674.0,0
2334,ID_266441367984251804,266441,Kenya,367984,251804,Type_7,7853.0,8128.0,2024-07-22,2024-07-29,7,Repeat Loan,1570.0,0.199923596077932,1625.0,0
2335,ID_266441367984267278,266441,Kenya,367984,267278,Type_7,7853.0,8128.0,2024-07-22,2024-07-29,7,Repeat Loan,1570.0,0.199923596077932,1625.0,0
2336,ID_308853367986267278,308853,Kenya,367986,267278,Type_7,4240.0,4726.0,2024-07-22,2024-07-29,7,Repeat Loan,848.0,0.2,945.0,0
2337,ID_308853367986251804,308853,Kenya,367986,251804,Type_7,4240.0,4726.0,2024-07-22,2024-07-29,7,Repeat Loan,848.0,0.2,945.0,0
2338,ID_308504367987251804,308504,Kenya,367987,251804,Type_7,5000.0,5176.0,2024-07-22,2024-07-29,7,Repeat Loan,1000.0,0.2,1035.0,0
2339,ID_308504367987267278,308504,Kenya,367987,267278,Type_7,5000.0,5176.0,2024-07-22,2024-07-29,7,Repeat Loan,1000.0,0.2,1035.0,0
2340,ID_251535367992267278,251535,Kenya,367992,267278,Type_7,9780.0,10123.0,2024-07-23,2024-07-30,7,Repeat Loan,1956.0,0.2,2025.0,0
2341,ID_251535367992251804,251535,Kenya,367992,251804,Type_7,9780.0,10123.0,2024-07-23,2024-07-30,7,Repeat Loan,1956.0,0.2,2025.0,0
2342,ID_273311367994251804,273311,Kenya,367994,251804,Type_7,5000.0,5176.0,2024-07-23,2024-07-30,7,Repeat Loan,1000.0,0.2,1035.0,0
2343,ID_273311367994267278,273311,Kenya,367994,267278,Type_7,5000.0,5176.0,2024-07-23,2024-07-30,7,Repeat Loan,1000.0,0.2,1035.0,0
2344,ID_308346367996251804,308346,Kenya,367996,251804,Type_7,5000.0,5176.0,2024-07-23,2024-07-30,7,Repeat Loan,1000.0,0.2,1035.0,0
2345,ID_308346367996267278,308346,Kenya,367996,267278,Type_7,5000.0,5176.0,2024-07-23,2024-07-30,7,Repeat Loan,1000.0,0.2,1035.0,0
2346,ID_308549368006251804,308549,Kenya,368006,251804,Type_7,5975.0,6185.0,2024-07-23,2024-07-30,7,Repeat Loan,1195.0,0.2,1237.0,0
2347,ID_308549368006267278,308549,Kenya,368006,267278,Type_7,5975.0,6185.0,2024-07-23,2024-07-30,7,Repeat Loan,1195.0,0.2,1237.0,0
2348,ID_308974368022251804,308974,Kenya,368022,251804,Type_7,5000.0,5176.0,2024-07-23,2024-07-30,7,Repeat Loan,1000.0,0.2,1035.0,0
2349,ID_308974368022267278,308974,Kenya,368022,267278,Type_7,5000.0,5176.0,2024-07-23,2024-07-30,7,Repeat Loan,1000.0,0.2,1035.0,0
2350,ID_308666368027251804,308666,Kenya,368027,251804,Type_7,5000.0,5176.0,2024-07-23,2024-07-30,7,Repeat Loan,1000.0,0.2,1035.0,0
2351,ID_308666368027267278,308666,Kenya,368027,267278,Type_7,5000.0,5176.0,2024-07-23,2024-07-30,7,Repeat Loan,1000.0,0.2,1035.0,0
2352,ID_266568368042251804,266568,Kenya,368042,251804,Type_7,5419.0,5657.0,2024-07-24,2024-07-31,7,Repeat Loan,1084.0,0.200036907178446,1132.0,0
2353,ID_266568368042267278,266568,Kenya,368042,267278,Type_7,5419.0,5657.0,2024-07-24,2024-07-31,7,Repeat Loan,1084.0,0.200036907178446,1132.0,0
2354,ID_308629368046251804,308629,Kenya,368046,251804,Type_7,5000.0,5176.0,2024-07-24,2024-07-31,7,Repeat Loan,1000.0,0.2,1035.0,0
2355,ID_308629368046267278,308629,Kenya,368046,267278,Type_7,5000.0,5176.0,2024-07-24,2024-07-31,7,Repeat Loan,1000.0,0.2,1035.0,0
2356,ID_309092368060251804,309092,Kenya,368060,251804,Type_7,5000.0,5176.0,2024-07-24,2024-07-31,7,Repeat Loan,1000.0,0.2,1035.0,0
2357,ID_309092368060267278,309092,Kenya,368060,267278,Type_7,5000.0,5176.0,2024-07-24,2024-07-31,7,Repeat Loan,1000.0,0.2,1035.0,0
2358,ID_248038368062251804,248038,Kenya,368062,251804,Type_7,16639.0,17222.0,2024-07-24,2024-07-31,7,Repeat Loan,3328.0,0.200012019953122,3445.0,0
2359,ID_248038368062267278,248038,Kenya,368062,267278,Type_7,16639.0,17222.0,2024-07-24,2024-07-31,7,Repeat Loan,3328.0,0.200012019953122,3445.0,0
2360,ID_267692368063267278,267692,Kenya,368063,267278,Type_7,11000.0,11566.0,2024-07-24,2024-07-31,7,Repeat Loan,2200.0,0.2,2313.0,0
2361,ID_267692368063251804,267692,Kenya,368063,251804,Type_7,11000.0,11566.0,2024-07-24,2024-07-31,7,Repeat Loan,2200.0,0.2,2313.0,0
2362,ID_308512368069267278,308512,Kenya,368069,267278,Type_7,13000.0,13456.0,2024-07-24,2024-07-31,7,Repeat Loan,2600.0,0.2,2691.0,0
2363,ID_308512368069251804,308512,Kenya,368069,251804,Type_7,13000.0,13456.0,2024-07-24,2024-07-31,7,Repeat Loan,2600.0,0.2,2691.0,0
2364,ID_309066368070251804,309066,Kenya,368070,251804,Type_7,3070.0,3178.0,2024-07-24,2024-07-31,7,Repeat Loan,614.0,0.2,636.0,0
2365,ID_309066368070267278,309066,Kenya,368070,267278,Type_7,3070.0,3178.0,2024-07-24,2024-07-31,7,Repeat Loan,614.0,0.2,636.0,0
2366,ID_308543368078267278,308543,Kenya,368078,267278,Type_7,5925.0,6133.0,2024-07-24,2024-07-31,7,Repeat Loan,1185.0,0.2,1227.0,0
2367,ID_308543368078251804,308543,Kenya,368078,251804,Type_7,5925.0,6133.0,2024-07-24,2024-07-31,7,Repeat Loan,1185.0,0.2,1227.0,0
2368,ID_308438368079267278,308438,Kenya,368079,267278,Type_7,10000.0,10351.0,2024-07-24,2024-07-31,7,Repeat Loan,2000.0,0.2,2070.0,0
2369,ID_308438368079251804,308438,Kenya,368079,251804,Type_7,10000.0,10351.0,2024-07-24,2024-07-31,7,Repeat Loan,2000.0,0.2,2070.0,0
2370,ID_309511368080251804,309511,Kenya,368080,251804,Type_7,5000.0,5218.0,2024-07-24,2024-07-31,7,Repeat Loan,1000.0,0.2,1046.0,0
2371,ID_309511368080267278,309511,Kenya,368080,267278,Type_7,5000.0,5218.0,2024-07-24,2024-07-31,7,Repeat Loan,1000.0,0.2,1046.0,0
2372,ID_308928368082267278,308928,Kenya,368082,267278,Type_7,7000.0,7246.0,2024-07-24,2024-07-31,7,Repeat Loan,1400.0,0.2,1449.0,0
2373,ID_308928368082251804,308928,Kenya,368082,251804,Type_7,7000.0,7246.0,2024-07-24,2024-07-31,7,Repeat Loan,1400.0,0.2,1449.0,0
2374,ID_309013368087267278,309013,Kenya,368087,267278,Type_7,4300.0,4451.0,2024-07-24,2024-07-31,7,New Loan,860.0,0.2,890.0,0
2375,ID_309013368087251804,309013,Kenya,368087,251804,Type_7,4300.0,4451.0,2024-07-24,2024-07-31,7,Repeat Loan,860.0,0.2,890.0,0
2376,ID_308506368096251804,308506,Kenya,368096,251804,Type_7,7000.0,7246.0,2024-07-25,2024-08-01,7,Repeat Loan,1400.0,0.2,1449.0,0
2377,ID_308506368096267278,308506,Kenya,368096,267278,Type_7,7000.0,7246.0,2024-07-25,2024-08-01,7,Repeat Loan,1400.0,0.2,1449.0,0
2378,ID_308426368108251804,308426,Kenya,368108,251804,Type_7,4993.0,5168.0,2024-07-25,2024-08-01,7,Repeat Loan,998.0,0.19987983176447,1033.0,0
2379,ID_308426368108267278,308426,Kenya,368108,267278,Type_7,4993.0,5168.0,2024-07-25,2024-08-01,7,Repeat Loan,998.0,0.19987983176447,1033.0,0
2380,ID_308465368123267278,308465,Kenya,368123,267278,Type_7,5000.0,5176.0,2024-07-25,2024-08-01,7,Repeat Loan,1000.0,0.2,1035.0,0
2381,ID_308465368123251804,308465,Kenya,368123,251804,Type_7,5000.0,5176.0,2024-07-25,2024-08-01,7,Repeat Loan,1000.0,0.2,1035.0,0
2382,ID_308373368131251804,308373,Kenya,368131,251804,Type_7,13995.0,14485.0,2024-07-25,2024-08-01,7,Repeat Loan,2799.0,0.2,2897.0,0
2383,ID_308373368131267278,308373,Kenya,368131,267278,Type_7,13995.0,14485.0,2024-07-25,2024-08-01,7,Repeat Loan,2799.0,0.2,2897.0,0
2384,ID_308729368132251804,308729,Kenya,368132,251804,Type_7,4940.0,5151.0,2024-07-25,2024-08-01,7,Repeat Loan,988.0,0.2,1030.0,0
2385,ID_308729368132267278,308729,Kenya,368132,267278,Type_7,4940.0,5151.0,2024-07-25,2024-08-01,7,Repeat Loan,988.0,0.2,1030.0,0
2386,ID_8256368135251804,8256,Kenya,368135,251804,Type_7,5000.0,5176.0,2024-07-25,2024-08-01,7,Repeat Loan,1000.0,0.2,1035.0,0
2387,ID_8256368135267278,8256,Kenya,368135,267278,Type_7,5000.0,5176.0,2024-07-25,2024-08-01,7,Repeat Loan,1000.0,0.2,1035.0,0
2388,ID_308903368136267278,308903,Kenya,368136,267278,Type_7,5000.0,5176.0,2024-07-25,2024-08-01,7,Repeat Loan,1000.0,0.2,1035.0,0
2389,ID_308903368136251804,308903,Kenya,368136,251804,Type_7,5000.0,5176.0,2024-07-25,2024-08-01,7,Repeat Loan,1000.0,0.2,1035.0,0
2390,ID_308873368144267278,308873,Kenya,368144,267278,Type_7,5552.0,5747.0,2024-07-26,2024-08-02,7,Repeat Loan,1110.0,0.199927953890489,1149.0,0
2391,ID_308873368144251804,308873,Kenya,368144,251804,Type_7,5552.0,5747.0,2024-07-26,2024-08-02,7,Repeat Loan,1110.0,0.199927953890489,1149.0,0
2392,ID_308898368146267278,308898,Kenya,368146,267278,Type_7,5000.0,5176.0,2024-07-26,2024-08-02,7,Repeat Loan,1000.0,0.2,1035.0,0
2393,ID_308898368146251804,308898,Kenya,368146,251804,Type_7,5000.0,5176.0,2024-07-26,2024-08-02,7,Repeat Loan,1000.0,0.2,1035.0,0
2394,ID_308504368157251804,308504,Kenya,368157,251804,Type_7,5982.0,6192.0,2024-07-26,2024-08-02,7,Repeat Loan,1196.0,0.199933132731527,1238.0,0
2395,ID_308504368157267278,308504,Kenya,368157,267278,Type_7,5982.0,6192.0,2024-07-26,2024-08-02,7,Repeat Loan,1196.0,0.199933132731527,1238.0,0
2396,ID_308624368174267278,308624,Kenya,368174,267278,Type_7,4952.0,5126.0,2024-07-26,2024-08-02,7,Repeat Loan,990.0,0.199919224555735,1025.0,0
2397,ID_308624368174251804,308624,Kenya,368174,251804,Type_7,4952.0,5126.0,2024-07-26,2024-08-02,7,Repeat Loan,990.0,0.199919224555735,1025.0,0
2398,ID_308562368184267278,308562,Kenya,368184,267278,Type_7,3830.0,3965.0,2024-07-27,2024-08-03,7,Repeat Loan,766.0,0.2,793.0,0
2399,ID_308562368184251804,308562,Kenya,368184,251804,Type_7,3830.0,3965.0,2024-07-27,2024-08-03,7,Repeat Loan,766.0,0.2,793.0,0
2400,ID_308425368188251804,308425,Kenya,368188,251804,Type_7,9000.0,9316.0,2024-07-27,2024-08-03,7,Repeat Loan,1800.0,0.2,1863.0,0
2401,ID_308425368188267278,308425,Kenya,368188,267278,Type_7,9000.0,9316.0,2024-07-27,2024-08-03,7,Repeat Loan,1800.0,0.2,1863.0,0
2402,ID_308887368192267278,308887,Kenya,368192,267278,Type_7,3290.0,3758.0,2024-07-27,2024-08-03,7,Repeat Loan,658.0,0.2,752.0,1
2403,ID_308887368192251804,308887,Kenya,368192,251804,Type_7,3290.0,3758.0,2024-07-27,2024-08-03,7,Repeat Loan,658.0,0.2,752.0,1
2404,ID_309041368197251804,309041,Kenya,368197,251804,Type_7,2630.0,2723.0,2024-07-27,2024-08-03,7,New Loan,526.0,0.2,545.0,0
2405,ID_309041368197267278,309041,Kenya,368197,267278,Type_7,2630.0,2723.0,2024-07-27,2024-08-03,7,Repeat Loan,526.0,0.2,545.0,0
2406,ID_308907368198267278,308907,Kenya,368198,267278,Type_7,5000.0,5176.0,2024-07-27,2024-08-03,7,Repeat Loan,1000.0,0.2,1035.0,0
2407,ID_308907368198251804,308907,Kenya,368198,251804,Type_7,5000.0,5176.0,2024-07-27,2024-08-03,7,Repeat Loan,1000.0,0.2,1035.0,0
2408,ID_308875368202251804,308875,Kenya,368202,251804,Type_7,10000.0,10351.0,2024-07-27,2024-08-03,7,Repeat Loan,2000.0,0.2,2070.0,0
2409,ID_308875368202267278,308875,Kenya,368202,267278,Type_7,10000.0,10351.0,2024-07-27,2024-08-03,7,Repeat Loan,2000.0,0.2,2070.0,0
2410,ID_309355368206267278,309355,Kenya,368206,267278,Type_7,4856.0,5026.0,2024-07-27,2024-08-03,7,New Loan,971.0,0.19995881383855,1005.0,0
2411,ID_309355368206251804,309355,Kenya,368206,251804,Type_7,4856.0,5026.0,2024-07-27,2024-08-03,7,Repeat Loan,971.0,0.19995881383855,1005.0,0
2412,ID_308909368208267278,308909,Kenya,368208,267278,Type_7,1663.0,1722.0,2024-07-27,2024-08-03,7,Repeat Loan,332.0,0.199639206253758,344.0,0
2413,ID_308909368208251804,308909,Kenya,368208,251804,Type_7,1663.0,1722.0,2024-07-27,2024-08-03,7,Repeat Loan,332.0,0.199639206253758,344.0,0
2414,ID_308480368209251804,308480,Kenya,368209,251804,Type_7,5000.0,5176.0,2024-07-27,2024-08-03,7,Repeat Loan,1000.0,0.2,1035.0,0
2415,ID_308480368209267278,308480,Kenya,368209,267278,Type_7,5000.0,5176.0,2024-07-27,2024-08-03,7,Repeat Loan,1000.0,0.2,1035.0,0
2416,ID_288763368213267278,288763,Kenya,368213,267278,Type_7,24519.0,25378.0,2024-07-27,2024-08-03,7,Repeat Loan,4904.0,0.200008156939516,5076.0,0
2417,ID_288763368213251804,288763,Kenya,368213,251804,Type_7,24519.0,25378.0,2024-07-27,2024-08-03,7,Repeat Loan,4904.0,0.200008156939516,5076.0,0
2418,ID_250156368216267278,250156,Kenya,368216,267278,Type_7,18218.0,18856.0,2024-07-27,2024-08-03,7,Repeat Loan,3643.0,0.199967065539576,3771.0,0
2419,ID_250156368216251804,250156,Kenya,368216,251804,Type_7,18218.0,18856.0,2024-07-27,2024-08-03,7,Repeat Loan,3643.0,0.199967065539576,3771.0,0
2420,ID_267525368221267278,267525,Kenya,368221,267278,Type_7,8499.0,8797.0,2024-07-28,2024-08-04,7,Repeat Loan,1700.0,0.200023532180256,1760.0,0
2421,ID_267525368221251804,267525,Kenya,368221,251804,Type_7,8499.0,8797.0,2024-07-28,2024-08-04,7,Repeat Loan,1700.0,0.200023532180256,1760.0,0
2422,ID_309379368227251804,309379,Kenya,368227,251804,Type_7,4270.0,4835.0,2024-07-29,2024-08-05,7,New Loan,854.0,0.2,967.0,1
2423,ID_309379368227267278,309379,Kenya,368227,267278,Type_7,4270.0,4835.0,2024-07-29,2024-08-05,7,Repeat Loan,854.0,0.2,967.0,1
2424,ID_309071368229267278,309071,Kenya,368229,267278,Type_7,5000.0,5176.0,2024-07-29,2024-08-05,7,Repeat Loan,1000.0,0.2,1035.0,0
2425,ID_309071368229251804,309071,Kenya,368229,251804,Type_7,5000.0,5176.0,2024-07-29,2024-08-05,7,Repeat Loan,1000.0,0.2,1035.0,0
2426,ID_251535368237251804,251535,Kenya,368237,251804,Type_7,30406.0,31471.0,2024-07-29,2024-08-05,7,Repeat Loan,6081.0,0.199993422350851,6294.0,0
2427,ID_251535368237267278,251535,Kenya,368237,267278,Type_7,30406.0,31471.0,2024-07-29,2024-08-05,7,Repeat Loan,6081.0,0.199993422350851,6294.0,0
2428,ID_240065368242251804,240065,Kenya,368242,251804,Type_7,8210.0,8498.0,2024-07-29,2024-08-05,7,Repeat Loan,1642.0,0.2,1700.0,0
2429,ID_240065368242267278,240065,Kenya,368242,267278,Type_7,8210.0,8498.0,2024-07-29,2024-08-05,7,Repeat Loan,1642.0,0.2,1700.0,0
2430,ID_308511368246267278,308511,Kenya,368246,267278,Type_7,7000.0,7246.0,2024-07-29,2024-08-05,7,Repeat Loan,1400.0,0.2,1449.0,0
2431,ID_308511368246251804,308511,Kenya,368246,251804,Type_7,7000.0,7246.0,2024-07-29,2024-08-05,7,Repeat Loan,1400.0,0.2,1449.0,0
2432,ID_244340368247251804,244340,Kenya,368247,251804,Type_7,103978.0,107618.0,2024-07-29,2024-08-05,7,Repeat Loan,20795.0,0.199994229548558,21523.0,0
2433,ID_244340368247267278,244340,Kenya,368247,267278,Type_7,103978.0,107618.0,2024-07-29,2024-08-05,7,Repeat Loan,20795.0,0.199994229548558,21523.0,0
2434,ID_309075368248251804,309075,Kenya,368248,251804,Type_7,5040.0,5217.0,2024-07-29,2024-08-05,7,Repeat Loan,1008.0,0.2,1043.0,0
2435,ID_309075368248267278,309075,Kenya,368248,267278,Type_7,5040.0,5217.0,2024-07-29,2024-08-05,7,Repeat Loan,1008.0,0.2,1043.0,0
2436,ID_308543368249267278,308543,Kenya,368249,267278,Type_7,8000.0,8280.0,2024-07-29,2024-08-05,7,Repeat Loan,1600.0,0.2,1656.0,0
2437,ID_308543368249251804,308543,Kenya,368249,251804,Type_7,8000.0,8280.0,2024-07-29,2024-08-05,7,Repeat Loan,1600.0,0.2,1656.0,0
2438,ID_248364368250251804,248364,Kenya,368250,251804,Type_7,9000.0,9316.0,2024-07-29,2024-08-05,7,Repeat Loan,1800.0,0.2,1863.0,0
2439,ID_248364368250267278,248364,Kenya,368250,267278,Type_7,9000.0,9316.0,2024-07-29,2024-08-05,7,Repeat Loan,1800.0,0.2,1863.0,0
2440,ID_308512368260251804,308512,Kenya,368260,251804,Type_7,13000.0,13456.0,2024-07-29,2024-08-05,7,Repeat Loan,2600.0,0.2,2691.0,0
2441,ID_308512368260267278,308512,Kenya,368260,267278,Type_7,13000.0,13456.0,2024-07-29,2024-08-05,7,Repeat Loan,2600.0,0.2,2691.0,0
2442,ID_308486368265251804,308486,Kenya,368265,251804,Type_7,5000.0,5176.0,2024-07-29,2024-08-05,7,Repeat Loan,1000.0,0.2,1035.0,0
2443,ID_308486368265267278,308486,Kenya,368265,267278,Type_7,5000.0,5176.0,2024-07-29,2024-08-05,7,Repeat Loan,1000.0,0.2,1035.0,0
2444,ID_97633368266251804,97633,Kenya,368266,251804,Type_7,25000.0,25876.0,2024-07-29,2024-08-05,7,Repeat Loan,5000.0,0.2,5175.0,0
2445,ID_97633368266267278,97633,Kenya,368266,267278,Type_7,25000.0,25876.0,2024-07-29,2024-08-05,7,Repeat Loan,5000.0,0.2,5175.0,0
2446,ID_308629368278251804,308629,Kenya,368278,251804,Type_7,5000.0,5176.0,2024-07-30,2024-08-06,7,Repeat Loan,1000.0,0.2,1035.0,0
2447,ID_308629368278267278,308629,Kenya,368278,267278,Type_7,5000.0,5176.0,2024-07-30,2024-08-06,7,Repeat Loan,1000.0,0.2,1035.0,0
2448,ID_308409368296267278,308409,Kenya,368296,267278,Type_7,4955.0,5129.0,2024-07-30,2024-08-06,7,Repeat Loan,991.0,0.2,1026.0,0
2449,ID_308409368296251804,308409,Kenya,368296,251804,Type_7,4955.0,5129.0,2024-07-30,2024-08-06,7,Repeat Loan,991.0,0.2,1026.0,0
2450,ID_308989368298267278,308989,Kenya,368298,267278,Type_7,6000.0,6211.0,2024-07-30,2024-08-06,7,Repeat Loan,1200.0,0.2,1242.0,0
2451,ID_308989368298251804,308989,Kenya,368298,251804,Type_7,6000.0,6211.0,2024-07-30,2024-08-06,7,Repeat Loan,1200.0,0.2,1242.0,0
2452,ID_309064368301267278,309064,Kenya,368301,267278,Type_7,4300.0,4451.0,2024-07-30,2024-08-06,7,Repeat Loan,860.0,0.2,890.0,0
2453,ID_309064368301251804,309064,Kenya,368301,251804,Type_7,4300.0,4451.0,2024-07-30,2024-08-06,7,Repeat Loan,860.0,0.2,890.0,0
2454,ID_309363368304267278,309363,Kenya,368304,267278,Type_7,4997.0,5172.0,2024-07-30,2024-08-06,7,Repeat Loan,999.0,0.199919951971182,1034.0,0
2455,ID_309363368304251804,309363,Kenya,368304,251804,Type_7,4997.0,5172.0,2024-07-30,2024-08-06,7,Repeat Loan,999.0,0.199919951971182,1034.0,0
2456,ID_309088368325267278,309088,Kenya,368325,267278,Type_7,3525.0,3649.0,2024-07-31,2024-08-07,7,Repeat Loan,705.0,0.2,730.0,0
2457,ID_309088368325251804,309088,Kenya,368325,251804,Type_7,3525.0,3649.0,2024-07-31,2024-08-07,7,Repeat Loan,705.0,0.2,730.0,0
2458,ID_141452368328251804,141452,Kenya,368328,251804,Type_7,4999.0,5174.0,2024-07-31,2024-08-07,7,Repeat Loan,1000.0,0.2000400080016,1035.0,0
2459,ID_141452368328267278,141452,Kenya,368328,267278,Type_7,4999.0,5174.0,2024-07-31,2024-08-07,7,Repeat Loan,1000.0,0.2000400080016,1035.0,0
2460,ID_308666368329267278,308666,Kenya,368329,267278,Type_7,5000.0,5176.0,2024-07-31,2024-08-07,7,Repeat Loan,1000.0,0.2,1035.0,0
2461,ID_308666368329251804,308666,Kenya,368329,251804,Type_7,5000.0,5176.0,2024-07-31,2024-08-07,7,Repeat Loan,1000.0,0.2,1035.0,0
2462,ID_308650368333251804,308650,Kenya,368333,251804,Type_7,4949.0,5518.0,2024-07-31,2024-08-07,7,Repeat Loan,990.0,0.200040412204485,1104.0,0
2463,ID_308650368333267278,308650,Kenya,368333,267278,Type_7,4949.0,5518.0,2024-07-31,2024-08-07,7,Repeat Loan,990.0,0.200040412204485,1104.0,0
2464,ID_309066368340267278,309066,Kenya,368340,267278,Type_7,5000.0,5176.0,2024-07-31,2024-08-07,7,Repeat Loan,1000.0,0.2,1035.0,0
2465,ID_309066368340251804,309066,Kenya,368340,251804,Type_7,5000.0,5176.0,2024-07-31,2024-08-07,7,Repeat Loan,1000.0,0.2,1035.0,0
2466,ID_244475368348267278,244475,Kenya,368348,267278,Type_7,9798.0,10141.0,2024-07-31,2024-08-07,7,Repeat Loan,1959.0,0.199938763012859,2028.0,0
2467,ID_244475368348251804,244475,Kenya,368348,251804,Type_7,9798.0,10141.0,2024-07-31,2024-08-07,7,Repeat Loan,1959.0,0.199938763012859,2028.0,0
2468,ID_308545368362251804,308545,Kenya,368362,251804,Type_7,5250.0,5434.0,2024-07-31,2024-08-07,7,Repeat Loan,1050.0,0.2,1087.0,0
2469,ID_308545368362267278,308545,Kenya,368362,267278,Type_7,5250.0,5434.0,2024-07-31,2024-08-07,7,Repeat Loan,1050.0,0.2,1087.0,0
2470,ID_273311368363267278,273311,Kenya,368363,267278,Type_7,5000.0,5176.0,2024-07-31,2024-08-07,7,Repeat Loan,1000.0,0.2,1035.0,0
2471,ID_273311368363251804,273311,Kenya,368363,251804,Type_7,5000.0,5176.0,2024-07-31,2024-08-07,7,Repeat Loan,1000.0,0.2,1035.0,0
2472,ID_308761368364267278,308761,Kenya,368364,267278,Type_7,6390.0,6614.0,2024-07-31,2024-08-07,7,Repeat Loan,1278.0,0.2,1323.0,0
2473,ID_308761368364251804,308761,Kenya,368364,251804,Type_7,6390.0,6614.0,2024-07-31,2024-08-07,7,Repeat Loan,1278.0,0.2,1323.0,0
2474,ID_208443368369251804,208443,Kenya,368369,251804,Type_7,7000.0,7246.0,2024-08-01,2024-08-08,7,Repeat Loan,1400.0,0.2,1449.0,0
2475,ID_208443368369267278,208443,Kenya,368369,267278,Type_7,7000.0,7246.0,2024-08-01,2024-08-08,7,Repeat Loan,1400.0,0.2,1449.0,0
2476,ID_309896368401267278,309896,Kenya,368401,267278,Type_7,4725.0,4891.0,2024-08-01,2024-08-08,7,Repeat Loan,945.0,0.2,978.0,0
2477,ID_309896368401251804,309896,Kenya,368401,251804,Type_7,4725.0,4891.0,2024-08-01,2024-08-08,7,Repeat Loan,945.0,0.2,978.0,0
2478,ID_309148368405267278,309148,Kenya,368405,267278,Type_7,5000.0,5176.0,2024-08-01,2024-08-08,7,Repeat Loan,1000.0,0.2,1035.0,0
2479,ID_309148368405251804,309148,Kenya,368405,251804,Type_7,5000.0,5176.0,2024-08-01,2024-08-08,7,Repeat Loan,1000.0,0.2,1035.0,0
2480,ID_308885368408267278,308885,Kenya,368408,267278,Type_7,6000.0,6211.0,2024-08-01,2024-08-08,7,Repeat Loan,1200.0,0.2,1242.0,0
2481,ID_308885368408251804,308885,Kenya,368408,251804,Type_7,6000.0,6211.0,2024-08-01,2024-08-08,7,Repeat Loan,1200.0,0.2,1242.0,0
2482,ID_250013368417251804,250013,Kenya,368417,251804,Type_7,5000.0,5176.0,2024-08-01,2024-08-08,7,New Loan,1000.0,0.2,1035.0,0
2483,ID_250013368417267278,250013,Kenya,368417,267278,Type_7,5000.0,5176.0,2024-08-01,2024-08-08,7,Repeat Loan,1000.0,0.2,1035.0,0
2484,ID_266441368418267278,266441,Kenya,368418,267278,Type_7,5831.0,6036.0,2024-08-01,2024-08-08,7,Repeat Loan,1166.0,0.19996570056594,1207.0,0
2485,ID_266441368418251804,266441,Kenya,368418,251804,Type_7,5831.0,6036.0,2024-08-01,2024-08-08,7,Repeat Loan,1166.0,0.19996570056594,1207.0,0
2486,ID_309901368419267278,309901,Kenya,368419,267278,Type_7,4944.0,5118.0,2024-08-01,2024-08-08,7,Repeat Loan,989.0,0.200040453074433,1024.0,0
2487,ID_309901368419251804,309901,Kenya,368419,251804,Type_7,4944.0,5118.0,2024-08-01,2024-08-08,7,New Loan,989.0,0.200040453074433,1024.0,0
2488,ID_308502368420251804,308502,Kenya,368420,251804,Type_7,4120.0,4343.0,2024-08-01,2024-08-08,7,Repeat Loan,824.0,0.2,869.0,0
2489,ID_308502368420267278,308502,Kenya,368420,267278,Type_7,4120.0,4343.0,2024-08-01,2024-08-08,7,Repeat Loan,824.0,0.2,869.0,0
2490,ID_309474368421267278,309474,Kenya,368421,267278,Type_7,3415.0,3815.0,2024-08-01,2024-08-08,7,Repeat Loan,683.0,0.2,763.0,1
2491,ID_309474368421251804,309474,Kenya,368421,251804,Type_7,3415.0,3815.0,2024-08-01,2024-08-08,7,Repeat Loan,683.0,0.2,763.0,1
2492,ID_248038368423267278,248038,Kenya,368423,267278,Type_7,32307.0,33438.0,2024-08-01,2024-08-08,7,Repeat Loan,6461.0,0.199987618782307,6687.0,0
2493,ID_248038368423251804,248038,Kenya,368423,251804,Type_7,32307.0,33438.0,2024-08-01,2024-08-08,7,Repeat Loan,6461.0,0.199987618782307,6687.0,0
2494,ID_308549368425251804,308549,Kenya,368425,251804,Type_7,6554.0,6784.0,2024-08-02,2024-08-09,7,Repeat Loan,1311.0,0.200030515715593,1357.0,0
2495,ID_308549368425267278,308549,Kenya,368425,267278,Type_7,6554.0,6784.0,2024-08-02,2024-08-09,7,Repeat Loan,1311.0,0.200030515715593,1357.0,0
2496,ID_309902368435267278,309902,Kenya,368435,267278,Type_7,4815.0,4984.0,2024-08-02,2024-08-09,7,Repeat Loan,963.0,0.2,997.0,0
2497,ID_309902368435251804,309902,Kenya,368435,251804,Type_7,4815.0,4984.0,2024-08-02,2024-08-09,7,Repeat Loan,963.0,0.2,997.0,0
2498,ID_308466368443267278,308466,Kenya,368443,267278,Type_7,8794.0,9102.0,2024-08-02,2024-08-09,7,Repeat Loan,1759.0,0.200022742779167,1821.0,0
2499,ID_308466368443251804,308466,Kenya,368443,251804,Type_7,8794.0,9102.0,2024-08-02,2024-08-09,7,Repeat Loan,1759.0,0.200022742779167,1821.0,0
2500,ID_309644368445267278,309644,Kenya,368445,267278,Type_7,4250.0,4399.0,2024-08-02,2024-08-09,7,Repeat Loan,850.0,0.2,880.0,0
2501,ID_309644368445251804,309644,Kenya,368445,251804,Type_7,4250.0,4399.0,2024-08-02,2024-08-09,7,Repeat Loan,850.0,0.2,880.0,0
2502,ID_308438368449267278,308438,Kenya,368449,267278,Type_7,12582.0,13023.0,2024-08-02,2024-08-09,7,Repeat Loan,2516.0,0.199968208551899,2604.0,0
2503,ID_308438368449251804,308438,Kenya,368449,251804,Type_7,12582.0,13023.0,2024-08-02,2024-08-09,7,Repeat Loan,2516.0,0.199968208551899,2604.0,0
2504,ID_309060368459251804,309060,Kenya,368459,251804,Type_7,7000.0,7246.0,2024-08-02,2024-08-09,7,Repeat Loan,1400.0,0.2,1449.0,0
2505,ID_309060368459267278,309060,Kenya,368459,267278,Type_7,7000.0,7246.0,2024-08-02,2024-08-09,7,Repeat Loan,1400.0,0.2,1449.0,0
2506,ID_309963368463267278,309963,Kenya,368463,267278,Type_7,5000.0,5176.0,2024-08-02,2024-08-09,7,Repeat Loan,1000.0,0.2,1035.0,0
2507,ID_309963368463251804,309963,Kenya,368463,251804,Type_7,5000.0,5176.0,2024-08-02,2024-08-09,7,Repeat Loan,1000.0,0.2,1035.0,0
2508,ID_308903368466251804,308903,Kenya,368466,251804,Type_7,5000.0,5395.0,2024-08-02,2024-08-09,7,Repeat Loan,1000.0,0.2,1079.0,0
2509,ID_308903368466267278,308903,Kenya,368466,267278,Type_7,5000.0,5395.0,2024-08-02,2024-08-09,7,Repeat Loan,1000.0,0.2,1079.0,0
2510,ID_308959368481251804,308959,Kenya,368481,251804,Type_7,4313.0,4464.0,2024-08-03,2024-08-10,7,Repeat Loan,862.0,0.199860885694412,892.0,0
2511,ID_308959368481267278,308959,Kenya,368481,267278,Type_7,4313.0,4464.0,2024-08-03,2024-08-10,7,Repeat Loan,862.0,0.199860885694412,892.0,0
2512,ID_288763368484267278,288763,Kenya,368484,267278,Type_7,21547.0,22302.0,2024-08-03,2024-08-10,7,Repeat Loan,4309.0,0.199981435930756,4460.0,0
2513,ID_288763368484251804,288763,Kenya,368484,251804,Type_7,21547.0,22302.0,2024-08-03,2024-08-10,7,Repeat Loan,4309.0,0.199981435930756,4460.0,0
2514,ID_309947368486251804,309947,Kenya,368486,251804,Type_7,4900.0,5356.0,2024-08-05,2024-08-12,7,Repeat Loan,980.0,0.2,1071.0,1
2515,ID_309947368486267278,309947,Kenya,368486,267278,Type_7,4900.0,5356.0,2024-08-05,2024-08-12,7,Repeat Loan,980.0,0.2,1071.0,1
2516,ID_308480368492267278,308480,Kenya,368492,267278,Type_7,5000.0,5194.0,2024-08-03,2024-08-10,7,Repeat Loan,1000.0,0.2,1039.0,0
2517,ID_308480368492251804,308480,Kenya,368492,251804,Type_7,5000.0,5194.0,2024-08-03,2024-08-10,7,Repeat Loan,1000.0,0.2,1039.0,0
2518,ID_309687368495251804,309687,Kenya,368495,251804,Type_7,4816.0,5007.0,2024-08-03,2024-08-10,7,Repeat Loan,963.0,0.199958471760797,1001.0,0
2519,ID_309687368495267278,309687,Kenya,368495,267278,Type_7,4816.0,5007.0,2024-08-03,2024-08-10,7,Repeat Loan,963.0,0.199958471760797,1001.0,0
2520,ID_308940368496251804,308940,Kenya,368496,251804,Type_7,4345.0,4798.0,2024-08-03,2024-08-10,7,New Loan,869.0,0.2,960.0,1
2521,ID_308940368496267278,308940,Kenya,368496,267278,Type_7,4345.0,4798.0,2024-08-03,2024-08-10,7,Repeat Loan,869.0,0.2,960.0,1
2522,ID_308579368527267278,308579,Kenya,368527,267278,Type_7,5940.0,6148.0,2024-08-05,2024-08-12,7,Repeat Loan,1188.0,0.2,1230.0,0
2523,ID_308579368527251804,308579,Kenya,368527,251804,Type_7,5940.0,6148.0,2024-08-05,2024-08-12,7,Repeat Loan,1188.0,0.2,1230.0,0
2524,ID_309968368533251804,309968,Kenya,368533,251804,Type_7,14000.0,14491.0,2024-08-05,2024-08-12,7,Repeat Loan,2800.0,0.2,2898.0,0
2525,ID_309968368533267278,309968,Kenya,368533,267278,Type_7,14000.0,14491.0,2024-08-05,2024-08-12,7,Repeat Loan,2800.0,0.2,2898.0,0
2526,ID_308512368535267278,308512,Kenya,368535,267278,Type_7,17000.0,17595.0,2024-08-05,2024-08-12,7,Repeat Loan,3400.0,0.2,3519.0,0
2527,ID_308512368535251804,308512,Kenya,368535,251804,Type_7,17000.0,17595.0,2024-08-05,2024-08-12,7,Repeat Loan,3400.0,0.2,3519.0,0
2528,ID_308962368539267278,308962,Kenya,368539,267278,Type_7,3823.0,3962.0,2024-08-05,2024-08-12,7,Repeat Loan,764.0,0.199843055192257,792.0,0
2529,ID_308962368539251804,308962,Kenya,368539,251804,Type_7,3823.0,3962.0,2024-08-05,2024-08-12,7,New Loan,764.0,0.199843055192257,792.0,0
2530,ID_308638368541251804,308638,Kenya,368541,251804,Type_7,6404.0,6629.0,2024-08-05,2024-08-12,7,Repeat Loan,1281.0,0.200031230480949,1326.0,0
2531,ID_308638368541267278,308638,Kenya,368541,267278,Type_7,6404.0,6629.0,2024-08-05,2024-08-12,7,Repeat Loan,1281.0,0.200031230480949,1326.0,0
2532,ID_251535368544251804,251535,Kenya,368544,251804,Type_7,41305.0,42751.0,2024-08-05,2024-08-12,7,Repeat Loan,8261.0,0.2,8550.0,0
2533,ID_251535368544267278,251535,Kenya,368544,267278,Type_7,41305.0,42751.0,2024-08-05,2024-08-12,7,Repeat Loan,8261.0,0.2,8550.0,0
2534,ID_309092368547267278,309092,Kenya,368547,267278,Type_7,4371.0,4524.0,2024-08-05,2024-08-12,7,Repeat Loan,874.0,0.199954243880118,905.0,0
2535,ID_309092368547251804,309092,Kenya,368547,251804,Type_7,4371.0,4524.0,2024-08-05,2024-08-12,7,Repeat Loan,874.0,0.199954243880118,905.0,0
2536,ID_272005368549251804,272005,Kenya,368549,251804,Type_7,5000.0,5176.0,2024-08-05,2024-08-12,7,Repeat Loan,1000.0,0.2,1035.0,0
2537,ID_272005368549267278,272005,Kenya,368549,267278,Type_7,5000.0,5176.0,2024-08-05,2024-08-12,7,Repeat Loan,1000.0,0.2,1035.0,0
2538,ID_308426368552267278,308426,Kenya,368552,267278,Type_7,5998.0,6208.0,2024-08-05,2024-08-12,7,Repeat Loan,1199.0,0.199899966655551,1241.0,0
2539,ID_308426368552251804,308426,Kenya,368552,251804,Type_7,5998.0,6208.0,2024-08-05,2024-08-12,7,Repeat Loan,1199.0,0.199899966655551,1241.0,0
2540,ID_308789368560251804,308789,Kenya,368560,251804,Type_7,4990.0,5165.0,2024-08-05,2024-08-12,7,Repeat Loan,998.0,0.2,1033.0,0
2541,ID_308789368560267278,308789,Kenya,368560,267278,Type_7,4990.0,5165.0,2024-08-05,2024-08-12,7,Repeat Loan,998.0,0.2,1033.0,0
2542,ID_308430368562251804,308430,Kenya,368562,251804,Type_7,7000.0,7246.0,2024-08-05,2024-08-12,7,Repeat Loan,1400.0,0.2,1449.0,0
2543,ID_308430368562267278,308430,Kenya,368562,267278,Type_7,7000.0,7246.0,2024-08-05,2024-08-12,7,Repeat Loan,1400.0,0.2,1449.0,0
2544,ID_308460368564251804,308460,Kenya,368564,251804,Type_7,4150.0,4326.0,2024-08-05,2024-08-12,7,Repeat Loan,830.0,0.2,865.0,0
2545,ID_308460368564267278,308460,Kenya,368564,267278,Type_7,4150.0,4326.0,2024-08-05,2024-08-12,7,Repeat Loan,830.0,0.2,865.0,0
2546,ID_308761368566267278,308761,Kenya,368566,267278,Type_7,7000.0,7246.0,2024-08-05,2024-08-12,7,Repeat Loan,1400.0,0.2,1449.0,0
2547,ID_308761368566251804,308761,Kenya,368566,251804,Type_7,7000.0,7246.0,2024-08-05,2024-08-12,7,Repeat Loan,1400.0,0.2,1449.0,0
2548,ID_266568368589267278,266568,Kenya,368589,267278,Type_7,5250.0,5434.0,2024-08-06,2024-08-13,7,Repeat Loan,1050.0,0.2,1087.0,0
2549,ID_266568368589251804,266568,Kenya,368589,251804,Type_7,5250.0,5434.0,2024-08-06,2024-08-13,7,Repeat Loan,1050.0,0.2,1087.0,0
2550,ID_308409368596267278,308409,Kenya,368596,267278,Type_7,5549.0,5744.0,2024-08-06,2024-08-13,7,Repeat Loan,1110.0,0.200036042530185,1149.0,0
2551,ID_308409368596251804,308409,Kenya,368596,251804,Type_7,5549.0,5744.0,2024-08-06,2024-08-13,7,Repeat Loan,1110.0,0.200036042530185,1149.0,0
2552,ID_308492368609251804,308492,Kenya,368609,251804,Type_7,3119.0,3229.0,2024-08-07,2024-08-14,7,Repeat Loan,624.0,0.200064123116383,646.0,0
2553,ID_308492368609267278,308492,Kenya,368609,267278,Type_7,3119.0,3229.0,2024-08-07,2024-08-14,7,Repeat Loan,624.0,0.200064123116383,646.0,0
2554,ID_309064368622251804,309064,Kenya,368622,251804,Type_7,4348.0,4549.0,2024-08-07,2024-08-14,7,Repeat Loan,869.0,0.199862005519779,909.0,0
2555,ID_309064368622267278,309064,Kenya,368622,267278,Type_7,4348.0,4549.0,2024-08-07,2024-08-14,7,Repeat Loan,869.0,0.199862005519779,909.0,0
2556,ID_309363368627267278,309363,Kenya,368627,267278,Type_7,3675.0,3804.0,2024-08-07,2024-08-14,7,Repeat Loan,735.0,0.2,761.0,0
2557,ID_309363368627251804,309363,Kenya,368627,251804,Type_7,3675.0,3804.0,2024-08-07,2024-08-14,7,Repeat Loan,735.0,0.2,761.0,0
2558,ID_248364368631267278,248364,Kenya,368631,267278,Type_7,11991.0,12411.0,2024-08-07,2024-08-14,7,Repeat Loan,2398.0,0.199983320823951,2482.0,0
2559,ID_248364368631251804,248364,Kenya,368631,251804,Type_7,11991.0,12411.0,2024-08-07,2024-08-14,7,Repeat Loan,2398.0,0.199983320823951,2482.0,0
2560,ID_267525368633251804,267525,Kenya,368633,251804,Type_7,9995.0,10410.0,2024-08-07,2024-08-14,7,Repeat Loan,1999.0,0.2,2082.0,0
2561,ID_267525368633267278,267525,Kenya,368633,267278,Type_7,9995.0,10410.0,2024-08-07,2024-08-14,7,Repeat Loan,1999.0,0.2,2082.0,0
2562,ID_309072368639251804,309072,Kenya,368639,251804,Type_7,5000.0,5176.0,2024-08-08,2024-08-15,7,Repeat Loan,1000.0,0.2,1035.0,0
2563,ID_309072368639267278,309072,Kenya,368639,267278,Type_7,5000.0,5176.0,2024-08-08,2024-08-15,7,New Loan,1000.0,0.2,1035.0,0
2564,ID_244340368647267278,244340,Kenya,368647,267278,Type_7,103616.0,107574.0,2024-08-08,2024-08-15,7,Repeat Loan,20723.0,0.19999806979617,21515.0,0
2565,ID_244340368647251804,244340,Kenya,368647,251804,Type_7,103616.0,107574.0,2024-08-08,2024-08-15,7,Repeat Loan,20723.0,0.19999806979617,21515.0,0
2566,ID_308608368648267278,308608,Kenya,368648,267278,Type_7,5000.0,5186.0,2024-08-08,2024-08-15,7,Repeat Loan,1000.0,0.2,1037.0,0
2567,ID_308608368648251804,308608,Kenya,368648,251804,Type_7,5000.0,5186.0,2024-08-08,2024-08-15,7,Repeat Loan,1000.0,0.2,1037.0,0
2568,ID_249931368662251804,249931,Kenya,368662,251804,Type_7,59690.0,64650.0,2024-08-08,2024-08-15,7,Repeat Loan,11938.0,0.2,12930.0,1
2569,ID_249931368662267278,249931,Kenya,368662,267278,Type_7,59690.0,64650.0,2024-08-08,2024-08-15,7,Repeat Loan,11938.0,0.2,12930.0,1
2570,ID_308504368670251804,308504,Kenya,368670,251804,Type_7,7000.0,7246.0,2024-08-08,2024-08-15,7,Repeat Loan,1400.0,0.2,1449.0,0
2571,ID_308504368670267278,308504,Kenya,368670,267278,Type_7,7000.0,7246.0,2024-08-08,2024-08-15,7,Repeat Loan,1400.0,0.2,1449.0,0
2572,ID_308934368671251804,308934,Kenya,368671,251804,Type_7,5000.0,5218.0,2024-08-08,2024-08-15,7,Repeat Loan,1000.0,0.2,1044.0,0
2573,ID_308934368671267278,308934,Kenya,368671,267278,Type_7,5000.0,5218.0,2024-08-08,2024-08-15,7,Repeat Loan,1000.0,0.2,1044.0,0
2574,ID_308493368691251804,308493,Kenya,368691,251804,Type_7,6000.0,6211.0,2024-08-09,2024-08-16,7,Repeat Loan,1200.0,0.2,1242.0,0
2575,ID_308493368691267278,308493,Kenya,368691,267278,Type_7,6000.0,6211.0,2024-08-09,2024-08-16,7,Repeat Loan,1200.0,0.2,1242.0,0
2576,ID_308545368695251804,308545,Kenya,368695,251804,Type_7,5735.0,5936.0,2024-08-09,2024-08-16,7,Repeat Loan,1147.0,0.2,1187.0,0
2577,ID_308545368695267278,308545,Kenya,368695,267278,Type_7,5735.0,5936.0,2024-08-09,2024-08-16,7,Repeat Loan,1147.0,0.2,1187.0,0
2578,ID_308412368702267278,308412,Kenya,368702,267278,Type_7,4830.0,5006.0,2024-08-09,2024-08-16,7,Repeat Loan,966.0,0.2,1001.0,0
2579,ID_308412368702251804,308412,Kenya,368702,251804,Type_7,4830.0,5006.0,2024-08-09,2024-08-16,7,Repeat Loan,966.0,0.2,1001.0,0
2580,ID_309041368708267278,309041,Kenya,368708,267278,Type_7,5000.0,5176.0,2024-08-09,2024-08-16,7,Repeat Loan,1000.0,0.2,1035.0,0
2581,ID_309041368708251804,309041,Kenya,368708,251804,Type_7,5000.0,5176.0,2024-08-09,2024-08-16,7,Repeat Loan,1000.0,0.2,1035.0,0
2582,ID_309974368709251804,309974,Kenya,368709,251804,Type_7,5000.0,5176.0,2024-08-09,2024-08-16,7,New Loan,1000.0,0.2,1035.0,0
2583,ID_309974368709267278,309974,Kenya,368709,267278,Type_7,5000.0,5176.0,2024-08-09,2024-08-16,7,Repeat Loan,1000.0,0.2,1035.0,0
2584,ID_309026368711267278,309026,Kenya,368711,267278,Type_7,5000.0,5176.0,2024-08-09,2024-08-16,7,Repeat Loan,1000.0,0.2,1035.0,0
2585,ID_309026368711251804,309026,Kenya,368711,251804,Type_7,5000.0,5176.0,2024-08-09,2024-08-16,7,Repeat Loan,1000.0,0.2,1035.0,0
2586,ID_308486368714251804,308486,Kenya,368714,251804,Type_7,5750.0,5962.0,2024-08-09,2024-08-16,7,Repeat Loan,1150.0,0.2,1192.0,0
2587,ID_308486368714267278,308486,Kenya,368714,267278,Type_7,5750.0,5962.0,2024-08-09,2024-08-16,7,Repeat Loan,1150.0,0.2,1192.0,0
2588,ID_308410368715267278,308410,Kenya,368715,267278,Type_7,1969.0,2038.0,2024-08-09,2024-08-16,7,Repeat Loan,394.0,0.20010157440325,408.0,0
2589,ID_308410368715251804,308410,Kenya,368715,251804,Type_7,1969.0,2038.0,2024-08-09,2024-08-16,7,Repeat Loan,394.0,0.20010157440325,408.0,0
2590,ID_308757368716267278,308757,Kenya,368716,267278,Type_7,5000.0,5212.0,2024-08-09,2024-08-16,7,Repeat Loan,1000.0,0.2,1042.0,0
2591,ID_308757368716251804,308757,Kenya,368716,251804,Type_7,5000.0,5212.0,2024-08-09,2024-08-16,7,Repeat Loan,1000.0,0.2,1042.0,0
2592,ID_262785368717267278,262785,Kenya,368717,267278,Type_7,175.0,182.0,2024-08-10,2024-08-17,7,Repeat Loan,35.0,0.2,36.0,0
2593,ID_262785368717251804,262785,Kenya,368717,251804,Type_7,175.0,182.0,2024-08-10,2024-08-17,7,New Loan,35.0,0.2,36.0,0
2594,ID_249194368722267278,249194,Kenya,368722,267278,Type_7,7000.0,7246.0,2024-08-10,2024-08-17,7,Repeat Loan,1400.0,0.2,1449.0,0
2595,ID_249194368722251804,249194,Kenya,368722,251804,Type_7,7000.0,7246.0,2024-08-10,2024-08-17,7,Repeat Loan,1400.0,0.2,1449.0,0
2596,ID_309083368727267278,309083,Kenya,368727,267278,Type_7,5000.0,5176.0,2024-08-10,2024-08-17,7,Repeat Loan,1000.0,0.2,1035.0,0
2597,ID_309083368727251804,309083,Kenya,368727,251804,Type_7,5000.0,5176.0,2024-08-10,2024-08-17,7,New Loan,1000.0,0.2,1035.0,0
2598,ID_250629368734267278,250629,Kenya,368734,267278,Type_7,2925.0,3105.0,2024-08-10,2024-08-17,7,Repeat Loan,585.0,0.2,621.0,0
2599,ID_250629368734251804,250629,Kenya,368734,251804,Type_7,2925.0,3105.0,2024-08-10,2024-08-17,7,Repeat Loan,585.0,0.2,621.0,0
2600,ID_310254368744267278,310254,Kenya,368744,267278,Type_7,4508.0,4690.0,2024-08-10,2024-08-17,7,Repeat Loan,901.0,0.199866903283052,937.0,0
2601,ID_310254368744251804,310254,Kenya,368744,251804,Type_7,4508.0,4690.0,2024-08-10,2024-08-17,7,Repeat Loan,901.0,0.199866903283052,937.0,0
2602,ID_308377368746251804,308377,Kenya,368746,251804,Type_7,1543.0,1598.0,2024-08-10,2024-08-17,7,Repeat Loan,308.0,0.199611147116007,319.0,0
2603,ID_308377368746267278,308377,Kenya,368746,267278,Type_7,1543.0,1598.0,2024-08-10,2024-08-17,7,Repeat Loan,308.0,0.199611147116007,319.0,0
2604,ID_262848368748267278,262848,Kenya,368748,267278,Type_7,5000.0,5176.0,2024-08-10,2024-08-17,7,Repeat Loan,1000.0,0.2,1035.0,0
2605,ID_262848368748251804,262848,Kenya,368748,251804,Type_7,5000.0,5176.0,2024-08-10,2024-08-17,7,New Loan,1000.0,0.2,1035.0,0
2606,ID_246628368759267278,246628,Kenya,368759,267278,Type_7,5463.0,5655.0,2024-08-11,2024-08-18,7,Repeat Loan,1092.0,0.199890170236133,1130.0,0
2607,ID_246628368759251804,246628,Kenya,368759,251804,Type_7,5463.0,5655.0,2024-08-11,2024-08-18,7,Repeat Loan,1092.0,0.199890170236133,1130.0,0
2608,ID_308506368760251804,308506,Kenya,368760,251804,Type_7,12000.0,12421.0,2024-08-11,2024-08-18,7,Repeat Loan,2400.0,0.2,2484.0,0
2609,ID_308506368760267278,308506,Kenya,368760,267278,Type_7,12000.0,12421.0,2024-08-11,2024-08-18,7,Repeat Loan,2400.0,0.2,2484.0,0
2610,ID_308570368762251804,308570,Kenya,368762,251804,Type_7,6000.0,6211.0,2024-08-11,2024-08-18,7,Repeat Loan,1200.0,0.2,1242.0,0
2611,ID_308570368762267278,308570,Kenya,368762,267278,Type_7,6000.0,6211.0,2024-08-11,2024-08-18,7,Repeat Loan,1200.0,0.2,1242.0,0
2612,ID_308512368781251804,308512,Kenya,368781,251804,Type_7,22000.0,22771.0,2024-08-12,2024-08-19,7,Repeat Loan,4400.0,0.2,4554.0,0
2613,ID_308512368781267278,308512,Kenya,368781,267278,Type_7,22000.0,22771.0,2024-08-12,2024-08-19,7,Repeat Loan,4400.0,0.2,4554.0,0
2614,ID_240065368786251804,240065,Kenya,368786,251804,Type_7,10768.0,11145.0,2024-08-12,2024-08-19,7,Repeat Loan,2153.0,0.199944279346211,2228.0,0
2615,ID_240065368786267278,240065,Kenya,368786,267278,Type_7,10768.0,11145.0,2024-08-12,2024-08-19,7,Repeat Loan,2153.0,0.199944279346211,2228.0,0
2616,ID_308989368791267278,308989,Kenya,368791,267278,Type_7,8000.0,8280.0,2024-08-12,2024-08-19,7,Repeat Loan,1600.0,0.2,1656.0,0
2617,ID_308989368791251804,308989,Kenya,368791,251804,Type_7,8000.0,8280.0,2024-08-12,2024-08-19,7,Repeat Loan,1600.0,0.2,1656.0,0
2618,ID_308466368798251804,308466,Kenya,368798,251804,Type_7,5494.0,5687.0,2024-08-12,2024-08-19,7,Repeat Loan,1099.0,0.200036403349108,1138.0,0
2619,ID_308466368798267278,308466,Kenya,368798,267278,Type_7,5494.0,5687.0,2024-08-12,2024-08-19,7,Repeat Loan,1099.0,0.200036403349108,1138.0,0
2620,ID_308579368803267278,308579,Kenya,368803,267278,Type_7,6759.0,6996.0,2024-08-12,2024-08-19,7,Repeat Loan,1352.0,0.200029590176061,1399.0,0
2621,ID_308579368803251804,308579,Kenya,368803,251804,Type_7,6759.0,6996.0,2024-08-12,2024-08-19,7,Repeat Loan,1352.0,0.200029590176061,1399.0,0
2622,ID_309060368815251804,309060,Kenya,368815,251804,Type_7,9000.0,9316.0,2024-08-12,2024-08-19,7,Repeat Loan,1800.0,0.2,1863.0,0
2623,ID_309060368815267278,309060,Kenya,368815,267278,Type_7,9000.0,9316.0,2024-08-12,2024-08-19,7,Repeat Loan,1800.0,0.2,1863.0,0
2624,ID_251535368818267278,251535,Kenya,368818,267278,Type_7,36735.0,38021.0,2024-08-12,2024-08-19,7,Repeat Loan,7347.0,0.2,7604.0,0
2625,ID_251535368818251804,251535,Kenya,368818,251804,Type_7,36735.0,38021.0,2024-08-12,2024-08-19,7,Repeat Loan,7347.0,0.2,7604.0,0
2626,ID_308438368819267278,308438,Kenya,368819,267278,Type_7,13293.0,13759.0,2024-08-12,2024-08-19,7,Repeat Loan,2658.0,0.199954863461972,2751.0,0
2627,ID_308438368819251804,308438,Kenya,368819,251804,Type_7,13293.0,13759.0,2024-08-12,2024-08-19,7,Repeat Loan,2658.0,0.199954863461972,2751.0,0
2628,ID_244475368823251804,244475,Kenya,368823,251804,Type_7,22235.0,23014.0,2024-08-12,2024-08-19,7,Repeat Loan,4447.0,0.2,4603.0,0
2629,ID_244475368823267278,244475,Kenya,368823,267278,Type_7,22235.0,23014.0,2024-08-12,2024-08-19,7,Repeat Loan,4447.0,0.2,4603.0,0
2630,ID_310270368825267278,310270,Kenya,368825,267278,Type_7,4170.0,4316.0,2024-08-12,2024-08-19,7,New Loan,834.0,0.2,863.0,0
2631,ID_310270368825251804,310270,Kenya,368825,251804,Type_7,4170.0,4316.0,2024-08-12,2024-08-19,7,Repeat Loan,834.0,0.2,863.0,0
2632,ID_310061368829267278,310061,Kenya,368829,267278,Type_7,5000.0,5262.0,2024-08-13,2024-08-20,7,Repeat Loan,1000.0,0.2,1052.0,1
2633,ID_310061368829251804,310061,Kenya,368829,251804,Type_7,5000.0,5262.0,2024-08-13,2024-08-20,7,Repeat Loan,1000.0,0.2,1052.0,1
2634,ID_309644368848251804,309644,Kenya,368848,251804,Type_7,4872.0,5043.0,2024-08-13,2024-08-20,7,Repeat Loan,974.0,0.19991789819376,1008.0,0
2635,ID_309644368848267278,309644,Kenya,368848,267278,Type_7,4872.0,5043.0,2024-08-13,2024-08-20,7,Repeat Loan,974.0,0.19991789819376,1008.0,0
2636,ID_309075368849251804,309075,Kenya,368849,251804,Type_7,5735.0,5936.0,2024-08-13,2024-08-20,7,Repeat Loan,1147.0,0.2,1187.0,0
2637,ID_309075368849267278,309075,Kenya,368849,267278,Type_7,5735.0,5936.0,2024-08-13,2024-08-20,7,Repeat Loan,1147.0,0.2,1187.0,0
2638,ID_199820368858267278,199820,Kenya,368858,267278,Type_7,4022.0,4163.0,2024-08-13,2024-08-20,7,Repeat Loan,804.0,0.199900546991546,832.0,0
2639,ID_199820368858251804,199820,Kenya,368858,251804,Type_7,4022.0,4163.0,2024-08-13,2024-08-20,7,Repeat Loan,804.0,0.199900546991546,832.0,0
2640,ID_310220368861267278,310220,Kenya,368861,267278,Type_7,5000.0,5426.0,2024-08-13,2024-08-20,7,Repeat Loan,1000.0,0.2,1085.0,1
2641,ID_310220368861251804,310220,Kenya,368861,251804,Type_7,5000.0,5426.0,2024-08-13,2024-08-20,7,New Loan,1000.0,0.2,1085.0,1
2642,ID_208443368862267278,208443,Kenya,368862,267278,Type_7,8000.0,8690.0,2024-08-13,2024-08-20,7,Repeat Loan,1600.0,0.2,1738.0,1
2643,ID_208443368862251804,208443,Kenya,368862,251804,Type_7,8000.0,8690.0,2024-08-13,2024-08-20,7,Repeat Loan,1600.0,0.2,1738.0,1
2644,ID_250569368871251804,250569,Kenya,368871,251804,Type_7,5000.0,5176.0,2024-08-13,2024-08-20,7,Repeat Loan,1000.0,0.2,1035.0,0
2645,ID_250569368871267278,250569,Kenya,368871,267278,Type_7,5000.0,5176.0,2024-08-13,2024-08-20,7,Repeat Loan,1000.0,0.2,1035.0,0
2646,ID_308624368872251804,308624,Kenya,368872,251804,Type_7,5150.0,5331.0,2024-08-13,2024-08-20,7,Repeat Loan,1030.0,0.2,1066.0,0
2647,ID_308624368872267278,308624,Kenya,368872,267278,Type_7,5150.0,5331.0,2024-08-13,2024-08-20,7,Repeat Loan,1030.0,0.2,1066.0,0
2648,ID_310119368878251804,310119,Kenya,368878,251804,Type_7,4930.0,5103.0,2024-08-13,2024-08-20,7,Repeat Loan,986.0,0.2,1021.0,0
2649,ID_310119368878267278,310119,Kenya,368878,267278,Type_7,4930.0,5103.0,2024-08-13,2024-08-20,7,Repeat Loan,986.0,0.2,1021.0,0
2650,ID_309013368879251804,309013,Kenya,368879,251804,Type_7,5000.0,5190.0,2024-08-13,2024-08-20,7,Repeat Loan,1000.0,0.2,1038.0,0
2651,ID_309013368879267278,309013,Kenya,368879,267278,Type_7,5000.0,5190.0,2024-08-13,2024-08-20,7,Repeat Loan,1000.0,0.2,1038.0,0
2652,ID_308875368888267278,308875,Kenya,368888,267278,Type_7,16850.0,17440.0,2024-08-14,2024-08-21,7,Repeat Loan,3370.0,0.2,3488.0,0
2653,ID_308875368888251804,308875,Kenya,368888,251804,Type_7,16850.0,17440.0,2024-08-14,2024-08-21,7,Repeat Loan,3370.0,0.2,3488.0,0
2654,ID_308433368899267278,308433,Kenya,368899,267278,Type_7,2200.0,2278.0,2024-08-14,2024-08-21,7,Repeat Loan,440.0,0.2,456.0,0
2655,ID_308433368899251804,308433,Kenya,368899,251804,Type_7,2200.0,2278.0,2024-08-14,2024-08-21,7,Repeat Loan,440.0,0.2,456.0,0
2656,ID_308938368904251804,308938,Kenya,368904,251804,Type_7,1725.0,1786.0,2024-08-14,2024-08-21,7,Repeat Loan,345.0,0.2,357.0,0
2657,ID_308938368904267278,308938,Kenya,368904,267278,Type_7,1725.0,1786.0,2024-08-14,2024-08-21,7,New Loan,345.0,0.2,357.0,0
2658,ID_308430368920251804,308430,Kenya,368920,251804,Type_7,9000.0,9358.0,2024-08-14,2024-08-21,7,Repeat Loan,1800.0,0.2,1872.0,0
2659,ID_308430368920267278,308430,Kenya,368920,267278,Type_7,9000.0,9358.0,2024-08-14,2024-08-21,7,Repeat Loan,1800.0,0.2,1872.0,0
2660,ID_310219368921267278,310219,Kenya,368921,267278,Type_7,4058.0,4201.0,2024-08-14,2024-08-21,7,Repeat Loan,811.0,0.199852143913257,840.0,0
2661,ID_310219368921251804,310219,Kenya,368921,251804,Type_7,4058.0,4201.0,2024-08-14,2024-08-21,7,Repeat Loan,811.0,0.199852143913257,840.0,0
2662,ID_308907368923251804,308907,Kenya,368923,251804,Type_7,8575.0,8876.0,2024-08-14,2024-08-21,7,Repeat Loan,1715.0,0.2,1775.0,0
2663,ID_308907368923267278,308907,Kenya,368923,267278,Type_7,8575.0,8876.0,2024-08-14,2024-08-21,7,Repeat Loan,1715.0,0.2,1775.0,0
2664,ID_309148368940267278,309148,Kenya,368940,267278,Type_7,4675.0,4839.0,2024-08-14,2024-08-21,7,Repeat Loan,935.0,0.2,968.0,0
2665,ID_309148368940251804,309148,Kenya,368940,251804,Type_7,4675.0,4839.0,2024-08-14,2024-08-21,7,Repeat Loan,935.0,0.2,968.0,0
2666,ID_309902368944267278,309902,Kenya,368944,267278,Type_7,4590.0,4781.0,2024-08-14,2024-08-21,7,Repeat Loan,918.0,0.2,956.0,0
2667,ID_309902368944251804,309902,Kenya,368944,251804,Type_7,4590.0,4781.0,2024-08-14,2024-08-21,7,Repeat Loan,918.0,0.2,956.0,0
2668,ID_308426368945267278,308426,Kenya,368945,267278,Type_7,6260.0,6480.0,2024-08-14,2024-08-21,7,Repeat Loan,1252.0,0.2,1296.0,0
2669,ID_308426368945251804,308426,Kenya,368945,251804,Type_7,6260.0,6480.0,2024-08-14,2024-08-21,7,Repeat Loan,1252.0,0.2,1296.0,0
2670,ID_308410368982251804,308410,Kenya,368982,251804,Type_7,2470.0,2557.0,2024-08-15,2024-08-22,7,Repeat Loan,494.0,0.2,511.0,0
2671,ID_308410368982267278,308410,Kenya,368982,267278,Type_7,2470.0,2557.0,2024-08-15,2024-08-22,7,Repeat Loan,494.0,0.2,511.0,0
2672,ID_308974368996267278,308974,Kenya,368996,267278,Type_7,7000.0,7276.0,2024-08-15,2024-08-22,7,Repeat Loan,1400.0,0.2,1455.0,0
2673,ID_308974368996251804,308974,Kenya,368996,251804,Type_7,7000.0,7276.0,2024-08-15,2024-08-22,7,Repeat Loan,1400.0,0.2,1455.0,0
2674,ID_309071369009267278,309071,Kenya,369009,267278,Type_7,5288.0,5531.0,2024-08-15,2024-08-22,7,Repeat Loan,1057.0,0.199886535552193,1106.0,0
2675,ID_309071369009251804,309071,Kenya,369009,251804,Type_7,5288.0,5531.0,2024-08-15,2024-08-22,7,Repeat Loan,1057.0,0.199886535552193,1106.0,0
2676,ID_309670369012251804,309670,Kenya,369012,251804,Type_7,5000.0,5176.0,2024-08-15,2024-08-22,7,Repeat Loan,1000.0,0.2,1035.0,0
2677,ID_309670369012267278,309670,Kenya,369012,267278,Type_7,5000.0,5176.0,2024-08-15,2024-08-22,7,New Loan,1000.0,0.2,1035.0,0
2678,ID_309565369023267278,309565,Kenya,369023,267278,Type_7,5000.0,5260.0,2024-08-16,2024-08-23,7,New Loan,1000.0,0.2,1057.0,0
2679,ID_309565369023251804,309565,Kenya,369023,251804,Type_7,5000.0,5260.0,2024-08-16,2024-08-23,7,Repeat Loan,1000.0,0.2,1057.0,0
2680,ID_309968369043267278,309968,Kenya,369043,267278,Type_7,15400.0,16040.0,2024-08-16,2024-08-23,7,Repeat Loan,3080.0,0.2,3208.0,0
2681,ID_309968369043251804,309968,Kenya,369043,251804,Type_7,15400.0,16040.0,2024-08-16,2024-08-23,7,Repeat Loan,3080.0,0.2,3208.0,0
2682,ID_308408369050267278,308408,Kenya,369050,267278,Type_7,23000.0,23806.0,2024-08-16,2024-08-23,7,Repeat Loan,4600.0,0.2,4761.0,0
2683,ID_308408369050251804,308408,Kenya,369050,251804,Type_7,23000.0,23806.0,2024-08-16,2024-08-23,7,Repeat Loan,4600.0,0.2,4761.0,0
2684,ID_308480369055267278,308480,Kenya,369055,267278,Type_7,5318.0,5505.0,2024-08-16,2024-08-23,7,Repeat Loan,1063.0,0.199887175629936,1100.0,0
2685,ID_308480369055251804,308480,Kenya,369055,251804,Type_7,5318.0,5505.0,2024-08-16,2024-08-23,7,Repeat Loan,1063.0,0.199887175629936,1100.0,0
2686,ID_308662369066251804,308662,Kenya,369066,251804,Type_7,2685.0,2779.0,2024-08-16,2024-08-23,7,New Loan,537.0,0.2,556.0,0
2687,ID_308662369066267278,308662,Kenya,369066,267278,Type_7,2685.0,2779.0,2024-08-16,2024-08-23,7,Repeat Loan,537.0,0.2,556.0,0
2688,ID_309083369072267278,309083,Kenya,369072,267278,Type_7,5000.0,5176.0,2024-08-16,2024-08-23,7,Repeat Loan,1000.0,0.2,1035.0,0
2689,ID_309083369072251804,309083,Kenya,369072,251804,Type_7,5000.0,5176.0,2024-08-16,2024-08-23,7,Repeat Loan,1000.0,0.2,1035.0,0
2690,ID_308629369081267278,308629,Kenya,369081,267278,Type_7,7000.0,7246.0,2024-08-16,2024-08-23,7,Repeat Loan,1400.0,0.2,1449.0,0
2691,ID_308629369081251804,308629,Kenya,369081,251804,Type_7,7000.0,7246.0,2024-08-16,2024-08-23,7,Repeat Loan,1400.0,0.2,1449.0,0
2692,ID_309023369084267278,309023,Kenya,369084,267278,Type_7,3602.0,3729.0,2024-08-16,2024-08-23,7,Repeat Loan,720.0,0.199888950583009,745.0,0
2693,ID_309023369084251804,309023,Kenya,369084,251804,Type_7,3602.0,3729.0,2024-08-16,2024-08-23,7,Repeat Loan,720.0,0.199888950583009,745.0,0
2694,ID_309026369086267278,309026,Kenya,369086,267278,Type_7,6000.0,6251.0,2024-08-17,2024-08-24,7,Repeat Loan,1200.0,0.2,1250.0,0
2695,ID_309026369086251804,309026,Kenya,369086,251804,Type_7,6000.0,6251.0,2024-08-17,2024-08-24,7,Repeat Loan,1200.0,0.2,1250.0,0
2696,ID_309363369107267278,309363,Kenya,369107,267278,Type_7,5975.0,6185.0,2024-08-17,2024-08-24,7,Repeat Loan,1195.0,0.2,1237.0,0
2697,ID_309363369107251804,309363,Kenya,369107,251804,Type_7,5975.0,6185.0,2024-08-17,2024-08-24,7,Repeat Loan,1195.0,0.2,1237.0,0
2698,ID_310158369111267278,310158,Kenya,369111,267278,Type_7,2545.0,2800.0,2024-08-17,2024-08-24,7,Repeat Loan,509.0,0.2,560.0,1
2699,ID_310158369111251804,310158,Kenya,369111,251804,Type_7,2545.0,2800.0,2024-08-17,2024-08-24,7,Repeat Loan,509.0,0.2,560.0,1
2700,ID_308959369113251804,308959,Kenya,369113,251804,Type_7,6906.0,7148.0,2024-08-17,2024-08-24,7,Repeat Loan,1381.0,0.199971039675644,1429.0,0
2701,ID_308959369113267278,308959,Kenya,369113,267278,Type_7,6906.0,7148.0,2024-08-17,2024-08-24,7,Repeat Loan,1381.0,0.199971039675644,1429.0,0
2702,ID_308977369116251804,308977,Kenya,369116,251804,Type_7,13000.0,13456.0,2024-08-17,2024-08-24,7,Repeat Loan,2600.0,0.2,2691.0,0
2703,ID_308977369116267278,308977,Kenya,369116,267278,Type_7,13000.0,13456.0,2024-08-17,2024-08-24,7,Repeat Loan,2600.0,0.2,2691.0,0
2704,ID_308885369119251804,308885,Kenya,369119,251804,Type_7,9000.0,9316.0,2024-08-18,2024-08-25,7,Repeat Loan,1800.0,0.2,1863.0,0
2705,ID_308885369119267278,308885,Kenya,369119,267278,Type_7,9000.0,9316.0,2024-08-18,2024-08-25,7,Repeat Loan,1800.0,0.2,1863.0,0
2706,ID_308504369120251804,308504,Kenya,369120,251804,Type_7,8000.0,8280.0,2024-08-17,2024-08-24,7,Repeat Loan,1600.0,0.2,1656.0,0
2707,ID_308504369120267278,308504,Kenya,369120,267278,Type_7,8000.0,8280.0,2024-08-17,2024-08-24,7,Repeat Loan,1600.0,0.2,1656.0,0
2708,ID_308551369124251804,308551,Kenya,369124,251804,Type_7,5000.0,5176.0,2024-08-17,2024-08-24,7,New Loan,1000.0,0.2,1035.0,0
2709,ID_308551369124267278,308551,Kenya,369124,267278,Type_7,5000.0,5176.0,2024-08-17,2024-08-24,7,Repeat Loan,1000.0,0.2,1035.0,0
2710,ID_308981369125267278,308981,Kenya,369125,267278,Type_7,2265.0,2396.0,2024-08-17,2024-08-24,7,Repeat Loan,453.0,0.2,479.0,0
2711,ID_308981369125251804,308981,Kenya,369125,251804,Type_7,2265.0,2396.0,2024-08-17,2024-08-24,7,Repeat Loan,453.0,0.2,479.0,0
2712,ID_308449369130267278,308449,Kenya,369130,267278,Type_7,6000.0,6211.0,2024-08-17,2024-08-24,7,Repeat Loan,1200.0,0.2,1242.0,0
2713,ID_308449369130251804,308449,Kenya,369130,251804,Type_7,6000.0,6211.0,2024-08-17,2024-08-24,7,Repeat Loan,1200.0,0.2,1242.0,0
2714,ID_273311369135267278,273311,Kenya,369135,267278,Type_7,7000.0,7246.0,2024-08-17,2024-08-24,7,Repeat Loan,1400.0,0.2,1449.0,0
2715,ID_273311369135251804,273311,Kenya,369135,251804,Type_7,7000.0,7246.0,2024-08-17,2024-08-24,7,Repeat Loan,1400.0,0.2,1449.0,0
2716,ID_308460369143251804,308460,Kenya,369143,251804,Type_7,2279.0,2359.0,2024-08-18,2024-08-25,7,Repeat Loan,456.0,0.200087757788503,472.0,0
2717,ID_308460369143267278,308460,Kenya,369143,267278,Type_7,2279.0,2359.0,2024-08-18,2024-08-25,7,Repeat Loan,456.0,0.200087757788503,472.0,0
2718,ID_308570369145251804,308570,Kenya,369145,251804,Type_7,7000.0,7246.0,2024-08-18,2024-08-25,7,Repeat Loan,1400.0,0.2,1449.0,0
2719,ID_308570369145267278,308570,Kenya,369145,267278,Type_7,7000.0,7246.0,2024-08-18,2024-08-25,7,Repeat Loan,1400.0,0.2,1449.0,0
2720,ID_267525369146267278,267525,Kenya,369146,267278,Type_7,11850.0,12265.0,2024-08-18,2024-08-25,7,Repeat Loan,2370.0,0.2,2453.0,0
2721,ID_267525369146251804,267525,Kenya,369146,251804,Type_7,11850.0,12265.0,2024-08-18,2024-08-25,7,Repeat Loan,2370.0,0.2,2453.0,0
2722,ID_308989369149251804,308989,Kenya,369149,251804,Type_7,10000.0,10351.0,2024-08-19,2024-08-26,7,Repeat Loan,2000.0,0.2,2070.0,0
2723,ID_308989369149267278,308989,Kenya,369149,267278,Type_7,10000.0,10351.0,2024-08-19,2024-08-26,7,Repeat Loan,2000.0,0.2,2070.0,0
2724,ID_249194369181267278,249194,Kenya,369181,267278,Type_7,8000.0,8280.0,2024-08-19,2024-08-26,7,Repeat Loan,1600.0,0.2,1656.0,0
2725,ID_249194369181251804,249194,Kenya,369181,251804,Type_7,8000.0,8280.0,2024-08-19,2024-08-26,7,Repeat Loan,1600.0,0.2,1656.0,0
2726,ID_308423369189251804,308423,Kenya,369189,251804,Type_7,4980.0,5155.0,2024-08-19,2024-08-26,7,Repeat Loan,996.0,0.2,1031.0,0
2727,ID_308423369189267278,308423,Kenya,369189,267278,Type_7,4980.0,5155.0,2024-08-19,2024-08-26,7,Repeat Loan,996.0,0.2,1031.0,0
2728,ID_251535369190267278,251535,Kenya,369190,267278,Type_7,40930.0,42363.0,2024-08-19,2024-08-26,7,Repeat Loan,8186.0,0.2,8473.0,0
2729,ID_251535369190251804,251535,Kenya,369190,251804,Type_7,40930.0,42363.0,2024-08-19,2024-08-26,7,Repeat Loan,8186.0,0.2,8473.0,0
2730,ID_250569369199267278,250569,Kenya,369199,267278,Type_7,5000.0,5176.0,2024-08-19,2024-08-26,7,Repeat Loan,1000.0,0.2,1035.0,0
2731,ID_250569369199251804,250569,Kenya,369199,251804,Type_7,5000.0,5176.0,2024-08-19,2024-08-26,7,Repeat Loan,1000.0,0.2,1035.0,0
2732,ID_308909369202267278,308909,Kenya,369202,267278,Type_7,4315.0,4467.0,2024-08-19,2024-08-26,7,Repeat Loan,863.0,0.2,893.0,0
2733,ID_308909369202251804,308909,Kenya,369202,251804,Type_7,4315.0,4467.0,2024-08-19,2024-08-26,7,Repeat Loan,863.0,0.2,893.0,0
2734,ID_308512369214251804,308512,Kenya,369214,251804,Type_7,20969.0,21703.0,2024-08-19,2024-08-26,7,Repeat Loan,4194.0,0.200009537889265,4341.0,0
2735,ID_308512369214267278,308512,Kenya,369214,267278,Type_7,20969.0,21703.0,2024-08-19,2024-08-26,7,Repeat Loan,4194.0,0.200009537889265,4341.0,0
2736,ID_308543369216267278,308543,Kenya,369216,267278,Type_7,12853.0,13303.0,2024-08-19,2024-08-26,7,Repeat Loan,2570.0,0.199953318291449,2660.0,0
2737,ID_308543369216251804,308543,Kenya,369216,251804,Type_7,12853.0,13303.0,2024-08-19,2024-08-26,7,Repeat Loan,2570.0,0.199953318291449,2660.0,0
2738,ID_310208369217267278,310208,Kenya,369217,267278,Type_7,5000.0,5498.0,2024-08-19,2024-08-26,7,Repeat Loan,1000.0,0.2,1100.0,1
2739,ID_310208369217251804,310208,Kenya,369217,251804,Type_7,5000.0,5498.0,2024-08-19,2024-08-26,7,Repeat Loan,1000.0,0.2,1100.0,1
2740,ID_309144369218251804,309144,Kenya,369218,251804,Type_7,5000.0,5176.0,2024-08-19,2024-08-26,7,Repeat Loan,1000.0,0.2,1035.0,0
2741,ID_309144369218267278,309144,Kenya,369218,267278,Type_7,5000.0,5176.0,2024-08-19,2024-08-26,7,Repeat Loan,1000.0,0.2,1035.0,0
2742,ID_308972369219251804,308972,Kenya,369219,251804,Type_7,5290.0,5476.0,2024-08-19,2024-08-26,7,Repeat Loan,1058.0,0.2,1095.0,0
2743,ID_308972369219267278,308972,Kenya,369219,267278,Type_7,5290.0,5476.0,2024-08-19,2024-08-26,7,Repeat Loan,1058.0,0.2,1095.0,0
2744,ID_310020369223267278,310020,Kenya,369223,267278,Type_7,5000.0,5176.0,2024-08-20,2024-08-27,7,Repeat Loan,1000.0,0.2,1035.0,0
2745,ID_310020369223251804,310020,Kenya,369223,251804,Type_7,5000.0,5176.0,2024-08-20,2024-08-27,7,Repeat Loan,1000.0,0.2,1035.0,0
2746,ID_310612369229267278,310612,Kenya,369229,267278,Type_7,4870.0,5351.0,2024-08-20,2024-08-27,7,New Loan,974.0,0.2,1070.0,1
2747,ID_310612369229251804,310612,Kenya,369229,251804,Type_7,4870.0,5351.0,2024-08-20,2024-08-27,7,Repeat Loan,974.0,0.2,1070.0,1
2748,ID_308549369234251804,308549,Kenya,369234,251804,Type_7,7996.0,8342.0,2024-08-20,2024-08-27,7,Repeat Loan,1599.0,0.199974987493746,1668.0,0
2749,ID_308549369234267278,308549,Kenya,369234,267278,Type_7,7996.0,8342.0,2024-08-20,2024-08-27,7,Repeat Loan,1599.0,0.199974987493746,1668.0,0
2750,ID_308466369247251804,308466,Kenya,369247,251804,Type_7,5911.0,6118.0,2024-08-20,2024-08-27,7,Repeat Loan,1182.0,0.199966164777533,1223.0,0
2751,ID_308466369247267278,308466,Kenya,369247,267278,Type_7,5911.0,6118.0,2024-08-20,2024-08-27,7,Repeat Loan,1182.0,0.199966164777533,1223.0,0
2752,ID_308579369254267278,308579,Kenya,369254,267278,Type_7,8963.0,9277.0,2024-08-20,2024-08-27,7,Repeat Loan,1792.0,0.199933058127858,1855.0,0
2753,ID_308579369254251804,308579,Kenya,369254,251804,Type_7,8963.0,9277.0,2024-08-20,2024-08-27,7,Repeat Loan,1792.0,0.199933058127858,1855.0,0
2754,ID_308473369257251804,308473,Kenya,369257,251804,Type_7,5000.0,5176.0,2024-08-20,2024-08-27,7,Repeat Loan,1000.0,0.2,1035.0,0
2755,ID_308473369257267278,308473,Kenya,369257,267278,Type_7,5000.0,5176.0,2024-08-20,2024-08-27,7,Repeat Loan,1000.0,0.2,1035.0,0
2756,ID_310205369275251804,310205,Kenya,369275,251804,Type_7,4290.0,4441.0,2024-08-20,2024-08-27,7,Repeat Loan,858.0,0.2,888.0,0
2757,ID_310205369275267278,310205,Kenya,369275,267278,Type_7,4290.0,4441.0,2024-08-20,2024-08-27,7,New Loan,858.0,0.2,888.0,0
2758,ID_248850369292267278,248850,Kenya,369292,267278,Type_7,16395.0,17102.0,2024-08-20,2024-08-27,7,Repeat Loan,3279.0,0.2,3420.0,0
2759,ID_248850369292251804,248850,Kenya,369292,251804,Type_7,16395.0,17102.0,2024-08-20,2024-08-27,7,Repeat Loan,3279.0,0.2,3420.0,0
2760,ID_248364369294267278,248364,Kenya,369294,267278,Type_7,15835.0,16390.0,2024-08-20,2024-08-27,7,Repeat Loan,3167.0,0.2,3278.0,0
2761,ID_248364369294251804,248364,Kenya,369294,251804,Type_7,15835.0,16390.0,2024-08-20,2024-08-27,7,Repeat Loan,3167.0,0.2,3278.0,0
2762,ID_199820369300251804,199820,Kenya,369300,251804,Type_7,2690.0,2785.0,2024-08-20,2024-08-27,7,Repeat Loan,538.0,0.2,557.0,0
2763,ID_199820369300267278,199820,Kenya,369300,267278,Type_7,2690.0,2785.0,2024-08-20,2024-08-27,7,Repeat Loan,538.0,0.2,557.0,0
2764,ID_310639369302251804,310639,Kenya,369302,251804,Type_7,5000.0,5176.0,2024-08-20,2024-08-27,7,New Loan,1000.0,0.2,1035.0,0
2765,ID_310639369302267278,310639,Kenya,369302,267278,Type_7,5000.0,5176.0,2024-08-20,2024-08-27,7,Repeat Loan,1000.0,0.2,1035.0,0
2766,ID_309812369303267278,309812,Kenya,369303,267278,Type_7,6000.0,6211.0,2024-08-20,2024-08-27,7,Repeat Loan,1200.0,0.2,1242.0,0
2767,ID_309812369303251804,309812,Kenya,369303,251804,Type_7,6000.0,6211.0,2024-08-20,2024-08-27,7,Repeat Loan,1200.0,0.2,1242.0,0
2768,ID_272005369305251804,272005,Kenya,369305,251804,Type_7,6730.0,6966.0,2024-08-21,2024-08-28,7,Repeat Loan,1346.0,0.2,1393.0,0
2769,ID_272005369305267278,272005,Kenya,369305,267278,Type_7,6730.0,6966.0,2024-08-21,2024-08-28,7,Repeat Loan,1346.0,0.2,1393.0,0
2770,ID_310649369332267278,310649,Kenya,369332,267278,Type_7,3615.0,3742.0,2024-08-21,2024-08-28,7,Repeat Loan,723.0,0.2,748.0,0
2771,ID_310649369332251804,310649,Kenya,369332,251804,Type_7,3615.0,3742.0,2024-08-21,2024-08-28,7,Repeat Loan,723.0,0.2,748.0,0
2772,ID_308638369343251804,308638,Kenya,369343,251804,Type_7,2825.0,2924.0,2024-08-21,2024-08-28,7,Repeat Loan,565.0,0.2,585.0,0
2773,ID_308638369343267278,308638,Kenya,369343,267278,Type_7,2825.0,2924.0,2024-08-21,2024-08-28,7,Repeat Loan,565.0,0.2,585.0,0
2774,ID_308624369348267278,308624,Kenya,369348,267278,Type_7,6383.0,6607.0,2024-08-21,2024-08-28,7,Repeat Loan,1276.0,0.199906000313332,1321.0,0
2775,ID_308624369348251804,308624,Kenya,369348,251804,Type_7,6383.0,6607.0,2024-08-21,2024-08-28,7,Repeat Loan,1276.0,0.199906000313332,1321.0,0
2776,ID_308662369356267278,308662,Kenya,369356,267278,Type_7,4495.0,4653.0,2024-08-21,2024-08-28,7,Repeat Loan,899.0,0.2,931.0,0
2777,ID_308662369356251804,308662,Kenya,369356,251804,Type_7,4495.0,4653.0,2024-08-21,2024-08-28,7,Repeat Loan,899.0,0.2,931.0,0
2778,ID_308433369359251804,308433,Kenya,369359,251804,Type_7,2104.0,2178.0,2024-08-21,2024-08-28,7,Repeat Loan,421.0,0.20009505703422,436.0,0
2779,ID_308433369359267278,308433,Kenya,369359,267278,Type_7,2104.0,2178.0,2024-08-21,2024-08-28,7,Repeat Loan,421.0,0.20009505703422,436.0,0
2780,ID_308938369367267278,308938,Kenya,369367,267278,Type_7,1710.0,1770.0,2024-08-22,2024-08-29,7,Repeat Loan,342.0,0.2,354.0,0
2781,ID_308938369367251804,308938,Kenya,369367,251804,Type_7,1710.0,1770.0,2024-08-22,2024-08-29,7,Repeat Loan,342.0,0.2,354.0,0
2782,ID_310219369379251804,310219,Kenya,369379,251804,Type_7,3790.0,3923.0,2024-08-22,2024-08-29,7,Repeat Loan,758.0,0.2,785.0,0
2783,ID_310219369379267278,310219,Kenya,369379,267278,Type_7,3790.0,3923.0,2024-08-22,2024-08-29,7,Repeat Loan,758.0,0.2,785.0,0
2784,ID_308373369396251804,308373,Kenya,369396,251804,Type_7,16910.0,17502.0,2024-08-22,2024-08-29,7,Repeat Loan,3382.0,0.2,3500.0,0
2785,ID_308373369396267278,308373,Kenya,369396,267278,Type_7,16910.0,17502.0,2024-08-22,2024-08-29,7,Repeat Loan,3382.0,0.2,3500.0,0
2786,ID_310487369405251804,310487,Kenya,369405,251804,Type_7,5000.0,5176.0,2024-08-22,2024-08-29,7,Repeat Loan,1000.0,0.2,1035.0,0
2787,ID_310487369405267278,310487,Kenya,369405,267278,Type_7,5000.0,5176.0,2024-08-22,2024-08-29,7,Repeat Loan,1000.0,0.2,1035.0,0
2788,ID_308465369416267278,308465,Kenya,369416,267278,Type_7,5941.0,6149.0,2024-08-22,2024-08-29,7,Repeat Loan,1188.0,0.199966335633731,1230.0,0
2789,ID_308465369416251804,308465,Kenya,369416,251804,Type_7,5941.0,6149.0,2024-08-22,2024-08-29,7,Repeat Loan,1188.0,0.199966335633731,1230.0,0
2790,ID_266441369423267278,266441,Kenya,369423,267278,Type_7,9239.0,9563.0,2024-08-22,2024-08-29,7,Repeat Loan,1848.0,0.200021647364433,1913.0,0
2791,ID_266441369423251804,266441,Kenya,369423,251804,Type_7,9239.0,9563.0,2024-08-22,2024-08-29,7,Repeat Loan,1848.0,0.200021647364433,1913.0,0
2792,ID_308506369431251804,308506,Kenya,369431,251804,Type_7,12574.0,13134.0,2024-08-22,2024-08-29,7,Repeat Loan,2515.0,0.200015905837442,2627.0,0
2793,ID_308506369431267278,308506,Kenya,369431,267278,Type_7,12574.0,13134.0,2024-08-22,2024-08-29,7,Repeat Loan,2515.0,0.200015905837442,2627.0,0
2794,ID_309060369438267278,309060,Kenya,369438,267278,Type_7,11939.0,12357.0,2024-08-22,2024-08-29,7,Repeat Loan,2388.0,0.20001675182176,2472.0,0
2795,ID_309060369438251804,309060,Kenya,369438,251804,Type_7,11939.0,12357.0,2024-08-22,2024-08-29,7,Repeat Loan,2388.0,0.20001675182176,2472.0,0
2796,ID_251633369443267278,251633,Kenya,369443,267278,Type_7,4383.0,4696.0,2024-08-22,2024-08-29,7,Repeat Loan,876.0,0.199863107460643,939.0,1
2797,ID_251633369443251804,251633,Kenya,369443,251804,Type_7,4383.0,4696.0,2024-08-22,2024-08-29,7,Repeat Loan,876.0,0.199863107460643,939.0,1
2798,ID_310394369446267278,310394,Kenya,369446,267278,Type_7,4105.0,4255.0,2024-08-22,2024-08-29,7,Repeat Loan,821.0,0.2,851.0,0
2799,ID_310394369446251804,310394,Kenya,369446,251804,Type_7,4105.0,4255.0,2024-08-22,2024-08-29,7,Repeat Loan,821.0,0.2,851.0,0
2800,ID_244475369447251804,244475,Kenya,369447,251804,Type_7,17340.0,17947.0,2024-08-22,2024-08-29,7,Repeat Loan,3468.0,0.2,3589.0,0
2801,ID_244475369447267278,244475,Kenya,369447,267278,Type_7,17340.0,17947.0,2024-08-22,2024-08-29,7,Repeat Loan,3468.0,0.2,3589.0,0
2802,ID_141452369448251804,141452,Kenya,369448,251804,Type_7,5395.0,5584.0,2024-08-22,2024-08-29,7,Repeat Loan,1079.0,0.2,1117.0,0
2803,ID_141452369448267278,141452,Kenya,369448,267278,Type_7,5395.0,5584.0,2024-08-22,2024-08-29,7,Repeat Loan,1079.0,0.2,1117.0,0
2804,ID_309075369450267278,309075,Kenya,369450,267278,Type_7,7000.0,7246.0,2024-08-22,2024-08-29,7,Repeat Loan,1400.0,0.2,1449.0,0
2805,ID_309075369450251804,309075,Kenya,369450,251804,Type_7,7000.0,7246.0,2024-08-22,2024-08-29,7,Repeat Loan,1400.0,0.2,1449.0,0
2806,ID_309067369451251804,309067,Kenya,369451,251804,Type_7,4879.0,5367.0,2024-08-22,2024-08-29,7,Repeat Loan,976.0,0.200040992006558,1074.0,1
2807,ID_309067369451267278,309067,Kenya,369451,267278,Type_7,4879.0,5367.0,2024-08-22,2024-08-29,7,Repeat Loan,976.0,0.200040992006558,1074.0,1
2808,ID_308426369455251804,308426,Kenya,369455,251804,Type_7,8000.0,8280.0,2024-08-23,2024-08-30,7,Repeat Loan,1600.0,0.2,1656.0,0
2809,ID_308426369455267278,308426,Kenya,369455,267278,Type_7,8000.0,8280.0,2024-08-23,2024-08-30,7,Repeat Loan,1600.0,0.2,1656.0,0
2810,ID_308934369459267278,308934,Kenya,369459,267278,Type_7,6000.0,6211.0,2024-08-23,2024-08-30,7,Repeat Loan,1200.0,0.2,1242.0,0
2811,ID_308934369459251804,308934,Kenya,369459,251804,Type_7,6000.0,6211.0,2024-08-23,2024-08-30,7,Repeat Loan,1200.0,0.2,1242.0,0
2812,ID_308898369515251804,308898,Kenya,369515,251804,Type_7,7000.0,7246.0,2024-08-23,2024-08-30,7,Repeat Loan,1400.0,0.2,1449.0,0
2813,ID_308898369515267278,308898,Kenya,369515,267278,Type_7,7000.0,7246.0,2024-08-23,2024-08-30,7,Repeat Loan,1400.0,0.2,1449.0,0
2814,ID_308449369521267278,308449,Kenya,369521,267278,Type_7,6520.0,6782.0,2024-08-23,2024-08-30,7,Repeat Loan,1304.0,0.2,1356.0,0
2815,ID_308449369521251804,308449,Kenya,369521,251804,Type_7,6520.0,6782.0,2024-08-23,2024-08-30,7,Repeat Loan,1304.0,0.2,1356.0,0
2816,ID_310119369550267278,310119,Kenya,369550,267278,Type_7,5000.0,5176.0,2024-08-24,2024-08-31,7,Repeat Loan,1000.0,0.2,1035.0,0
2817,ID_310119369550251804,310119,Kenya,369550,251804,Type_7,5000.0,5176.0,2024-08-24,2024-08-31,7,Repeat Loan,1000.0,0.2,1035.0,0
2818,ID_308377369551267278,308377,Kenya,369551,267278,Type_7,4300.0,4451.0,2024-08-24,2024-08-31,7,Repeat Loan,860.0,0.2,890.0,0
2819,ID_308377369551251804,308377,Kenya,369551,251804,Type_7,4300.0,4451.0,2024-08-24,2024-08-31,7,Repeat Loan,860.0,0.2,890.0,0
2820,ID_308408369553251804,308408,Kenya,369553,251804,Type_7,28000.0,29166.0,2024-08-24,2024-08-31,7,Repeat Loan,5600.0,0.2,5833.0,0
2821,ID_308408369553267278,308408,Kenya,369553,267278,Type_7,28000.0,29166.0,2024-08-24,2024-08-31,7,Repeat Loan,5600.0,0.2,5833.0,0
2822,ID_97633369566267278,97633,Kenya,369566,267278,Type_7,53000.0,54856.0,2024-08-24,2024-08-31,7,Repeat Loan,10600.0,0.2,10971.0,0
2823,ID_97633369566251804,97633,Kenya,369566,251804,Type_7,53000.0,54856.0,2024-08-24,2024-08-31,7,Repeat Loan,10600.0,0.2,10971.0,0
2824,ID_308590369571251804,308590,Kenya,369571,251804,Type_7,6000.0,6211.0,2024-08-24,2024-08-31,7,Repeat Loan,1200.0,0.2,1242.0,0
2825,ID_308590369571267278,308590,Kenya,369571,267278,Type_7,6000.0,6211.0,2024-08-24,2024-08-31,7,Repeat Loan,1200.0,0.2,1242.0,0
2826,ID_308629369575267278,308629,Kenya,369575,267278,Type_7,8000.0,8379.0,2024-08-24,2024-08-31,7,Repeat Loan,1600.0,0.2,1676.0,0
2827,ID_308629369575251804,308629,Kenya,369575,251804,Type_7,8000.0,8379.0,2024-08-24,2024-08-31,7,Repeat Loan,1600.0,0.2,1676.0,0
2828,ID_310011369578267278,310011,Kenya,369578,267278,Type_7,5000.0,5463.0,2024-08-24,2024-08-31,7,Repeat Loan,1000.0,0.2,1093.0,1
2829,ID_310011369578251804,310011,Kenya,369578,251804,Type_7,5000.0,5463.0,2024-08-24,2024-08-31,7,New Loan,1000.0,0.2,1093.0,1
2830,ID_308977369583251804,308977,Kenya,369583,251804,Type_7,11429.0,11830.0,2024-08-24,2024-08-31,7,Repeat Loan,2286.0,0.200017499343774,2366.0,0
2831,ID_308977369583267278,308977,Kenya,369583,267278,Type_7,11429.0,11830.0,2024-08-24,2024-08-31,7,Repeat Loan,2286.0,0.200017499343774,2366.0,0
2832,ID_256508369585251804,256508,Kenya,369585,251804,Type_7,9840.0,10185.0,2024-08-24,2024-08-31,7,Repeat Loan,1968.0,0.2,2037.0,0
2833,ID_256508369585267278,256508,Kenya,369585,267278,Type_7,9840.0,10185.0,2024-08-24,2024-08-31,7,Repeat Loan,1968.0,0.2,2037.0,0
2834,ID_240065369592251804,240065,Kenya,369592,251804,Type_7,10676.0,11050.0,2024-08-25,2024-09-01,7,Repeat Loan,2135.0,0.199981266391907,2210.0,0
2835,ID_240065369592267278,240065,Kenya,369592,267278,Type_7,10676.0,11050.0,2024-08-25,2024-09-01,7,Repeat Loan,2135.0,0.199981266391907,2210.0,0
2836,ID_308907369609267278,308907,Kenya,369609,267278,Type_7,11000.0,11386.0,2024-08-26,2024-09-02,7,Repeat Loan,2200.0,0.2,2277.0,0
2837,ID_308907369609251804,308907,Kenya,369609,251804,Type_7,11000.0,11386.0,2024-08-26,2024-09-02,7,Repeat Loan,2200.0,0.2,2277.0,0
2838,ID_308543369627251804,308543,Kenya,369627,251804,Type_7,11215.0,11608.0,2024-08-26,2024-09-02,7,Repeat Loan,2243.0,0.2,2322.0,0
2839,ID_308543369627267278,308543,Kenya,369627,267278,Type_7,11215.0,11608.0,2024-08-26,2024-09-02,7,Repeat Loan,2243.0,0.2,2322.0,0
2840,ID_308511369634251804,308511,Kenya,369634,251804,Type_7,5459.0,5651.0,2024-08-26,2024-09-02,7,Repeat Loan,1092.0,0.200036636746656,1130.0,0
2841,ID_308511369634267278,308511,Kenya,369634,267278,Type_7,5459.0,5651.0,2024-08-26,2024-09-02,7,Repeat Loan,1092.0,0.200036636746656,1130.0,0
2842,ID_309363369679267278,309363,Kenya,369679,267278,Type_7,7000.0,7246.0,2024-08-26,2024-09-02,7,Repeat Loan,1400.0,0.2,1449.0,0
2843,ID_309363369679251804,309363,Kenya,369679,251804,Type_7,7000.0,7246.0,2024-08-26,2024-09-02,7,Repeat Loan,1400.0,0.2,1449.0,0
2844,ID_308545369689251804,308545,Kenya,369689,251804,Type_7,6000.0,6211.0,2024-08-26,2024-09-02,7,Repeat Loan,1200.0,0.2,1242.0,0
2845,ID_308545369689267278,308545,Kenya,369689,267278,Type_7,6000.0,6211.0,2024-08-26,2024-09-02,7,Repeat Loan,1200.0,0.2,1242.0,0
2846,ID_8256369696267278,8256,Kenya,369696,267278,Type_7,6212.0,6430.0,2024-08-26,2024-09-02,7,Repeat Loan,1242.0,0.199935608499678,1286.0,0
2847,ID_8256369696251804,8256,Kenya,369696,251804,Type_7,6212.0,6430.0,2024-08-26,2024-09-02,7,Repeat Loan,1242.0,0.199935608499678,1286.0,0
2848,ID_309075369713251804,309075,Kenya,369713,251804,Type_7,7000.0,7246.0,2024-08-27,2024-09-03,7,Repeat Loan,1400.0,0.2,1449.0,0
2849,ID_309075369713267278,309075,Kenya,369713,267278,Type_7,7000.0,7246.0,2024-08-27,2024-09-03,7,Repeat Loan,1400.0,0.2,1449.0,0
2850,ID_308579369725267278,308579,Kenya,369725,267278,Type_7,10065.0,10418.0,2024-08-27,2024-09-03,7,Repeat Loan,2013.0,0.2,2084.0,0
2851,ID_308579369725251804,308579,Kenya,369725,251804,Type_7,10065.0,10418.0,2024-08-27,2024-09-03,7,Repeat Loan,2013.0,0.2,2084.0,0
2852,ID_309088369727267278,309088,Kenya,369727,267278,Type_7,5480.0,5672.0,2024-08-27,2024-09-03,7,Repeat Loan,1096.0,0.2,1134.0,0
2853,ID_309088369727251804,309088,Kenya,369727,251804,Type_7,5480.0,5672.0,2024-08-27,2024-09-03,7,Repeat Loan,1096.0,0.2,1134.0,0
2854,ID_309064369747267278,309064,Kenya,369747,267278,Type_7,5176.0,5358.0,2024-08-27,2024-09-03,7,Repeat Loan,1035.0,0.199961360123647,1071.0,0
2855,ID_309064369747251804,309064,Kenya,369747,251804,Type_7,5176.0,5358.0,2024-08-27,2024-09-03,7,Repeat Loan,1035.0,0.199961360123647,1071.0,0
2856,ID_308757369754251804,308757,Kenya,369754,251804,Type_7,4999.0,5174.0,2024-08-27,2024-09-03,7,Repeat Loan,1000.0,0.2000400080016,1035.0,0
2857,ID_308757369754267278,308757,Kenya,369754,267278,Type_7,4999.0,5174.0,2024-08-27,2024-09-03,7,Repeat Loan,1000.0,0.2000400080016,1035.0,0
2858,ID_288739369759251804,288739,Kenya,369759,251804,Type_7,24164.0,25010.0,2024-08-27,2024-09-03,7,Repeat Loan,4833.0,0.200008276775368,5002.0,0
2859,ID_288739369759267278,288739,Kenya,369759,267278,Type_7,24164.0,25010.0,2024-08-27,2024-09-03,7,Repeat Loan,4833.0,0.200008276775368,5002.0,0
2860,ID_288763369765251804,288763,Kenya,369765,251804,Type_7,18615.0,19267.0,2024-08-27,2024-09-03,7,Repeat Loan,3723.0,0.2,3853.0,0
2861,ID_288763369765267278,288763,Kenya,369765,267278,Type_7,18615.0,19267.0,2024-08-27,2024-09-03,7,Repeat Loan,3723.0,0.2,3853.0,0
2862,ID_199820369770251804,199820,Kenya,369770,251804,Type_7,3632.0,3760.0,2024-08-27,2024-09-03,7,Repeat Loan,726.0,0.199889867841409,752.0,0
2863,ID_199820369770267278,199820,Kenya,369770,267278,Type_7,3632.0,3760.0,2024-08-27,2024-09-03,7,Repeat Loan,726.0,0.199889867841409,752.0,0
2864,ID_308504369773267278,308504,Kenya,369773,267278,Type_7,10000.0,10351.0,2024-08-27,2024-09-03,7,Repeat Loan,2000.0,0.2,2070.0,0
2865,ID_308504369773251804,308504,Kenya,369773,251804,Type_7,10000.0,10351.0,2024-08-27,2024-09-03,7,Repeat Loan,2000.0,0.2,2070.0,0
2866,ID_308478369775251804,308478,Kenya,369775,251804,Type_7,5408.0,5927.0,2024-08-27,2024-09-03,7,Repeat Loan,1081.0,0.199889053254437,1185.0,1
2867,ID_308478369775267278,308478,Kenya,369775,267278,Type_7,5408.0,5927.0,2024-08-27,2024-09-03,7,Repeat Loan,1081.0,0.199889053254437,1185.0,1
2868,ID_308886369778251804,308886,Kenya,369778,251804,Type_7,14000.0,14491.0,2024-08-27,2024-09-03,7,Repeat Loan,2800.0,0.2,2898.0,0
2869,ID_308886369778267278,308886,Kenya,369778,267278,Type_7,14000.0,14491.0,2024-08-27,2024-09-03,7,New Loan,2800.0,0.2,2898.0,0
2870,ID_309963369788251804,309963,Kenya,369788,251804,Type_7,6710.0,6945.0,2024-08-28,2024-09-04,7,Repeat Loan,1342.0,0.2,1389.0,0
2871,ID_309963369788267278,309963,Kenya,369788,267278,Type_7,6710.0,6945.0,2024-08-28,2024-09-04,7,Repeat Loan,1342.0,0.2,1389.0,0
2872,ID_308761369804251804,308761,Kenya,369804,251804,Type_7,11995.0,12415.0,2024-08-28,2024-09-04,7,Repeat Loan,2399.0,0.2,2483.0,0
2873,ID_308761369804267278,308761,Kenya,369804,267278,Type_7,11995.0,12415.0,2024-08-28,2024-09-04,7,Repeat Loan,2399.0,0.2,2483.0,0
2874,ID_308438369811251804,308438,Kenya,369811,251804,Type_7,19000.0,19666.0,2024-08-28,2024-09-04,7,Repeat Loan,3800.0,0.2,3933.0,0
2875,ID_308438369811267278,308438,Kenya,369811,267278,Type_7,19000.0,19666.0,2024-08-28,2024-09-04,7,Repeat Loan,3800.0,0.2,3933.0,0
2876,ID_249194369817267278,249194,Kenya,369817,267278,Type_7,8525.0,8824.0,2024-08-28,2024-09-04,7,Repeat Loan,1705.0,0.2,1765.0,0
2877,ID_249194369817251804,249194,Kenya,369817,251804,Type_7,8525.0,8824.0,2024-08-28,2024-09-04,7,Repeat Loan,1705.0,0.2,1765.0,0
2878,ID_310670369822267278,310670,Kenya,369822,267278,Type_7,5000.0,5233.0,2024-08-28,2024-09-04,7,Repeat Loan,1000.0,0.2,1047.0,1
2879,ID_310670369822251804,310670,Kenya,369822,251804,Type_7,5000.0,5233.0,2024-08-28,2024-09-04,7,Repeat Loan,1000.0,0.2,1047.0,1
2880,ID_310487369823267278,310487,Kenya,369823,267278,Type_7,6000.0,6211.0,2024-08-28,2024-09-04,7,Repeat Loan,1200.0,0.2,1242.0,0
2881,ID_310487369823251804,310487,Kenya,369823,251804,Type_7,6000.0,6211.0,2024-08-28,2024-09-04,7,Repeat Loan,1200.0,0.2,1242.0,0
2882,ID_308409369825267278,308409,Kenya,369825,267278,Type_7,5450.0,5641.0,2024-08-28,2024-09-04,7,Repeat Loan,1090.0,0.2,1128.0,0
2883,ID_308409369825251804,308409,Kenya,369825,251804,Type_7,5450.0,5641.0,2024-08-28,2024-09-04,7,Repeat Loan,1090.0,0.2,1128.0,0
2884,ID_308430369834251804,308430,Kenya,369834,251804,Type_7,12000.0,13017.0,2024-08-28,2024-09-04,7,Repeat Loan,2400.0,0.2,2603.0,1
2885,ID_308430369834267278,308430,Kenya,369834,267278,Type_7,12000.0,13017.0,2024-08-28,2024-09-04,7,Repeat Loan,2400.0,0.2,2603.0,1
2886,ID_308972369840267278,308972,Kenya,369840,267278,Type_7,5990.0,6200.0,2024-08-28,2024-09-04,7,Repeat Loan,1198.0,0.2,1240.0,0
2887,ID_308972369840251804,308972,Kenya,369840,251804,Type_7,5990.0,6200.0,2024-08-28,2024-09-04,7,Repeat Loan,1198.0,0.2,1240.0,0
2888,ID_308898369841267278,308898,Kenya,369841,267278,Type_7,8000.0,8658.0,2024-08-28,2024-09-04,7,Repeat Loan,1600.0,0.2,1732.0,1
2889,ID_308898369841251804,308898,Kenya,369841,251804,Type_7,8000.0,8658.0,2024-08-28,2024-09-04,7,Repeat Loan,1600.0,0.2,1732.0,1
2890,ID_308989369845267278,308989,Kenya,369845,267278,Type_7,13000.0,13456.0,2024-08-28,2024-09-04,7,Repeat Loan,2600.0,0.2,2691.0,0
2891,ID_308989369845251804,308989,Kenya,369845,251804,Type_7,13000.0,13456.0,2024-08-28,2024-09-04,7,Repeat Loan,2600.0,0.2,2691.0,0
2892,ID_267525369848267278,267525,Kenya,369848,267278,Type_7,14000.0,14585.0,2024-08-28,2024-09-04,7,Repeat Loan,2800.0,0.2,2917.0,0
2893,ID_267525369848251804,267525,Kenya,369848,251804,Type_7,14000.0,14585.0,2024-08-28,2024-09-04,7,Repeat Loan,2800.0,0.2,2917.0,0
2894,ID_309144369867267278,309144,Kenya,369867,267278,Type_7,6000.0,6259.0,2024-08-29,2024-09-05,7,Repeat Loan,1200.0,0.2,1252.0,0
2895,ID_309144369867251804,309144,Kenya,369867,251804,Type_7,6000.0,6259.0,2024-08-29,2024-09-05,7,Repeat Loan,1200.0,0.2,1252.0,0
2896,ID_248364369918251804,248364,Kenya,369918,251804,Type_7,16414.0,16989.0,2024-08-29,2024-09-05,7,Repeat Loan,3283.0,0.20001218472036,3398.0,0
2897,ID_248364369918267278,248364,Kenya,369918,267278,Type_7,16414.0,16989.0,2024-08-29,2024-09-05,7,Repeat Loan,3283.0,0.20001218472036,3398.0,0
2898,ID_309149369932251804,309149,Kenya,369932,251804,Type_7,4750.0,5197.0,2024-08-29,2024-09-05,7,Repeat Loan,950.0,0.2,1039.0,1
2899,ID_309149369932267278,309149,Kenya,369932,267278,Type_7,4750.0,5197.0,2024-08-29,2024-09-05,7,New Loan,950.0,0.2,1039.0,1
2900,ID_309041369933267278,309041,Kenya,369933,267278,Type_7,7000.0,7246.0,2024-08-29,2024-09-05,7,Repeat Loan,1400.0,0.2,1449.0,0
2901,ID_309041369933251804,309041,Kenya,369933,251804,Type_7,7000.0,7246.0,2024-08-29,2024-09-05,7,Repeat Loan,1400.0,0.2,1449.0,0
2902,ID_308473369936267278,308473,Kenya,369936,267278,Type_7,5000.0,5176.0,2024-08-29,2024-09-05,7,Repeat Loan,1000.0,0.2,1035.0,0
2903,ID_308473369936251804,308473,Kenya,369936,251804,Type_7,5000.0,5176.0,2024-08-29,2024-09-05,7,Repeat Loan,1000.0,0.2,1035.0,0
2904,ID_310006369940267278,310006,Kenya,369940,267278,Type_7,4923.0,5375.0,2024-08-30,2024-09-06,7,Repeat Loan,984.0,0.199878123095673,1074.0,1
2905,ID_310006369940251804,310006,Kenya,369940,251804,Type_7,4923.0,5375.0,2024-08-30,2024-09-06,7,Repeat Loan,984.0,0.199878123095673,1074.0,1
2906,ID_310219369957267278,310219,Kenya,369957,267278,Type_7,4860.0,5031.0,2024-08-30,2024-09-06,7,Repeat Loan,972.0,0.2,1006.0,0
2907,ID_310219369957251804,310219,Kenya,369957,251804,Type_7,4860.0,5031.0,2024-08-30,2024-09-06,7,Repeat Loan,972.0,0.2,1006.0,0
2908,ID_248818369981251804,248818,Kenya,369981,251804,Type_7,13055.0,13512.0,2024-08-30,2024-09-06,7,Repeat Loan,2611.0,0.2,2702.0,0
2909,ID_248818369981267278,248818,Kenya,369981,267278,Type_7,13055.0,13512.0,2024-08-30,2024-09-06,7,Repeat Loan,2611.0,0.2,2702.0,0
2910,ID_308465369982251804,308465,Kenya,369982,251804,Type_7,7000.0,7246.0,2024-08-30,2024-09-06,7,Repeat Loan,1400.0,0.2,1449.0,0
2911,ID_308465369982267278,308465,Kenya,369982,267278,Type_7,7000.0,7246.0,2024-08-30,2024-09-06,7,Repeat Loan,1400.0,0.2,1449.0,0
2912,ID_310380369993251804,310380,Kenya,369993,251804,Type_7,2921.0,3024.0,2024-08-30,2024-09-06,7,Repeat Loan,584.0,0.199931530297843,605.0,0
2913,ID_310380369993267278,310380,Kenya,369993,267278,Type_7,2921.0,3024.0,2024-08-30,2024-09-06,7,Repeat Loan,584.0,0.199931530297843,605.0,0
2914,ID_308376370004251804,308376,Kenya,370004,251804,Type_7,4580.0,4741.0,2024-08-30,2024-09-06,7,Repeat Loan,916.0,0.2,948.0,0
2915,ID_308376370004267278,308376,Kenya,370004,267278,Type_7,4580.0,4741.0,2024-08-30,2024-09-06,7,New Loan,916.0,0.2,948.0,0
2916,ID_310615370005267278,310615,Kenya,370005,267278,Type_7,4870.0,5041.0,2024-08-30,2024-09-06,7,Repeat Loan,974.0,0.2,1008.0,0
2917,ID_310615370005251804,310615,Kenya,370005,251804,Type_7,4870.0,5041.0,2024-08-30,2024-09-06,7,Repeat Loan,974.0,0.2,1008.0,0
2918,ID_250156370006251804,250156,Kenya,370006,251804,Type_7,3980.0,4150.0,2024-08-30,2024-09-06,7,Repeat Loan,796.0,0.2,830.0,0
2919,ID_250156370006267278,250156,Kenya,370006,267278,Type_7,3980.0,4150.0,2024-08-30,2024-09-06,7,Repeat Loan,796.0,0.2,830.0,0
2920,ID_309013370018251804,309013,Kenya,370018,251804,Type_7,6000.0,6235.0,2024-08-30,2024-09-06,7,Repeat Loan,1200.0,0.2,1247.0,0
2921,ID_309013370018267278,309013,Kenya,370018,267278,Type_7,6000.0,6235.0,2024-08-30,2024-09-06,7,Repeat Loan,1200.0,0.2,1247.0,0
2922,ID_244475370023251804,244475,Kenya,370023,251804,Type_7,21198.0,21940.0,2024-08-30,2024-09-06,7,Repeat Loan,4239.0,0.199971695442966,4387.0,0
2923,ID_244475370023267278,244475,Kenya,370023,267278,Type_7,21198.0,21940.0,2024-08-30,2024-09-06,7,Repeat Loan,4239.0,0.199971695442966,4387.0,0
2924,ID_308373370027251804,308373,Kenya,370027,251804,Type_7,22929.0,23732.0,2024-08-30,2024-09-06,7,Repeat Loan,4586.0,0.200008722578394,4747.0,0
2925,ID_308373370027267278,308373,Kenya,370027,267278,Type_7,22929.0,23732.0,2024-08-30,2024-09-06,7,Repeat Loan,4586.0,0.200008722578394,4747.0,0
2926,ID_308875370028267278,308875,Kenya,370028,267278,Type_7,16545.0,17125.0,2024-08-30,2024-09-06,7,Repeat Loan,3309.0,0.2,3425.0,0
2927,ID_308875370028251804,308875,Kenya,370028,251804,Type_7,16545.0,17125.0,2024-08-30,2024-09-06,7,Repeat Loan,3309.0,0.2,3425.0,0
2928,ID_311009370030267278,311009,Kenya,370030,267278,Type_7,4999.0,5174.0,2024-08-31,2024-09-07,7,Repeat Loan,1000.0,0.2000400080016,1035.0,0
2929,ID_311009370030251804,311009,Kenya,370030,251804,Type_7,4999.0,5174.0,2024-08-31,2024-09-07,7,Repeat Loan,1000.0,0.2000400080016,1035.0,0
2930,ID_310119370053251804,310119,Kenya,370053,251804,Type_7,7000.0,7246.0,2024-08-31,2024-09-07,7,Repeat Loan,1400.0,0.2,1449.0,0
2931,ID_310119370053267278,310119,Kenya,370053,267278,Type_7,7000.0,7246.0,2024-08-31,2024-09-07,7,Repeat Loan,1400.0,0.2,1449.0,0
2932,ID_308426370085267278,308426,Kenya,370085,267278,Type_7,10000.0,10351.0,2024-08-31,2024-09-07,7,Repeat Loan,2000.0,0.2,2070.0,0
2933,ID_308426370085251804,308426,Kenya,370085,251804,Type_7,10000.0,10351.0,2024-08-31,2024-09-07,7,Repeat Loan,2000.0,0.2,2070.0,0
2934,ID_310160370091267278,310160,Kenya,370091,267278,Type_7,5000.0,5176.0,2024-08-31,2024-09-07,7,Repeat Loan,1000.0,0.2,1035.0,0
2935,ID_310160370091251804,310160,Kenya,370091,251804,Type_7,5000.0,5176.0,2024-08-31,2024-09-07,7,Repeat Loan,1000.0,0.2,1035.0,0
2936,ID_308920370096267278,308920,Kenya,370096,267278,Type_7,5000.0,5176.0,2024-08-31,2024-09-07,7,Repeat Loan,1000.0,0.2,1035.0,0
2937,ID_308920370096251804,308920,Kenya,370096,251804,Type_7,5000.0,5176.0,2024-08-31,2024-09-07,7,New Loan,1000.0,0.2,1035.0,0
2938,ID_141452370097251804,141452,Kenya,370097,251804,Type_7,6990.0,7235.0,2024-08-31,2024-09-07,7,Repeat Loan,1398.0,0.2,1447.0,0
2939,ID_141452370097267278,141452,Kenya,370097,267278,Type_7,6990.0,7235.0,2024-08-31,2024-09-07,7,Repeat Loan,1398.0,0.2,1447.0,0
2940,ID_266441370098267278,266441,Kenya,370098,267278,Type_7,7899.0,8186.0,2024-08-31,2024-09-07,7,Repeat Loan,1580.0,0.200025319660716,1637.0,0
2941,ID_266441370098251804,266441,Kenya,370098,251804,Type_7,7899.0,8186.0,2024-08-31,2024-09-07,7,Repeat Loan,1580.0,0.200025319660716,1637.0,0
2942,ID_246628370122267278,246628,Kenya,370122,267278,Type_7,6718.0,6954.0,2024-09-01,2024-09-08,7,Repeat Loan,1343.0,0.199910687704674,1390.0,0
2943,ID_246628370122251804,246628,Kenya,370122,251804,Type_7,6718.0,6954.0,2024-09-01,2024-09-08,7,Repeat Loan,1343.0,0.199910687704674,1390.0,0
2944,ID_309030370123267278,309030,Kenya,370123,267278,Type_7,4870.0,5316.0,2024-09-01,2024-09-08,7,Repeat Loan,974.0,0.2,1063.0,1
2945,ID_309030370123251804,309030,Kenya,370123,251804,Type_7,4870.0,5316.0,2024-09-01,2024-09-08,7,Repeat Loan,974.0,0.2,1063.0,1
2946,ID_309893370180251804,309893,Kenya,370180,251804,Type_7,5000.0,5176.0,2024-09-02,2024-09-09,7,Repeat Loan,1000.0,0.2,1035.0,0
2947,ID_309893370180267278,309893,Kenya,370180,267278,Type_7,5000.0,5176.0,2024-09-02,2024-09-09,7,Repeat Loan,1000.0,0.2,1035.0,0
2948,ID_308543370185251804,308543,Kenya,370185,251804,Type_7,16176.0,16743.0,2024-09-02,2024-09-09,7,Repeat Loan,3235.0,0.199987636003956,3348.0,0
2949,ID_308543370185267278,308543,Kenya,370185,267278,Type_7,16176.0,16743.0,2024-09-02,2024-09-09,7,Repeat Loan,3235.0,0.199987636003956,3348.0,0
2950,ID_244340370192251804,244340,Kenya,370192,251804,Type_7,103998.0,108381.0,2024-09-02,2024-09-09,7,Repeat Loan,20799.0,0.199994230658281,21676.0,0
2951,ID_244340370192267278,244340,Kenya,370192,267278,Type_7,103998.0,108381.0,2024-09-02,2024-09-09,7,Repeat Loan,20799.0,0.199994230658281,21676.0,0
2952,ID_309849370193251804,309849,Kenya,370193,251804,Type_7,4303.0,4492.0,2024-09-02,2024-09-09,7,Repeat Loan,860.0,0.199860562398326,898.0,0
2953,ID_309849370193267278,309849,Kenya,370193,267278,Type_7,4303.0,4492.0,2024-09-02,2024-09-09,7,Repeat Loan,860.0,0.199860562398326,898.0,0
2954,ID_97633370198251804,97633,Kenya,370198,251804,Type_7,69000.0,71416.0,2024-09-02,2024-09-09,7,Repeat Loan,13800.0,0.2,14283.0,0
2955,ID_97633370198267278,97633,Kenya,370198,267278,Type_7,69000.0,71416.0,2024-09-02,2024-09-09,7,Repeat Loan,13800.0,0.2,14283.0,0
2956,ID_310238370214251804,310238,Kenya,370214,251804,Type_7,6000.0,6211.0,2024-09-02,2024-09-09,7,Repeat Loan,1200.0,0.2,1242.0,0
2957,ID_310238370214267278,310238,Kenya,370214,267278,Type_7,6000.0,6211.0,2024-09-02,2024-09-09,7,Repeat Loan,1200.0,0.2,1242.0,0
2958,ID_308959370215267278,308959,Kenya,370215,267278,Type_7,8596.0,9371.0,2024-09-02,2024-09-09,7,Repeat Loan,1719.0,0.199976733364355,1874.0,1
2959,ID_308959370215251804,308959,Kenya,370215,251804,Type_7,8596.0,9371.0,2024-09-02,2024-09-09,7,Repeat Loan,1719.0,0.199976733364355,1874.0,1
2960,ID_310984370216251804,310984,Kenya,370216,251804,Type_7,5000.0,5456.0,2024-09-02,2024-09-09,7,Repeat Loan,1000.0,0.2,1091.0,1
2961,ID_310984370216267278,310984,Kenya,370216,267278,Type_7,5000.0,5456.0,2024-09-02,2024-09-09,7,New Loan,1000.0,0.2,1091.0,1
2962,ID_310978370217251804,310978,Kenya,370217,251804,Type_7,5000.0,5176.0,2024-09-02,2024-09-09,7,Repeat Loan,1000.0,0.2,1035.0,0
2963,ID_310978370217267278,310978,Kenya,370217,267278,Type_7,5000.0,5176.0,2024-09-02,2024-09-09,7,Repeat Loan,1000.0,0.2,1035.0,0
2964,ID_309083370218251804,309083,Kenya,370218,251804,Type_7,6655.0,6888.0,2024-09-02,2024-09-09,7,Repeat Loan,1331.0,0.2,1378.0,0
2965,ID_309083370218267278,309083,Kenya,370218,267278,Type_7,6655.0,6888.0,2024-09-02,2024-09-09,7,Repeat Loan,1331.0,0.2,1378.0,0
2966,ID_308570370219251804,308570,Kenya,370219,251804,Type_7,9000.0,9316.0,2024-09-02,2024-09-09,7,Repeat Loan,1800.0,0.2,1863.0,0
2967,ID_308570370219267278,308570,Kenya,370219,267278,Type_7,9000.0,9316.0,2024-09-02,2024-09-09,7,Repeat Loan,1800.0,0.2,1863.0,0
2968,ID_309644370221251804,309644,Kenya,370221,251804,Type_7,6000.0,6211.0,2024-09-03,2024-09-10,7,Repeat Loan,1200.0,0.2,1242.0,0
2969,ID_309644370221267278,309644,Kenya,370221,267278,Type_7,6000.0,6211.0,2024-09-03,2024-09-10,7,Repeat Loan,1200.0,0.2,1242.0,0
2970,ID_308438370232267278,308438,Kenya,370232,267278,Type_7,23525.0,24349.0,2024-09-03,2024-09-10,7,Repeat Loan,4705.0,0.2,4870.0,0
2971,ID_308438370232251804,308438,Kenya,370232,251804,Type_7,23525.0,24349.0,2024-09-03,2024-09-10,7,Repeat Loan,4705.0,0.2,4870.0,0
2972,ID_309075370248267278,309075,Kenya,370248,267278,Type_7,7322.0,7579.0,2024-09-03,2024-09-10,7,Repeat Loan,1464.0,0.199945370117454,1515.0,0
2973,ID_309075370248251804,309075,Kenya,370248,251804,Type_7,7322.0,7579.0,2024-09-03,2024-09-10,7,Repeat Loan,1464.0,0.199945370117454,1515.0,0
2974,ID_308549370257251804,308549,Kenya,370257,251804,Type_7,9000.0,9400.0,2024-09-03,2024-09-10,7,Repeat Loan,1800.0,0.2,1880.0,0
2975,ID_308549370257267278,308549,Kenya,370257,267278,Type_7,9000.0,9400.0,2024-09-03,2024-09-10,7,Repeat Loan,1800.0,0.2,1880.0,0
2976,ID_308885370270267278,308885,Kenya,370270,267278,Type_7,16000.0,17080.0,2024-09-03,2024-09-10,7,Repeat Loan,3200.0,0.2,3416.0,1
2977,ID_308885370270251804,308885,Kenya,370270,251804,Type_7,16000.0,17080.0,2024-09-03,2024-09-10,7,Repeat Loan,3200.0,0.2,3416.0,1
2978,ID_308480370274267278,308480,Kenya,370274,267278,Type_7,6140.0,6355.0,2024-09-03,2024-09-10,7,Repeat Loan,1228.0,0.2,1271.0,0
2979,ID_308480370274251804,308480,Kenya,370274,251804,Type_7,6140.0,6355.0,2024-09-03,2024-09-10,7,Repeat Loan,1228.0,0.2,1271.0,0
2980,ID_308624370282267278,308624,Kenya,370282,267278,Type_7,7988.0,8268.0,2024-09-03,2024-09-10,7,Repeat Loan,1597.0,0.199924887330996,1653.0,0
2981,ID_308624370282251804,308624,Kenya,370282,251804,Type_7,7988.0,8268.0,2024-09-03,2024-09-10,7,Repeat Loan,1597.0,0.199924887330996,1653.0,0
2982,ID_310487370288251804,310487,Kenya,370288,251804,Type_7,7000.0,7246.0,2024-09-03,2024-09-10,7,Repeat Loan,1400.0,0.2,1449.0,0
2983,ID_310487370288267278,310487,Kenya,370288,267278,Type_7,7000.0,7246.0,2024-09-03,2024-09-10,7,Repeat Loan,1400.0,0.2,1449.0,0
2984,ID_308638370289251804,308638,Kenya,370289,251804,Type_7,3412.0,3532.0,2024-09-03,2024-09-10,7,Repeat Loan,682.0,0.199882766705744,706.0,0
2985,ID_308638370289267278,308638,Kenya,370289,267278,Type_7,3412.0,3532.0,2024-09-03,2024-09-10,7,Repeat Loan,682.0,0.199882766705744,706.0,0
2986,ID_309023370291267278,309023,Kenya,370291,267278,Type_7,5000.0,5176.0,2024-09-03,2024-09-10,7,Repeat Loan,1000.0,0.2,1035.0,0
2987,ID_309023370291251804,309023,Kenya,370291,251804,Type_7,5000.0,5176.0,2024-09-03,2024-09-10,7,Repeat Loan,1000.0,0.2,1035.0,0
2988,ID_256508370301267278,256508,Kenya,370301,267278,Type_7,2136.0,2211.0,2024-09-04,2024-09-11,7,Repeat Loan,427.0,0.199906367041198,442.0,0
2989,ID_256508370301251804,256508,Kenya,370301,251804,Type_7,2136.0,2211.0,2024-09-04,2024-09-11,7,Repeat Loan,427.0,0.199906367041198,442.0,0
2990,ID_308565370302251804,308565,Kenya,370302,251804,Type_7,4758.0,4942.0,2024-09-04,2024-09-11,7,New Loan,951.0,0.199873896595208,988.0,0
2991,ID_308565370302267278,308565,Kenya,370302,267278,Type_7,4758.0,4942.0,2024-09-04,2024-09-11,7,Repeat Loan,951.0,0.199873896595208,988.0,0
2992,ID_308643370311251804,308643,Kenya,370311,251804,Type_7,5000.0,5176.0,2024-09-04,2024-09-11,7,Repeat Loan,1000.0,0.2,1035.0,0
2993,ID_308643370311267278,308643,Kenya,370311,267278,Type_7,5000.0,5176.0,2024-09-04,2024-09-11,7,Repeat Loan,1000.0,0.2,1035.0,0
2994,ID_308511370316251804,308511,Kenya,370316,251804,Type_7,12000.0,12441.0,2024-09-04,2024-09-11,7,Repeat Loan,2400.0,0.2,2488.0,0
2995,ID_308511370316267278,308511,Kenya,370316,267278,Type_7,12000.0,12441.0,2024-09-04,2024-09-11,7,Repeat Loan,2400.0,0.2,2488.0,0
2996,ID_288743370334267278,288743,Kenya,370334,267278,Type_7,4880.0,5051.0,2024-09-04,2024-09-11,7,Repeat Loan,976.0,0.2,1010.0,0
2997,ID_288743370334251804,288743,Kenya,370334,251804,Type_7,4880.0,5051.0,2024-09-04,2024-09-11,7,Repeat Loan,976.0,0.2,1010.0,0
2998,ID_308662370352251804,308662,Kenya,370352,251804,Type_7,2205.0,2283.0,2024-09-04,2024-09-11,7,Repeat Loan,441.0,0.2,457.0,0
2999,ID_308662370352267278,308662,Kenya,370352,267278,Type_7,2205.0,2283.0,2024-09-04,2024-09-11,7,Repeat Loan,441.0,0.2,457.0,0
3000,ID_273311370354251804,273311,Kenya,370354,251804,Type_7,10000.0,10351.0,2024-09-04,2024-09-11,7,Repeat Loan,2000.0,0.2,2070.0,0
3001,ID_273311370354267278,273311,Kenya,370354,267278,Type_7,10000.0,10351.0,2024-09-04,2024-09-11,7,Repeat Loan,2000.0,0.2,2070.0,0
3002,ID_308934370358267278,308934,Kenya,370358,267278,Type_7,6000.0,6211.0,2024-09-05,2024-09-12,7,Repeat Loan,1200.0,0.2,1242.0,0
3003,ID_308934370358251804,308934,Kenya,370358,251804,Type_7,6000.0,6211.0,2024-09-05,2024-09-12,7,Repeat Loan,1200.0,0.2,1242.0,0
3004,ID_308977370359251804,308977,Kenya,370359,251804,Type_7,11524.0,11928.0,2024-09-05,2024-09-12,7,Repeat Loan,2305.0,0.200017355085039,2386.0,0
3005,ID_308977370359267278,308977,Kenya,370359,267278,Type_7,11524.0,11928.0,2024-09-05,2024-09-12,7,Repeat Loan,2305.0,0.200017355085039,2386.0,0
3006,ID_308907370389267278,308907,Kenya,370389,267278,Type_7,14000.0,14491.0,2024-09-05,2024-09-12,7,Repeat Loan,2800.0,0.2,2898.0,0
3007,ID_308907370389251804,308907,Kenya,370389,251804,Type_7,14000.0,14491.0,2024-09-05,2024-09-12,7,Repeat Loan,2800.0,0.2,2898.0,0
3008,ID_309088370399251804,309088,Kenya,370399,251804,Type_7,5997.0,6227.0,2024-09-05,2024-09-12,7,Repeat Loan,1199.0,0.199933299983324,1245.0,0
3009,ID_309088370399267278,309088,Kenya,370399,267278,Type_7,5997.0,6227.0,2024-09-05,2024-09-12,7,Repeat Loan,1199.0,0.199933299983324,1245.0,0
3010,ID_308512370429267278,308512,Kenya,370429,267278,Type_7,27155.0,28106.0,2024-09-05,2024-09-12,7,Repeat Loan,5431.0,0.2,5621.0,0
3011,ID_308512370429251804,308512,Kenya,370429,251804,Type_7,27155.0,28106.0,2024-09-05,2024-09-12,7,Repeat Loan,5431.0,0.2,5621.0,0
3012,ID_310741370447251804,310741,Kenya,370447,251804,Type_7,5000.0,5357.0,2024-09-05,2024-09-12,7,Repeat Loan,1000.0,0.2,1071.0,0
3013,ID_310741370447267278,310741,Kenya,370447,267278,Type_7,5000.0,5357.0,2024-09-05,2024-09-12,7,New Loan,1000.0,0.2,1071.0,0
3014,ID_308989370449251804,308989,Kenya,370449,251804,Type_7,17000.0,17595.0,2024-09-05,2024-09-12,7,Repeat Loan,3400.0,0.2,3519.0,0
3015,ID_308989370449267278,308989,Kenya,370449,267278,Type_7,17000.0,17595.0,2024-09-05,2024-09-12,7,Repeat Loan,3400.0,0.2,3519.0,0
3016,ID_309511370450251804,309511,Kenya,370450,251804,Type_7,5535.0,5721.0,2024-09-05,2024-09-12,7,Repeat Loan,1107.0,0.2,1147.0,0
3017,ID_309511370450267278,309511,Kenya,370450,267278,Type_7,5535.0,5721.0,2024-09-05,2024-09-12,7,Repeat Loan,1107.0,0.2,1147.0,0
3018,ID_308506370454251804,308506,Kenya,370454,251804,Type_7,12140.0,12646.0,2024-09-06,2024-09-13,7,Repeat Loan,2428.0,0.2,2529.0,0
3019,ID_308506370454267278,308506,Kenya,370454,267278,Type_7,12140.0,12646.0,2024-09-06,2024-09-13,7,Repeat Loan,2428.0,0.2,2529.0,0
3020,ID_308465370457267278,308465,Kenya,370457,267278,Type_7,7979.0,8259.0,2024-09-06,2024-09-13,7,Repeat Loan,1596.0,0.200025065797719,1652.0,0
3021,ID_308465370457251804,308465,Kenya,370457,251804,Type_7,7979.0,8259.0,2024-09-06,2024-09-13,7,Repeat Loan,1596.0,0.200025065797719,1652.0,0
3022,ID_308870370465251804,308870,Kenya,370465,251804,Type_7,5000.0,5176.0,2024-09-06,2024-09-13,7,Repeat Loan,1000.0,0.2,1035.0,0
3023,ID_308870370465267278,308870,Kenya,370465,267278,Type_7,5000.0,5176.0,2024-09-06,2024-09-13,7,Repeat Loan,1000.0,0.2,1035.0,0
3024,ID_308449370475251804,308449,Kenya,370475,251804,Type_7,8000.0,8590.0,2024-09-06,2024-09-13,7,Repeat Loan,1600.0,0.2,1718.0,1
3025,ID_308449370475267278,308449,Kenya,370475,267278,Type_7,8000.0,8590.0,2024-09-06,2024-09-13,7,Repeat Loan,1600.0,0.2,1718.0,1
3026,ID_309066370480251804,309066,Kenya,370480,251804,Type_7,6630.0,6863.0,2024-09-06,2024-09-13,7,Repeat Loan,1326.0,0.2,1373.0,0
3027,ID_309066370480267278,309066,Kenya,370480,267278,Type_7,6630.0,6863.0,2024-09-06,2024-09-13,7,Repeat Loan,1326.0,0.2,1373.0,0
3028,ID_308408370498267278,308408,Kenya,370498,267278,Type_7,34000.0,35190.0,2024-09-06,2024-09-13,7,Repeat Loan,6800.0,0.2,7038.0,0
3029,ID_308408370498251804,308408,Kenya,370498,251804,Type_7,34000.0,35190.0,2024-09-06,2024-09-13,7,Repeat Loan,6800.0,0.2,7038.0,0
3030,ID_308545370522267278,308545,Kenya,370522,267278,Type_7,1899.0,1966.0,2024-09-06,2024-09-13,7,Repeat Loan,380.0,0.20010531858873,393.0,0
3031,ID_308545370522251804,308545,Kenya,370522,251804,Type_7,1899.0,1966.0,2024-09-06,2024-09-13,7,Repeat Loan,380.0,0.20010531858873,393.0,0
3032,ID_246997370529267278,246997,Kenya,370529,267278,Type_7,4599.0,5001.0,2024-09-06,2024-09-13,7,New Loan,920.0,0.20004348771472,1000.0,1
3033,ID_246997370529251804,246997,Kenya,370529,251804,Type_7,4599.0,5001.0,2024-09-06,2024-09-13,7,Repeat Loan,920.0,0.20004348771472,1000.0,1
3034,ID_288763370530267278,288763,Kenya,370530,267278,Type_7,21064.0,21802.0,2024-09-06,2024-09-13,7,Repeat Loan,4213.0,0.200009494872768,4361.0,0
3035,ID_288763370530251804,288763,Kenya,370530,251804,Type_7,21064.0,21802.0,2024-09-06,2024-09-13,7,Repeat Loan,4213.0,0.200009494872768,4361.0,0
3036,ID_308761370537267278,308761,Kenya,370537,267278,Type_7,12190.0,12617.0,2024-09-06,2024-09-13,7,Repeat Loan,2438.0,0.2,2523.0,0
3037,ID_308761370537251804,308761,Kenya,370537,251804,Type_7,12190.0,12617.0,2024-09-06,2024-09-13,7,Repeat Loan,2438.0,0.2,2523.0,0
3038,ID_310219370539267278,310219,Kenya,370539,267278,Type_7,4400.0,4555.0,2024-09-06,2024-09-13,7,Repeat Loan,880.0,0.2,911.0,0
3039,ID_310219370539251804,310219,Kenya,370539,251804,Type_7,4400.0,4555.0,2024-09-06,2024-09-13,7,Repeat Loan,880.0,0.2,911.0,0
3040,ID_308870370542267278,308870,Kenya,370542,267278,Type_7,5000.0,5176.0,2024-09-07,2024-09-14,7,Repeat Loan,1000.0,0.2,1035.0,0
3041,ID_308870370542251804,308870,Kenya,370542,251804,Type_7,5000.0,5176.0,2024-09-07,2024-09-14,7,Repeat Loan,1000.0,0.2,1035.0,0
3042,ID_310119370560267278,310119,Kenya,370560,267278,Type_7,6980.0,7225.0,2024-09-07,2024-09-14,7,Repeat Loan,1396.0,0.2,1445.0,0
3043,ID_310119370560251804,310119,Kenya,370560,251804,Type_7,6980.0,7225.0,2024-09-07,2024-09-14,7,Repeat Loan,1396.0,0.2,1445.0,0
3044,ID_308502370575251804,308502,Kenya,370575,251804,Type_7,5900.0,6420.0,2024-09-07,2024-09-14,7,Repeat Loan,1180.0,0.2,1284.0,1
3045,ID_308502370575267278,308502,Kenya,370575,267278,Type_7,5900.0,6420.0,2024-09-07,2024-09-14,7,Repeat Loan,1180.0,0.2,1284.0,1
3046,ID_308875370583267278,308875,Kenya,370583,267278,Type_7,15570.0,16115.0,2024-09-07,2024-09-14,7,Repeat Loan,3114.0,0.2,3223.0,0
3047,ID_308875370583251804,308875,Kenya,370583,251804,Type_7,15570.0,16115.0,2024-09-07,2024-09-14,7,Repeat Loan,3114.0,0.2,3223.0,0
3048,ID_256508370584251804,256508,Kenya,370584,251804,Type_7,7625.0,7892.0,2024-09-07,2024-09-14,7,Repeat Loan,1525.0,0.2,1578.0,0
3049,ID_256508370584267278,256508,Kenya,370584,267278,Type_7,7625.0,7892.0,2024-09-07,2024-09-14,7,Repeat Loan,1525.0,0.2,1578.0,0
3050,ID_308789370591251804,308789,Kenya,370591,251804,Type_7,4315.0,4467.0,2024-09-07,2024-09-14,7,Repeat Loan,863.0,0.2,893.0,0
3051,ID_308789370591267278,308789,Kenya,370591,267278,Type_7,4315.0,4467.0,2024-09-07,2024-09-14,7,Repeat Loan,863.0,0.2,893.0,0
3052,ID_308972370593267278,308972,Kenya,370593,267278,Type_7,5750.0,5952.0,2024-09-07,2024-09-14,7,Repeat Loan,1150.0,0.2,1190.0,0
3053,ID_308972370593251804,308972,Kenya,370593,251804,Type_7,5750.0,5952.0,2024-09-07,2024-09-14,7,Repeat Loan,1150.0,0.2,1190.0,0
3054,ID_246628370598251804,246628,Kenya,370598,251804,Type_7,3229.0,3343.0,2024-09-07,2024-09-14,7,Repeat Loan,646.0,0.200061938680706,669.0,0
3055,ID_246628370598267278,246628,Kenya,370598,267278,Type_7,3229.0,3343.0,2024-09-07,2024-09-14,7,Repeat Loan,646.0,0.200061938680706,669.0,0
3056,ID_310978370603267278,310978,Kenya,370603,267278,Type_7,5000.0,5176.0,2024-09-07,2024-09-14,7,Repeat Loan,1000.0,0.2,1035.0,0
3057,ID_310978370603251804,310978,Kenya,370603,251804,Type_7,5000.0,5176.0,2024-09-07,2024-09-14,7,Repeat Loan,1000.0,0.2,1035.0,0
3058,ID_308551370631267278,308551,Kenya,370631,267278,Type_7,5000.0,5176.0,2024-09-08,2024-09-15,7,Repeat Loan,1000.0,0.2,1035.0,0
3059,ID_308551370631251804,308551,Kenya,370631,251804,Type_7,5000.0,5176.0,2024-09-08,2024-09-15,7,Repeat Loan,1000.0,0.2,1035.0,0
3060,ID_311009370632267278,311009,Kenya,370632,267278,Type_7,4996.0,5171.0,2024-09-09,2024-09-16,7,Repeat Loan,999.0,0.199959967974379,1034.0,0
3061,ID_311009370632251804,311009,Kenya,370632,251804,Type_7,4996.0,5171.0,2024-09-09,2024-09-16,7,Repeat Loan,999.0,0.199959967974379,1034.0,0
3062,ID_310615370649251804,310615,Kenya,370649,251804,Type_7,4629.0,4792.0,2024-09-09,2024-09-16,7,Repeat Loan,926.0,0.200043205875999,959.0,0
3063,ID_310615370649267278,310615,Kenya,370649,267278,Type_7,4629.0,4792.0,2024-09-09,2024-09-16,7,Repeat Loan,926.0,0.200043205875999,959.0,0
3064,ID_308433370663251804,308433,Kenya,370663,251804,Type_7,2330.0,2412.0,2024-09-09,2024-09-16,7,Repeat Loan,466.0,0.2,482.0,0
3065,ID_308433370663267278,308433,Kenya,370663,267278,Type_7,2330.0,2412.0,2024-09-09,2024-09-16,7,Repeat Loan,466.0,0.2,482.0,0
3066,ID_308870370668251804,308870,Kenya,370668,251804,Type_7,5000.0,5176.0,2024-09-09,2024-09-16,7,Repeat Loan,1000.0,0.2,1035.0,0
3067,ID_308870370668267278,308870,Kenya,370668,267278,Type_7,5000.0,5176.0,2024-09-09,2024-09-16,7,Repeat Loan,1000.0,0.2,1035.0,0
3068,ID_248818370690267278,248818,Kenya,370690,267278,Type_7,20583.0,21304.0,2024-09-09,2024-09-16,7,Repeat Loan,4116.0,0.19997084973036,4260.0,0
3069,ID_248818370690251804,248818,Kenya,370690,251804,Type_7,20583.0,21304.0,2024-09-09,2024-09-16,7,Repeat Loan,4116.0,0.19997084973036,4260.0,0
3070,ID_249194370697267278,249194,Kenya,370697,267278,Type_7,5548.0,5743.0,2024-09-09,2024-09-16,7,Repeat Loan,1109.0,0.199891852919971,1148.0,0
3071,ID_249194370697251804,249194,Kenya,370697,251804,Type_7,5548.0,5743.0,2024-09-09,2024-09-16,7,Repeat Loan,1109.0,0.199891852919971,1148.0,0
3072,ID_308543370715267278,308543,Kenya,370715,267278,Type_7,20990.0,21725.0,2024-09-09,2024-09-16,7,Repeat Loan,4198.0,0.2,4345.0,0
3073,ID_308543370715251804,308543,Kenya,370715,251804,Type_7,20990.0,21725.0,2024-09-09,2024-09-16,7,Repeat Loan,4198.0,0.2,4345.0,0
3074,ID_308426370733267278,308426,Kenya,370733,267278,Type_7,4920.0,5093.0,2024-09-09,2024-09-16,7,Repeat Loan,984.0,0.2,1019.0,0
3075,ID_308426370733251804,308426,Kenya,370733,251804,Type_7,4920.0,5093.0,2024-09-09,2024-09-16,7,Repeat Loan,984.0,0.2,1019.0,0
3076,ID_308438370746267278,308438,Kenya,370746,267278,Type_7,25000.0,25876.0,2024-09-10,2024-09-17,7,Repeat Loan,5000.0,0.2,5175.0,0
3077,ID_308438370746251804,308438,Kenya,370746,251804,Type_7,25000.0,25876.0,2024-09-10,2024-09-17,7,Repeat Loan,5000.0,0.2,5175.0,0
3078,ID_310238370786267278,310238,Kenya,370786,267278,Type_7,7000.0,7246.0,2024-09-10,2024-09-17,7,Repeat Loan,1400.0,0.2,1449.0,0
3079,ID_310238370786251804,310238,Kenya,370786,251804,Type_7,7000.0,7246.0,2024-09-10,2024-09-17,7,Repeat Loan,1400.0,0.2,1449.0,0
3080,ID_309041370793267278,309041,Kenya,370793,267278,Type_7,8075.0,8358.0,2024-09-10,2024-09-17,7,Repeat Loan,1615.0,0.2,1672.0,0
3081,ID_309041370793251804,309041,Kenya,370793,251804,Type_7,8075.0,8358.0,2024-09-10,2024-09-17,7,Repeat Loan,1615.0,0.2,1672.0,0
3082,ID_309644370799251804,309644,Kenya,370799,251804,Type_7,6199.0,6416.0,2024-09-10,2024-09-17,7,Repeat Loan,1240.0,0.200032263268269,1283.0,0
3083,ID_309644370799267278,309644,Kenya,370799,267278,Type_7,6199.0,6416.0,2024-09-10,2024-09-17,7,Repeat Loan,1240.0,0.200032263268269,1283.0,0
3084,ID_250629370801267278,250629,Kenya,370801,267278,Type_7,2895.0,2997.0,2024-09-10,2024-09-17,7,Repeat Loan,579.0,0.2,599.0,0
3085,ID_250629370801251804,250629,Kenya,370801,251804,Type_7,2895.0,2997.0,2024-09-10,2024-09-17,7,Repeat Loan,579.0,0.2,599.0,0
3086,ID_97633370815251804,97633,Kenya,370815,251804,Type_7,90000.0,93361.0,2024-09-11,2024-09-18,7,Repeat Loan,18000.0,0.2,18672.0,0
3087,ID_97633370815267278,97633,Kenya,370815,267278,Type_7,90000.0,93361.0,2024-09-11,2024-09-18,7,Repeat Loan,18000.0,0.2,18672.0,0
3088,ID_309968370825251804,309968,Kenya,370825,251804,Type_7,22000.0,23038.0,2024-09-11,2024-09-18,7,Repeat Loan,4400.0,0.2,4608.0,0
3089,ID_309968370825267278,309968,Kenya,370825,267278,Type_7,22000.0,23038.0,2024-09-11,2024-09-18,7,Repeat Loan,4400.0,0.2,4608.0,0
3090,ID_308629370849267278,308629,Kenya,370849,267278,Type_7,9870.0,10216.0,2024-09-11,2024-09-18,7,Repeat Loan,1974.0,0.2,2043.0,0
3091,ID_308629370849251804,308629,Kenya,370849,251804,Type_7,9870.0,10216.0,2024-09-11,2024-09-18,7,Repeat Loan,1974.0,0.2,2043.0,0
3092,ID_310487370852267278,310487,Kenya,370852,267278,Type_7,8000.0,8280.0,2024-09-11,2024-09-18,7,Repeat Loan,1600.0,0.2,1656.0,0
3093,ID_310487370852251804,310487,Kenya,370852,251804,Type_7,8000.0,8280.0,2024-09-11,2024-09-18,7,Repeat Loan,1600.0,0.2,1656.0,0
3094,ID_310232370862267278,310232,Kenya,370862,267278,Type_7,6290.0,6511.0,2024-09-11,2024-09-18,7,Repeat Loan,1258.0,0.2,1302.0,0
3095,ID_310232370862251804,310232,Kenya,370862,251804,Type_7,6290.0,6511.0,2024-09-11,2024-09-18,7,Repeat Loan,1258.0,0.2,1302.0,0
3096,ID_249297370863267278,249297,Kenya,370863,267278,Type_7,6000.0,6211.0,2024-09-11,2024-09-18,7,Repeat Loan,1200.0,0.2,1242.0,0
3097,ID_249297370863251804,249297,Kenya,370863,251804,Type_7,6000.0,6211.0,2024-09-11,2024-09-18,7,Repeat Loan,1200.0,0.2,1242.0,0
3098,ID_309363370873267278,309363,Kenya,370873,267278,Type_7,9345.0,9673.0,2024-09-11,2024-09-18,7,Repeat Loan,1869.0,0.2,1935.0,0
3099,ID_309363370873251804,309363,Kenya,370873,251804,Type_7,9345.0,9673.0,2024-09-11,2024-09-18,7,Repeat Loan,1869.0,0.2,1935.0,0
3100,ID_308504370888251804,308504,Kenya,370888,251804,Type_7,10000.0,10463.0,2024-09-11,2024-09-18,7,Repeat Loan,2000.0,0.2,2093.0,0
3101,ID_308504370888267278,308504,Kenya,370888,267278,Type_7,10000.0,10463.0,2024-09-11,2024-09-18,7,Repeat Loan,2000.0,0.2,2093.0,0
3102,ID_292586370917267278,292586,Kenya,370917,267278,Type_7,61971.0,64140.0,2024-09-12,2024-09-19,7,Repeat Loan,12394.0,0.199996772683997,12828.0,0
3103,ID_292586370917251804,292586,Kenya,370917,251804,Type_7,61971.0,64140.0,2024-09-12,2024-09-19,7,Repeat Loan,12394.0,0.199996772683997,12828.0,0
3104,ID_309006370923251804,309006,Kenya,370923,251804,Type_7,5000.0,5190.0,2024-09-12,2024-09-19,7,Repeat Loan,1000.0,0.2,1038.0,0
3105,ID_309006370923267278,309006,Kenya,370923,267278,Type_7,5000.0,5190.0,2024-09-12,2024-09-19,7,New Loan,1000.0,0.2,1038.0,0
3106,ID_309013370926267278,309013,Kenya,370926,267278,Type_7,5233.0,5595.0,2024-09-12,2024-09-19,7,Repeat Loan,1046.0,0.199885343015478,1118.0,0
3107,ID_309013370926251804,309013,Kenya,370926,251804,Type_7,5233.0,5595.0,2024-09-12,2024-09-19,7,Repeat Loan,1046.0,0.199885343015478,1118.0,0
3108,ID_308373370927251804,308373,Kenya,370927,251804,Type_7,33829.0,35014.0,2024-09-12,2024-09-19,7,Repeat Loan,6766.0,0.200005912087262,7003.0,0
3109,ID_308373370927267278,308373,Kenya,370927,267278,Type_7,33829.0,35014.0,2024-09-12,2024-09-19,7,Repeat Loan,6766.0,0.200005912087262,7003.0,0
3110,ID_199820370933251804,199820,Kenya,370933,251804,Type_7,5000.0,5176.0,2024-09-12,2024-09-19,7,Repeat Loan,1000.0,0.2,1035.0,0
3111,ID_199820370933267278,199820,Kenya,370933,267278,Type_7,5000.0,5176.0,2024-09-12,2024-09-19,7,Repeat Loan,1000.0,0.2,1035.0,0
3112,ID_308423370942267278,308423,Kenya,370942,267278,Type_7,6034.0,6246.0,2024-09-12,2024-09-19,7,Repeat Loan,1207.0,0.200033145508783,1249.0,0
3113,ID_308423370942251804,308423,Kenya,370942,251804,Type_7,6034.0,6246.0,2024-09-12,2024-09-19,7,Repeat Loan,1207.0,0.200033145508783,1249.0,0
3114,ID_308638370943251804,308638,Kenya,370943,251804,Type_7,2863.0,2964.0,2024-09-12,2024-09-19,7,Repeat Loan,572.0,0.19979042961928,592.0,0
3115,ID_308638370943267278,308638,Kenya,370943,267278,Type_7,2863.0,2964.0,2024-09-12,2024-09-19,7,Repeat Loan,572.0,0.19979042961928,592.0,0
3116,ID_262848370947251804,262848,Kenya,370947,251804,Type_7,7000.0,7303.0,2024-09-12,2024-09-19,7,Repeat Loan,1400.0,0.2,1461.0,0
3117,ID_262848370947267278,262848,Kenya,370947,267278,Type_7,7000.0,7303.0,2024-09-12,2024-09-19,7,Repeat Loan,1400.0,0.2,1461.0,0
3118,ID_273311370950267278,273311,Kenya,370950,267278,Type_7,13000.0,13456.0,2024-09-12,2024-09-19,7,Repeat Loan,2600.0,0.2,2691.0,0
3119,ID_273311370950251804,273311,Kenya,370950,251804,Type_7,13000.0,13456.0,2024-09-12,2024-09-19,7,Repeat Loan,2600.0,0.2,2691.0,0
3120,ID_308460370952251804,308460,Kenya,370952,251804,Type_7,4644.0,5032.0,2024-09-12,2024-09-19,7,Repeat Loan,929.0,0.200043066322136,1007.0,1
3121,ID_308460370952267278,308460,Kenya,370952,267278,Type_7,4644.0,5032.0,2024-09-12,2024-09-19,7,Repeat Loan,929.0,0.200043066322136,1007.0,1
3122,ID_309092370955267278,309092,Kenya,370955,267278,Type_7,4543.0,4703.0,2024-09-12,2024-09-19,7,Repeat Loan,908.0,0.199867928681488,940.0,0
3123,ID_309092370955251804,309092,Kenya,370955,251804,Type_7,4543.0,4703.0,2024-09-12,2024-09-19,7,Repeat Loan,908.0,0.199867928681488,940.0,0
3124,ID_310150370956251804,310150,Kenya,370956,251804,Type_7,3680.0,3809.0,2024-09-12,2024-09-19,7,Repeat Loan,736.0,0.2,762.0,0
3125,ID_310150370956267278,310150,Kenya,370956,267278,Type_7,3680.0,3809.0,2024-09-12,2024-09-19,7,Repeat Loan,736.0,0.2,762.0,0
3126,ID_308624370957251804,308624,Kenya,370957,251804,Type_7,9641.0,9979.0,2024-09-12,2024-09-19,7,Repeat Loan,1928.0,0.199979255263976,1996.0,0
3127,ID_308624370957267278,308624,Kenya,370957,267278,Type_7,9641.0,9979.0,2024-09-12,2024-09-19,7,Repeat Loan,1928.0,0.199979255263976,1996.0,0
3128,ID_310119370970251804,310119,Kenya,370970,251804,Type_7,8977.0,9292.0,2024-09-13,2024-09-20,7,Repeat Loan,1795.0,0.199955441684304,1858.0,0
3129,ID_310119370970267278,310119,Kenya,370970,267278,Type_7,8977.0,9292.0,2024-09-13,2024-09-20,7,Repeat Loan,1795.0,0.199955441684304,1858.0,0
3130,ID_310978370984267278,310978,Kenya,370984,267278,Type_7,7000.0,7246.0,2024-09-13,2024-09-20,7,Repeat Loan,1400.0,0.2,1449.0,0
3131,ID_310978370984251804,310978,Kenya,370984,251804,Type_7,7000.0,7246.0,2024-09-13,2024-09-20,7,Repeat Loan,1400.0,0.2,1449.0,0
3132,ID_308512370987251804,308512,Kenya,370987,251804,Type_7,27040.0,27987.0,2024-09-13,2024-09-20,7,Repeat Loan,5408.0,0.2,5597.0,0
3133,ID_308512370987267278,308512,Kenya,370987,267278,Type_7,27040.0,27987.0,2024-09-13,2024-09-20,7,Repeat Loan,5408.0,0.2,5597.0,0
3134,ID_308465370991267278,308465,Kenya,370991,267278,Type_7,9998.0,10348.0,2024-09-13,2024-09-20,7,Repeat Loan,1999.0,0.199939987997599,2069.0,0
3135,ID_308465370991251804,308465,Kenya,370991,251804,Type_7,9998.0,10348.0,2024-09-13,2024-09-20,7,Repeat Loan,1999.0,0.199939987997599,2069.0,0
3136,ID_308615370997251804,308615,Kenya,370997,251804,Type_7,5000.0,5312.0,2024-09-13,2024-09-20,7,Repeat Loan,1000.0,0.2,1062.0,1
3137,ID_308615370997267278,308615,Kenya,370997,267278,Type_7,5000.0,5312.0,2024-09-13,2024-09-20,7,Repeat Loan,1000.0,0.2,1062.0,1
3138,ID_309066371001267278,309066,Kenya,371001,267278,Type_7,7770.0,8354.0,2024-09-13,2024-09-20,7,Repeat Loan,1554.0,0.2,1671.0,1
3139,ID_309066371001251804,309066,Kenya,371001,251804,Type_7,7770.0,8354.0,2024-09-13,2024-09-20,7,Repeat Loan,1554.0,0.2,1671.0,1
3140,ID_288763371007251804,288763,Kenya,371007,251804,Type_7,16925.0,17518.0,2024-09-13,2024-09-20,7,Repeat Loan,3385.0,0.2,3504.0,0
3141,ID_288763371007267278,288763,Kenya,371007,267278,Type_7,16925.0,17518.0,2024-09-13,2024-09-20,7,Repeat Loan,3385.0,0.2,3504.0,0
3142,ID_310219371013267278,310219,Kenya,371013,267278,Type_7,4240.0,4389.0,2024-09-13,2024-09-20,7,Repeat Loan,848.0,0.2,878.0,0
3143,ID_310219371013251804,310219,Kenya,371013,251804,Type_7,4240.0,4389.0,2024-09-13,2024-09-20,7,Repeat Loan,848.0,0.2,878.0,0
3144,ID_308590371032251804,308590,Kenya,371032,251804,Type_7,6304.0,6525.0,2024-09-13,2024-09-20,7,Repeat Loan,1261.0,0.200031725888324,1305.0,0
3145,ID_308590371032267278,308590,Kenya,371032,267278,Type_7,6304.0,6525.0,2024-09-13,2024-09-20,7,Repeat Loan,1261.0,0.200031725888324,1305.0,0
3146,ID_267525371035267278,267525,Kenya,371035,267278,Type_7,17000.0,17728.0,2024-09-13,2024-09-20,7,Repeat Loan,3400.0,0.2,3546.0,0
3147,ID_267525371035251804,267525,Kenya,371035,251804,Type_7,17000.0,17728.0,2024-09-13,2024-09-20,7,Repeat Loan,3400.0,0.2,3546.0,0
3148,ID_308570371056251804,308570,Kenya,371056,251804,Type_7,9000.0,9316.0,2024-09-14,2024-09-21,7,Repeat Loan,1800.0,0.2,1863.0,0
3149,ID_308570371056267278,308570,Kenya,371056,267278,Type_7,9000.0,9316.0,2024-09-14,2024-09-21,7,Repeat Loan,1800.0,0.2,1863.0,0
3150,ID_288828371057251804,288828,Kenya,371057,251804,Type_7,4825.0,5230.0,2024-09-14,2024-09-21,7,Repeat Loan,965.0,0.2,1046.0,1
3151,ID_288828371057267278,288828,Kenya,371057,267278,Type_7,4825.0,5230.0,2024-09-14,2024-09-21,7,Repeat Loan,965.0,0.2,1046.0,1
3152,ID_308480371060267278,308480,Kenya,371060,267278,Type_7,6870.0,7111.0,2024-09-14,2024-09-21,7,Repeat Loan,1374.0,0.2,1422.0,0
3153,ID_308480371060251804,308480,Kenya,371060,251804,Type_7,6870.0,7111.0,2024-09-14,2024-09-21,7,Repeat Loan,1374.0,0.2,1422.0,0
3154,ID_308784371065267278,308784,Kenya,371065,267278,Type_7,6000.0,6211.0,2024-09-14,2024-09-21,7,Repeat Loan,1200.0,0.2,1242.0,0
3155,ID_308784371065251804,308784,Kenya,371065,251804,Type_7,6000.0,6211.0,2024-09-14,2024-09-21,7,Repeat Loan,1200.0,0.2,1242.0,0
3156,ID_309355371075251804,309355,Kenya,371075,251804,Type_7,3575.0,3826.0,2024-09-14,2024-09-21,7,Repeat Loan,715.0,0.2,765.0,1
3157,ID_309355371075267278,309355,Kenya,371075,267278,Type_7,3575.0,3826.0,2024-09-14,2024-09-21,7,Repeat Loan,715.0,0.2,765.0,1
3158,ID_310254371078251804,310254,Kenya,371078,251804,Type_7,3722.0,3853.0,2024-09-14,2024-09-21,7,Repeat Loan,744.0,0.199892530897367,770.0,0
3159,ID_310254371078267278,310254,Kenya,371078,267278,Type_7,3722.0,3853.0,2024-09-14,2024-09-21,7,Repeat Loan,744.0,0.199892530897367,770.0,0
3160,ID_288739371095251804,288739,Kenya,371095,251804,Type_7,15102.0,15631.0,2024-09-14,2024-09-21,7,Repeat Loan,3020.0,0.199973513441928,3126.0,0
3161,ID_288739371095267278,288739,Kenya,371095,267278,Type_7,15102.0,15631.0,2024-09-14,2024-09-21,7,Repeat Loan,3020.0,0.199973513441928,3126.0,0
3162,ID_308875371098251804,308875,Kenya,371098,251804,Type_7,18480.0,19127.0,2024-09-14,2024-09-21,7,Repeat Loan,3696.0,0.2,3825.0,0
3163,ID_308875371098267278,308875,Kenya,371098,267278,Type_7,18480.0,19127.0,2024-09-14,2024-09-21,7,Repeat Loan,3696.0,0.2,3825.0,0
3164,ID_310302371101251804,310302,Kenya,371101,251804,Type_7,2475.0,2562.0,2024-09-14,2024-09-21,7,Repeat Loan,495.0,0.2,512.0,0
3165,ID_310302371101267278,310302,Kenya,371101,267278,Type_7,2475.0,2562.0,2024-09-14,2024-09-21,7,Repeat Loan,495.0,0.2,512.0,0
3166,ID_141452371119251804,141452,Kenya,371119,251804,Type_7,2986.0,3091.0,2024-09-15,2024-09-22,7,Repeat Loan,597.0,0.199933020763563,618.0,0
3167,ID_141452371119267278,141452,Kenya,371119,267278,Type_7,2986.0,3091.0,2024-09-15,2024-09-22,7,Repeat Loan,597.0,0.199933020763563,618.0,0
3168,ID_310298371125267278,310298,Kenya,371125,267278,Type_7,5000.0,5176.0,2024-09-16,2024-09-23,7,Repeat Loan,1000.0,0.2,1035.0,0
3169,ID_310298371125251804,310298,Kenya,371125,251804,Type_7,5000.0,5176.0,2024-09-16,2024-09-23,7,New Loan,1000.0,0.2,1035.0,0
3170,ID_309670371178251804,309670,Kenya,371178,251804,Type_7,5000.0,5176.0,2024-09-16,2024-09-23,7,Repeat Loan,1000.0,0.2,1035.0,0
3171,ID_309670371178267278,309670,Kenya,371178,267278,Type_7,5000.0,5176.0,2024-09-16,2024-09-23,7,Repeat Loan,1000.0,0.2,1035.0,0
3172,ID_244340371180251804,244340,Kenya,371180,251804,Type_7,103834.0,107469.0,2024-09-16,2024-09-23,7,Repeat Loan,20767.0,0.200001926151356,21494.0,0
3173,ID_244340371180267278,244340,Kenya,371180,267278,Type_7,103834.0,107469.0,2024-09-16,2024-09-23,7,Repeat Loan,20767.0,0.200001926151356,21494.0,0
3174,ID_309060371187251804,309060,Kenya,371187,251804,Type_7,18036.0,19114.0,2024-09-16,2024-09-23,7,Repeat Loan,3607.0,0.199988911066755,3823.0,1
3175,ID_309060371187267278,309060,Kenya,371187,267278,Type_7,18036.0,19114.0,2024-09-16,2024-09-23,7,Repeat Loan,3607.0,0.199988911066755,3823.0,1
3176,ID_248364371200267278,248364,Kenya,371200,267278,Type_7,16710.0,17295.0,2024-09-16,2024-09-23,7,Repeat Loan,3342.0,0.2,3459.0,0
3177,ID_248364371200251804,248364,Kenya,371200,251804,Type_7,16710.0,17295.0,2024-09-16,2024-09-23,7,Repeat Loan,3342.0,0.2,3459.0,0
3178,ID_309167371209267278,309167,Kenya,371209,267278,Type_7,5000.0,5176.0,2024-09-16,2024-09-23,7,New Loan,1000.0,0.2,1035.0,0
3179,ID_309167371209251804,309167,Kenya,371209,251804,Type_7,5000.0,5176.0,2024-09-16,2024-09-23,7,Repeat Loan,1000.0,0.2,1035.0,0
3180,ID_309075371211267278,309075,Kenya,371211,267278,Type_7,10000.0,10351.0,2024-09-16,2024-09-23,7,Repeat Loan,2000.0,0.2,2070.0,0
3181,ID_309075371211251804,309075,Kenya,371211,251804,Type_7,10000.0,10351.0,2024-09-16,2024-09-23,7,Repeat Loan,2000.0,0.2,2070.0,0
3182,ID_308517371221267278,308517,Kenya,371221,267278,Type_7,4445.0,4601.0,2024-09-16,2024-09-23,7,Repeat Loan,889.0,0.2,920.0,0
3183,ID_308517371221251804,308517,Kenya,371221,251804,Type_7,4445.0,4601.0,2024-09-16,2024-09-23,7,Repeat Loan,889.0,0.2,920.0,0
3184,ID_308545371222251804,308545,Kenya,371222,251804,Type_7,3930.0,4068.0,2024-09-16,2024-09-23,7,Repeat Loan,786.0,0.2,814.0,0
3185,ID_308545371222267278,308545,Kenya,371222,267278,Type_7,3930.0,4068.0,2024-09-16,2024-09-23,7,Repeat Loan,786.0,0.2,814.0,0
3186,ID_310394371235251804,310394,Kenya,371235,251804,Type_7,4790.0,4958.0,2024-09-17,2024-09-24,7,Repeat Loan,958.0,0.2,992.0,0
3187,ID_310394371235267278,310394,Kenya,371235,267278,Type_7,4790.0,4958.0,2024-09-17,2024-09-24,7,Repeat Loan,958.0,0.2,992.0,0
3188,ID_308761371236267278,308761,Kenya,371236,267278,Type_7,15999.0,16559.0,2024-09-17,2024-09-24,7,Repeat Loan,3200.0,0.200012500781298,3312.0,0
3189,ID_308761371236251804,308761,Kenya,371236,251804,Type_7,15999.0,16559.0,2024-09-17,2024-09-24,7,Repeat Loan,3200.0,0.200012500781298,3312.0,0
3190,ID_310986371260251804,310986,Kenya,371260,251804,Type_7,5000.0,5176.0,2024-09-17,2024-09-24,7,Repeat Loan,1000.0,0.2,1035.0,0
3191,ID_310986371260267278,310986,Kenya,371260,267278,Type_7,5000.0,5176.0,2024-09-17,2024-09-24,7,Repeat Loan,1000.0,0.2,1035.0,0
3192,ID_308368371278267278,308368,Kenya,371278,267278,Type_7,5000.0,5176.0,2024-09-17,2024-09-24,7,Repeat Loan,1000.0,0.2,1035.0,0
3193,ID_308368371278251804,308368,Kenya,371278,251804,Type_7,5000.0,5176.0,2024-09-17,2024-09-24,7,New Loan,1000.0,0.2,1035.0,0
3194,ID_310487371281267278,310487,Kenya,371281,267278,Type_7,10000.0,10351.0,2024-09-17,2024-09-24,7,Repeat Loan,2000.0,0.2,2070.0,0
3195,ID_310487371281251804,310487,Kenya,371281,251804,Type_7,10000.0,10351.0,2024-09-17,2024-09-24,7,Repeat Loan,2000.0,0.2,2070.0,0
3196,ID_311400371289251804,311400,Kenya,371289,251804,Type_7,1730.0,1791.0,2024-09-17,2024-09-24,7,New Loan,346.0,0.2,358.0,0
3197,ID_311400371289267278,311400,Kenya,371289,267278,Type_7,1730.0,1791.0,2024-09-17,2024-09-24,7,Repeat Loan,346.0,0.2,358.0,0
3198,ID_309644371294267278,309644,Kenya,371294,267278,Type_7,8000.0,8280.0,2024-09-17,2024-09-24,7,Repeat Loan,1600.0,0.2,1656.0,0
3199,ID_309644371294251804,309644,Kenya,371294,251804,Type_7,8000.0,8280.0,2024-09-17,2024-09-24,7,Repeat Loan,1600.0,0.2,1656.0,0
3200,ID_310205371295251804,310205,Kenya,371295,251804,Type_7,5430.0,5621.0,2024-09-17,2024-09-24,7,Repeat Loan,1086.0,0.2,1124.0,0
3201,ID_310205371295267278,310205,Kenya,371295,267278,Type_7,5430.0,5621.0,2024-09-17,2024-09-24,7,Repeat Loan,1086.0,0.2,1124.0,0
3202,ID_310216371296267278,310216,Kenya,371296,267278,Type_7,5000.0,5383.0,2024-09-17,2024-09-24,7,Repeat Loan,1000.0,0.2,1077.0,1
3203,ID_310216371296251804,310216,Kenya,371296,251804,Type_7,5000.0,5383.0,2024-09-17,2024-09-24,7,Repeat Loan,1000.0,0.2,1077.0,1
3204,ID_308757371298251804,308757,Kenya,371298,251804,Type_7,5500.0,5737.0,2024-09-17,2024-09-24,7,Repeat Loan,1100.0,0.2,1147.0,0
3205,ID_308757371298267278,308757,Kenya,371298,267278,Type_7,5500.0,5737.0,2024-09-17,2024-09-24,7,Repeat Loan,1100.0,0.2,1147.0,0
3206,ID_310020371317251804,310020,Kenya,371317,251804,Type_7,5020.0,5196.0,2024-09-18,2024-09-25,7,Repeat Loan,1004.0,0.2,1039.0,0
3207,ID_310020371317267278,310020,Kenya,371317,267278,Type_7,5020.0,5196.0,2024-09-18,2024-09-25,7,Repeat Loan,1004.0,0.2,1039.0,0
3208,ID_311597371318251804,311597,Kenya,371318,251804,Type_7,5000.0,5176.0,2024-09-18,2024-09-25,7,Repeat Loan,1000.0,0.2,1035.0,0
3209,ID_311597371318267278,311597,Kenya,371318,267278,Type_7,5000.0,5176.0,2024-09-18,2024-09-25,7,Repeat Loan,1000.0,0.2,1035.0,0
3210,ID_308377371321267278,308377,Kenya,371321,267278,Type_7,4579.0,4740.0,2024-09-18,2024-09-25,7,Repeat Loan,916.0,0.200043677658877,948.0,0
3211,ID_308377371321251804,308377,Kenya,371321,251804,Type_7,4579.0,4740.0,2024-09-18,2024-09-25,7,Repeat Loan,916.0,0.200043677658877,948.0,0
3212,ID_308853371325251804,308853,Kenya,371325,251804,Type_7,5100.0,5279.0,2024-09-18,2024-09-25,7,Repeat Loan,1020.0,0.2,1056.0,0
3213,ID_308853371325267278,308853,Kenya,371325,267278,Type_7,5100.0,5279.0,2024-09-18,2024-09-25,7,Repeat Loan,1020.0,0.2,1056.0,0
3214,ID_308920371332267278,308920,Kenya,371332,267278,Type_7,6998.0,7641.0,2024-09-18,2024-09-25,7,Repeat Loan,1399.0,0.19991426121749,1528.0,1
3215,ID_308920371332251804,308920,Kenya,371332,251804,Type_7,6998.0,7641.0,2024-09-18,2024-09-25,7,Repeat Loan,1399.0,0.19991426121749,1528.0,1
3216,ID_256508371336267278,256508,Kenya,371336,267278,Type_7,11119.0,11534.0,2024-09-18,2024-09-25,7,Repeat Loan,2224.0,0.200017987229067,2307.0,0
3217,ID_256508371336251804,256508,Kenya,371336,251804,Type_7,11119.0,11534.0,2024-09-18,2024-09-25,7,Repeat Loan,2224.0,0.200017987229067,2307.0,0
3218,ID_310238371338251804,310238,Kenya,371338,251804,Type_7,9000.0,9316.0,2024-09-18,2024-09-25,7,Repeat Loan,1800.0,0.2,1863.0,0
3219,ID_310238371338267278,310238,Kenya,371338,267278,Type_7,9000.0,9316.0,2024-09-18,2024-09-25,7,Repeat Loan,1800.0,0.2,1863.0,0
3220,ID_308410371344267278,308410,Kenya,371344,267278,Type_7,2779.0,2877.0,2024-09-18,2024-09-25,7,Repeat Loan,556.0,0.200071968333933,576.0,0
3221,ID_308410371344251804,308410,Kenya,371344,251804,Type_7,2779.0,2877.0,2024-09-18,2024-09-25,7,Repeat Loan,556.0,0.200071968333933,576.0,0
3222,ID_311581371346267278,311581,Kenya,371346,267278,Type_7,5000.0,5176.0,2024-09-18,2024-09-25,7,Repeat Loan,1000.0,0.2,1035.0,0
3223,ID_311581371346251804,311581,Kenya,371346,251804,Type_7,5000.0,5176.0,2024-09-18,2024-09-25,7,Repeat Loan,1000.0,0.2,1035.0,0
3224,ID_311602371348251804,311602,Kenya,371348,251804,Type_7,2400.0,2485.0,2024-09-18,2024-09-25,7,New Loan,480.0,0.2,497.0,0
3225,ID_311602371348267278,311602,Kenya,371348,267278,Type_7,2400.0,2485.0,2024-09-18,2024-09-25,7,Repeat Loan,480.0,0.2,497.0,0
3226,ID_249194371356251804,249194,Kenya,371356,251804,Type_7,8990.0,9343.0,2024-09-18,2024-09-25,7,Repeat Loan,1798.0,0.2,1869.0,0
3227,ID_249194371356267278,249194,Kenya,371356,267278,Type_7,8990.0,9343.0,2024-09-18,2024-09-25,7,Repeat Loan,1798.0,0.2,1869.0,0
3228,ID_308426371362267278,308426,Kenya,371362,267278,Type_7,5590.0,5786.0,2024-09-18,2024-09-25,7,Repeat Loan,1118.0,0.2,1157.0,0
3229,ID_308426371362251804,308426,Kenya,371362,251804,Type_7,5590.0,5786.0,2024-09-18,2024-09-25,7,Repeat Loan,1118.0,0.2,1157.0,0
3230,ID_308643371366251804,308643,Kenya,371366,251804,Type_7,5000.0,5176.0,2024-09-18,2024-09-25,7,Repeat Loan,1000.0,0.2,1035.0,0
3231,ID_308643371366267278,308643,Kenya,371366,267278,Type_7,5000.0,5176.0,2024-09-18,2024-09-25,7,Repeat Loan,1000.0,0.2,1035.0,0
3232,ID_308870371370267278,308870,Kenya,371370,267278,Type_7,12000.0,12421.0,2024-09-18,2024-09-25,7,Repeat Loan,2400.0,0.2,2484.0,0
3233,ID_308870371370251804,308870,Kenya,371370,251804,Type_7,12000.0,12421.0,2024-09-18,2024-09-25,7,Repeat Loan,2400.0,0.2,2484.0,0
3234,ID_311589371375267278,311589,Kenya,371375,267278,Type_7,4764.0,4931.0,2024-09-18,2024-09-25,7,Repeat Loan,953.0,0.200041981528127,986.0,0
3235,ID_311589371375251804,311589,Kenya,371375,251804,Type_7,4764.0,4931.0,2024-09-18,2024-09-25,7,Repeat Loan,953.0,0.200041981528127,986.0,0
3236,ID_251535371377267278,251535,Kenya,371377,267278,Type_7,45375.0,46964.0,2024-09-19,2024-09-26,7,Repeat Loan,9075.0,0.2,9393.0,0
3237,ID_251535371377251804,251535,Kenya,371377,251804,Type_7,45375.0,46964.0,2024-09-19,2024-09-26,7,Repeat Loan,9075.0,0.2,9393.0,0
3238,ID_311009371378267278,311009,Kenya,371378,267278,Type_7,6000.0,6211.0,2024-09-19,2024-09-26,7,Repeat Loan,1200.0,0.2,1242.0,0
3239,ID_311009371378251804,311009,Kenya,371378,251804,Type_7,6000.0,6211.0,2024-09-19,2024-09-26,7,Repeat Loan,1200.0,0.2,1242.0,0
3240,ID_308666371388267278,308666,Kenya,371388,267278,Type_7,6940.0,7231.0,2024-09-19,2024-09-26,7,Repeat Loan,1388.0,0.2,1446.0,0
3241,ID_308666371388251804,308666,Kenya,371388,251804,Type_7,6940.0,7231.0,2024-09-19,2024-09-26,7,Repeat Loan,1388.0,0.2,1446.0,0
3242,ID_308433371425267278,308433,Kenya,371425,267278,Type_7,4279.0,4429.0,2024-09-19,2024-09-26,7,Repeat Loan,856.0,0.200046739892498,886.0,0
3243,ID_308433371425251804,308433,Kenya,371425,251804,Type_7,4279.0,4429.0,2024-09-19,2024-09-26,7,Repeat Loan,856.0,0.200046739892498,886.0,0
3244,ID_311667371430251804,311667,Kenya,371430,251804,Type_7,5769.0,5971.0,2024-09-19,2024-09-26,7,Repeat Loan,1154.0,0.200034668053388,1194.0,0
3245,ID_311667371430267278,311667,Kenya,371430,267278,Type_7,5769.0,5971.0,2024-09-19,2024-09-26,7,Repeat Loan,1154.0,0.200034668053388,1194.0,0
3246,ID_308543371442251804,308543,Kenya,371442,251804,Type_7,21760.0,22522.0,2024-09-19,2024-09-26,7,Repeat Loan,4352.0,0.2,4504.0,0
3247,ID_308543371442267278,308543,Kenya,371442,267278,Type_7,21760.0,22522.0,2024-09-19,2024-09-26,7,Repeat Loan,4352.0,0.2,4504.0,0
3248,ID_249297371446267278,249297,Kenya,371446,267278,Type_7,5865.0,6071.0,2024-09-19,2024-09-26,7,Repeat Loan,1173.0,0.2,1214.0,0
3249,ID_249297371446251804,249297,Kenya,371446,251804,Type_7,5865.0,6071.0,2024-09-19,2024-09-26,7,Repeat Loan,1173.0,0.2,1214.0,0
3250,ID_310232371447267278,310232,Kenya,371447,267278,Type_7,7134.0,7384.0,2024-09-19,2024-09-26,7,Repeat Loan,1427.0,0.200028034763106,1477.0,0
3251,ID_310232371447251804,310232,Kenya,371447,251804,Type_7,7134.0,7384.0,2024-09-19,2024-09-26,7,Repeat Loan,1427.0,0.200028034763106,1477.0,0
3252,ID_310717371450267278,310717,Kenya,371450,267278,Type_7,4850.0,5020.0,2024-09-19,2024-09-26,7,Repeat Loan,970.0,0.2,1004.0,0
3253,ID_310717371450251804,310717,Kenya,371450,251804,Type_7,4850.0,5020.0,2024-09-19,2024-09-26,7,Repeat Loan,970.0,0.2,1004.0,0
3254,ID_310955371458267278,310955,Kenya,371458,267278,Type_7,1800.0,1864.0,2024-09-19,2024-09-26,7,Repeat Loan,360.0,0.2,373.0,0
3255,ID_310955371458251804,310955,Kenya,371458,251804,Type_7,1800.0,1864.0,2024-09-19,2024-09-26,7,New Loan,360.0,0.2,373.0,0
3256,ID_311659371463251804,311659,Kenya,371463,251804,Type_7,1299.0,1345.0,2024-09-19,2024-09-26,7,Repeat Loan,260.0,0.200153964588144,269.0,0
3257,ID_311659371463267278,311659,Kenya,371463,267278,Type_7,1299.0,1345.0,2024-09-19,2024-09-26,7,Repeat Loan,260.0,0.200153964588144,269.0,0
3258,ID_248818371500251804,248818,Kenya,371500,251804,Type_7,54355.0,56384.0,2024-09-20,2024-09-27,7,Repeat Loan,10871.0,0.2,11277.0,0
3259,ID_248818371500267278,248818,Kenya,371500,267278,Type_7,54355.0,56384.0,2024-09-20,2024-09-27,7,Repeat Loan,10871.0,0.2,11277.0,0
3260,ID_309092371504251804,309092,Kenya,371504,251804,Type_7,7000.0,7246.0,2024-09-20,2024-09-27,7,Repeat Loan,1400.0,0.2,1449.0,0
3261,ID_309092371504267278,309092,Kenya,371504,267278,Type_7,7000.0,7246.0,2024-09-20,2024-09-27,7,Repeat Loan,1400.0,0.2,1449.0,0
3262,ID_310119371510267278,310119,Kenya,371510,267278,Type_7,7563.0,7828.0,2024-09-20,2024-09-27,7,Repeat Loan,1512.0,0.199920666402221,1565.0,0
3263,ID_310119371510251804,310119,Kenya,371510,251804,Type_7,7563.0,7828.0,2024-09-20,2024-09-27,7,Repeat Loan,1512.0,0.199920666402221,1565.0,0
3264,ID_310615371512267278,310615,Kenya,371512,267278,Type_7,5350.0,5538.0,2024-09-20,2024-09-27,7,Repeat Loan,1070.0,0.2,1108.0,0
3265,ID_310615371512251804,310615,Kenya,371512,251804,Type_7,5350.0,5538.0,2024-09-20,2024-09-27,7,Repeat Loan,1070.0,0.2,1108.0,0
3266,ID_288763371525251804,288763,Kenya,371525,251804,Type_7,17059.0,17657.0,2024-09-20,2024-09-27,7,Repeat Loan,3412.0,0.200011724016648,3532.0,0
3267,ID_288763371525267278,288763,Kenya,371525,267278,Type_7,17059.0,17657.0,2024-09-20,2024-09-27,7,Repeat Loan,3412.0,0.200011724016648,3532.0,0
3268,ID_199820371527267278,199820,Kenya,371527,267278,Type_7,5851.0,6056.0,2024-09-20,2024-09-27,7,Repeat Loan,1170.0,0.199965817808921,1211.0,0
3269,ID_199820371527251804,199820,Kenya,371527,251804,Type_7,5851.0,6056.0,2024-09-20,2024-09-27,7,Repeat Loan,1170.0,0.199965817808921,1211.0,0
3270,ID_308974371529267278,308974,Kenya,371529,267278,Type_7,9225.0,9548.0,2024-09-20,2024-09-27,7,Repeat Loan,1845.0,0.2,1910.0,0
3271,ID_308974371529251804,308974,Kenya,371529,251804,Type_7,9225.0,9548.0,2024-09-20,2024-09-27,7,Repeat Loan,1845.0,0.2,1910.0,0
3272,ID_308465371534251804,308465,Kenya,371534,251804,Type_7,10879.0,11260.0,2024-09-20,2024-09-27,7,Repeat Loan,2176.0,0.200018384042651,2252.0,0
3273,ID_308465371534267278,308465,Kenya,371534,267278,Type_7,10879.0,11260.0,2024-09-20,2024-09-27,7,Repeat Loan,2176.0,0.200018384042651,2252.0,0
3274,ID_250629371540251804,250629,Kenya,371540,251804,Type_7,4983.0,5281.0,2024-09-20,2024-09-27,7,Repeat Loan,996.0,0.199879590608067,1056.0,0
3275,ID_250629371540267278,250629,Kenya,371540,267278,Type_7,4983.0,5281.0,2024-09-20,2024-09-27,7,Repeat Loan,996.0,0.199879590608067,1056.0,0
3276,ID_310359371570267278,310359,Kenya,371570,267278,Type_7,5000.0,5176.0,2024-09-21,2024-09-28,7,Repeat Loan,1000.0,0.2,1035.0,0
3277,ID_310359371570251804,310359,Kenya,371570,251804,Type_7,5000.0,5176.0,2024-09-21,2024-09-28,7,Repeat Loan,1000.0,0.2,1035.0,0
3278,ID_309041371590251804,309041,Kenya,371590,251804,Type_7,9030.0,9347.0,2024-09-21,2024-09-28,7,Repeat Loan,1806.0,0.2,1869.0,0
3279,ID_309041371590267278,309041,Kenya,371590,267278,Type_7,9030.0,9347.0,2024-09-21,2024-09-28,7,Repeat Loan,1806.0,0.2,1869.0,0
3280,ID_308423371594267278,308423,Kenya,371594,267278,Type_7,7000.0,7246.0,2024-09-21,2024-09-28,7,Repeat Loan,1400.0,0.2,1449.0,0
3281,ID_308423371594251804,308423,Kenya,371594,251804,Type_7,7000.0,7246.0,2024-09-21,2024-09-28,7,Repeat Loan,1400.0,0.2,1449.0,0
3282,ID_311622371597267278,311622,Kenya,371597,267278,Type_7,4270.0,4420.0,2024-09-21,2024-09-28,7,Repeat Loan,854.0,0.2,884.0,0
3283,ID_311622371597251804,311622,Kenya,371597,251804,Type_7,4270.0,4420.0,2024-09-21,2024-09-28,7,Repeat Loan,854.0,0.2,884.0,0
3284,ID_310254371601267278,310254,Kenya,371601,267278,Type_7,5000.0,5176.0,2024-09-21,2024-09-28,7,Repeat Loan,1000.0,0.2,1035.0,0
3285,ID_310254371601251804,310254,Kenya,371601,251804,Type_7,5000.0,5176.0,2024-09-21,2024-09-28,7,Repeat Loan,1000.0,0.2,1035.0,0
3286,ID_308875371602251804,308875,Kenya,371602,251804,Type_7,19340.0,20017.0,2024-09-21,2024-09-28,7,Repeat Loan,3868.0,0.2,4003.0,0
3287,ID_308875371602267278,308875,Kenya,371602,267278,Type_7,19340.0,20017.0,2024-09-21,2024-09-28,7,Repeat Loan,3868.0,0.2,4003.0,0
3288,ID_311628371612251804,311628,Kenya,371612,251804,Type_7,4820.0,4989.0,2024-09-21,2024-09-28,7,Repeat Loan,964.0,0.2,998.0,0
3289,ID_311628371612267278,311628,Kenya,371612,267278,Type_7,4820.0,4989.0,2024-09-21,2024-09-28,7,Repeat Loan,964.0,0.2,998.0,0
3290,ID_311458371614251804,311458,Kenya,371614,251804,Type_7,2410.0,2495.0,2024-09-21,2024-09-28,7,Repeat Loan,482.0,0.2,499.0,0
3291,ID_311458371614267278,311458,Kenya,371614,267278,Type_7,2410.0,2495.0,2024-09-21,2024-09-28,7,Repeat Loan,482.0,0.2,499.0,0
3292,ID_309071371618251804,309071,Kenya,371618,251804,Type_7,5750.0,5952.0,2024-09-21,2024-09-28,7,Repeat Loan,1150.0,0.2,1190.0,0
3293,ID_309071371618267278,309071,Kenya,371618,267278,Type_7,5750.0,5952.0,2024-09-21,2024-09-28,7,Repeat Loan,1150.0,0.2,1190.0,0
3294,ID_311437371620251804,311437,Kenya,371620,251804,Type_7,3720.0,3851.0,2024-09-21,2024-09-28,7,Repeat Loan,744.0,0.2,770.0,0
3295,ID_311437371620267278,311437,Kenya,371620,267278,Type_7,3720.0,3851.0,2024-09-21,2024-09-28,7,Repeat Loan,744.0,0.2,770.0,0
3296,ID_288743371628251804,288743,Kenya,371628,251804,Type_7,6000.0,6211.0,2024-09-22,2024-09-29,7,Repeat Loan,1200.0,0.2,1242.0,0
3297,ID_288743371628267278,288743,Kenya,371628,267278,Type_7,6000.0,6211.0,2024-09-22,2024-09-29,7,Repeat Loan,1200.0,0.2,1242.0,0
3298,ID_308480371673251804,308480,Kenya,371673,251804,Type_7,7528.0,7792.0,2024-09-23,2024-09-30,7,Repeat Loan,1505.0,0.199920297555791,1558.0,0
3299,ID_308480371673267278,308480,Kenya,371673,267278,Type_7,7528.0,7792.0,2024-09-23,2024-09-30,7,Repeat Loan,1505.0,0.199920297555791,1558.0,0
3300,ID_309075371674267278,309075,Kenya,371674,267278,Type_7,8365.0,8658.0,2024-09-23,2024-09-30,7,Repeat Loan,1673.0,0.2,1732.0,0
3301,ID_309075371674251804,309075,Kenya,371674,251804,Type_7,8365.0,8658.0,2024-09-23,2024-09-30,7,Repeat Loan,1673.0,0.2,1732.0,0
3302,ID_309363371681251804,309363,Kenya,371681,251804,Type_7,11200.0,11593.0,2024-09-23,2024-09-30,7,Repeat Loan,2240.0,0.2,2319.0,0
3303,ID_309363371681267278,309363,Kenya,371681,267278,Type_7,11200.0,11593.0,2024-09-23,2024-09-30,7,Repeat Loan,2240.0,0.2,2319.0,0
3304,ID_309150371710267278,309150,Kenya,371710,267278,Type_7,1710.0,1786.0,2024-09-23,2024-09-30,7,Repeat Loan,342.0,0.2,357.0,0
3305,ID_309150371710251804,309150,Kenya,371710,251804,Type_7,1710.0,1786.0,2024-09-23,2024-09-30,7,Repeat Loan,342.0,0.2,357.0,0
3306,ID_97633371713267278,97633,Kenya,371713,267278,Type_7,100000.0,103501.0,2024-09-23,2024-09-30,7,Repeat Loan,20000.0,0.2,20700.0,0
3307,ID_97633371713251804,97633,Kenya,371713,251804,Type_7,100000.0,103501.0,2024-09-23,2024-09-30,7,Repeat Loan,20000.0,0.2,20700.0,0
3308,ID_308624371720251804,308624,Kenya,371720,251804,Type_7,11600.0,12007.0,2024-09-23,2024-09-30,7,Repeat Loan,2320.0,0.2,2401.0,0
3309,ID_308624371720267278,308624,Kenya,371720,267278,Type_7,11600.0,12007.0,2024-09-23,2024-09-30,7,Repeat Loan,2320.0,0.2,2401.0,0
3310,ID_288739371721251804,288739,Kenya,371721,251804,Type_7,15053.0,15580.0,2024-09-23,2024-09-30,7,Repeat Loan,3010.0,0.199960140835713,3115.0,0
3311,ID_288739371721267278,288739,Kenya,371721,267278,Type_7,15053.0,15580.0,2024-09-23,2024-09-30,7,Repeat Loan,3010.0,0.199960140835713,3115.0,0
3312,ID_310717371747267278,310717,Kenya,371747,267278,Type_7,4790.0,4958.0,2024-09-24,2024-10-01,7,Repeat Loan,958.0,0.2,992.0,0
3313,ID_310717371747251804,310717,Kenya,371747,251804,Type_7,4790.0,4958.0,2024-09-24,2024-10-01,7,Repeat Loan,958.0,0.2,992.0,0
3314,ID_249742371750267278,249742,Kenya,371750,267278,Type_7,21950.0,22719.0,2024-09-24,2024-10-01,7,Repeat Loan,4390.0,0.2,4544.0,0
3315,ID_249742371750251804,249742,Kenya,371750,251804,Type_7,21950.0,22719.0,2024-09-24,2024-10-01,7,Repeat Loan,4390.0,0.2,4544.0,0
3316,ID_248829371766267278,248829,Kenya,371766,267278,Type_7,19130.0,19800.0,2024-09-24,2024-10-01,7,Repeat Loan,3826.0,0.2,3960.0,0
3317,ID_248829371766251804,248829,Kenya,371766,251804,Type_7,19130.0,19800.0,2024-09-24,2024-10-01,7,Repeat Loan,3826.0,0.2,3960.0,0
3318,ID_311315371772267278,311315,Kenya,371772,267278,Type_7,1640.0,1698.0,2024-09-24,2024-10-01,7,Repeat Loan,328.0,0.2,340.0,0
3319,ID_311315371772251804,311315,Kenya,371772,251804,Type_7,1640.0,1698.0,2024-09-24,2024-10-01,7,Repeat Loan,328.0,0.2,340.0,0
3320,ID_310986371774267278,310986,Kenya,371774,267278,Type_7,4975.0,5150.0,2024-09-24,2024-10-01,7,Repeat Loan,995.0,0.2,1030.0,0
3321,ID_310986371774251804,310986,Kenya,371774,251804,Type_7,4975.0,5150.0,2024-09-24,2024-10-01,7,Repeat Loan,995.0,0.2,1030.0,0
3322,ID_308377371789267278,308377,Kenya,371789,267278,Type_7,4219.0,4367.0,2024-09-24,2024-10-01,7,Repeat Loan,844.0,0.200047404598246,874.0,0
3323,ID_308377371789251804,308377,Kenya,371789,251804,Type_7,4219.0,4367.0,2024-09-24,2024-10-01,7,Repeat Loan,844.0,0.200047404598246,874.0,0
3324,ID_310247371792267278,310247,Kenya,371792,267278,Type_7,4910.0,5082.0,2024-09-24,2024-10-01,7,Repeat Loan,982.0,0.2,1016.0,0
3325,ID_310247371792251804,310247,Kenya,371792,251804,Type_7,4910.0,5082.0,2024-09-24,2024-10-01,7,Repeat Loan,982.0,0.2,1016.0,0
3326,ID_311801371801267278,311801,Kenya,371801,267278,Type_7,4842.0,5012.0,2024-09-24,2024-10-01,7,Repeat Loan,968.0,0.199917389508467,1002.0,0
3327,ID_311801371801251804,311801,Kenya,371801,251804,Type_7,4842.0,5012.0,2024-09-24,2024-10-01,7,Repeat Loan,968.0,0.199917389508467,1002.0,0
3328,ID_309144371803267278,309144,Kenya,371803,267278,Type_7,8400.0,8771.0,2024-09-24,2024-10-01,7,Repeat Loan,1680.0,0.2,1754.0,0
3329,ID_309144371803251804,309144,Kenya,371803,251804,Type_7,8400.0,8771.0,2024-09-24,2024-10-01,7,Repeat Loan,1680.0,0.2,1754.0,0
3330,ID_309023371805267278,309023,Kenya,371805,267278,Type_7,6000.0,6211.0,2024-09-24,2024-10-01,7,Repeat Loan,1200.0,0.2,1242.0,0
3331,ID_309023371805251804,309023,Kenya,371805,251804,Type_7,6000.0,6211.0,2024-09-24,2024-10-01,7,Repeat Loan,1200.0,0.2,1242.0,0
3332,ID_244399371807251804,244399,Kenya,371807,251804,Type_7,12000.0,12421.0,2024-09-24,2024-10-01,7,Repeat Loan,2400.0,0.2,2484.0,0
3333,ID_244399371807267278,244399,Kenya,371807,267278,Type_7,12000.0,12421.0,2024-09-24,2024-10-01,7,Repeat Loan,2400.0,0.2,2484.0,0
3334,ID_311778371842267278,311778,Kenya,371842,267278,Type_7,5000.0,5176.0,2024-09-25,2024-10-02,7,Repeat Loan,1000.0,0.2,1035.0,0
3335,ID_311778371842251804,311778,Kenya,371842,251804,Type_7,5000.0,5176.0,2024-09-25,2024-10-02,7,New Loan,1000.0,0.2,1035.0,0
3336,ID_272784371845251804,272784,Kenya,371845,251804,Type_7,5000.0,5176.0,2024-09-25,2024-10-02,7,Repeat Loan,1000.0,0.2,1035.0,0
3337,ID_272784371845267278,272784,Kenya,371845,267278,Type_7,5000.0,5176.0,2024-09-25,2024-10-02,7,Repeat Loan,1000.0,0.2,1035.0,0
3338,ID_308977371847251804,308977,Kenya,371847,251804,Type_7,16900.0,17492.0,2024-09-25,2024-10-02,7,Repeat Loan,3380.0,0.2,3498.0,0
3339,ID_308977371847267278,308977,Kenya,371847,267278,Type_7,16900.0,17492.0,2024-09-25,2024-10-02,7,Repeat Loan,3380.0,0.2,3498.0,0
3340,ID_244475371850251804,244475,Kenya,371850,251804,Type_7,22250.0,23029.0,2024-09-25,2024-10-02,7,Repeat Loan,4450.0,0.2,4606.0,0
3341,ID_244475371850267278,244475,Kenya,371850,267278,Type_7,22250.0,23029.0,2024-09-25,2024-10-02,7,Repeat Loan,4450.0,0.2,4606.0,0
3342,ID_308409371853251804,308409,Kenya,371853,251804,Type_7,5613.0,5810.0,2024-09-25,2024-10-02,7,Repeat Loan,1122.0,0.199893105291288,1161.0,0
3343,ID_308409371853267278,308409,Kenya,371853,267278,Type_7,5613.0,5810.0,2024-09-25,2024-10-02,7,Repeat Loan,1122.0,0.199893105291288,1161.0,0
3344,ID_309167371872267278,309167,Kenya,371872,267278,Type_7,5000.0,5176.0,2024-09-25,2024-10-02,7,Repeat Loan,1000.0,0.2,1035.0,0
3345,ID_309167371872251804,309167,Kenya,371872,251804,Type_7,5000.0,5176.0,2024-09-25,2024-10-02,7,Repeat Loan,1000.0,0.2,1035.0,0
3346,ID_311780371874251804,311780,Kenya,371874,251804,Type_7,4927.0,5100.0,2024-09-25,2024-10-02,7,Repeat Loan,985.0,0.19991881469454,1020.0,0
3347,ID_311780371874267278,311780,Kenya,371874,267278,Type_7,4927.0,5100.0,2024-09-25,2024-10-02,7,New Loan,985.0,0.19991881469454,1020.0,0
3348,ID_311559371881267278,311559,Kenya,371881,267278,Type_7,4865.0,5036.0,2024-09-25,2024-10-02,7,Repeat Loan,973.0,0.2,1007.0,0
3349,ID_311559371881251804,311559,Kenya,371881,251804,Type_7,4865.0,5036.0,2024-09-25,2024-10-02,7,Repeat Loan,973.0,0.2,1007.0,0
3350,ID_267525371882251804,267525,Kenya,371882,251804,Type_7,20035.0,20737.0,2024-09-25,2024-10-02,7,Repeat Loan,4007.0,0.2,4147.0,0
3351,ID_267525371882267278,267525,Kenya,371882,267278,Type_7,20035.0,20737.0,2024-09-25,2024-10-02,7,Repeat Loan,4007.0,0.2,4147.0,0
3352,ID_248403371884251804,248403,Kenya,371884,251804,Type_7,7719.0,8012.0,2024-09-25,2024-10-02,7,Repeat Loan,1544.0,0.20002591009198,1603.0,0
3353,ID_248403371884267278,248403,Kenya,371884,267278,Type_7,7719.0,8012.0,2024-09-25,2024-10-02,7,Repeat Loan,1544.0,0.20002591009198,1603.0,0
3354,ID_311191371902267278,311191,Kenya,371902,267278,Type_7,3547.0,3672.0,2024-09-26,2024-10-03,7,Repeat Loan,709.0,0.199887228643924,734.0,0
3355,ID_311191371902251804,311191,Kenya,371902,251804,Type_7,3547.0,3672.0,2024-09-26,2024-10-03,7,Repeat Loan,709.0,0.199887228643924,734.0,0
3356,ID_308373371908251804,308373,Kenya,371908,251804,Type_7,27084.0,28032.0,2024-09-26,2024-10-03,7,Repeat Loan,5417.0,0.200007384433613,5607.0,0
3357,ID_308373371908267278,308373,Kenya,371908,267278,Type_7,27084.0,28032.0,2024-09-26,2024-10-03,7,Repeat Loan,5417.0,0.200007384433613,5607.0,0
3358,ID_308928371914251804,308928,Kenya,371914,251804,Type_7,12340.0,12772.0,2024-09-26,2024-10-03,7,Repeat Loan,2468.0,0.2,2554.0,0
3359,ID_308928371914267278,308928,Kenya,371914,267278,Type_7,12340.0,12772.0,2024-09-26,2024-10-03,7,Repeat Loan,2468.0,0.2,2554.0,0
3360,ID_266441371925251804,266441,Kenya,371925,251804,Type_7,7584.0,7850.0,2024-09-26,2024-10-03,7,Repeat Loan,1517.0,0.200026371308016,1570.0,0
3361,ID_266441371925267278,266441,Kenya,371925,267278,Type_7,7584.0,7850.0,2024-09-26,2024-10-03,7,Repeat Loan,1517.0,0.200026371308016,1570.0,0
3362,ID_311513371939251804,311513,Kenya,371939,251804,Type_7,1145.0,1186.0,2024-09-26,2024-10-03,7,Repeat Loan,229.0,0.2,237.0,0
3363,ID_311513371939267278,311513,Kenya,371939,267278,Type_7,1145.0,1186.0,2024-09-26,2024-10-03,7,Repeat Loan,229.0,0.2,237.0,0
3364,ID_308570371940251804,308570,Kenya,371940,251804,Type_7,10800.0,11179.0,2024-09-26,2024-10-03,7,Repeat Loan,2160.0,0.2,2236.0,0
3365,ID_308570371940267278,308570,Kenya,371940,267278,Type_7,10800.0,11179.0,2024-09-26,2024-10-03,7,Repeat Loan,2160.0,0.2,2236.0,0
3366,ID_308870371957267278,308870,Kenya,371957,267278,Type_7,12130.0,12555.0,2024-09-26,2024-10-03,7,Repeat Loan,2426.0,0.2,2511.0,0
3367,ID_308870371957251804,308870,Kenya,371957,251804,Type_7,12130.0,12555.0,2024-09-26,2024-10-03,7,Repeat Loan,2426.0,0.2,2511.0,0
3368,ID_309006371959251804,309006,Kenya,371959,251804,Type_7,3370.0,3563.0,2024-09-26,2024-10-03,7,Repeat Loan,674.0,0.2,713.0,0
3369,ID_309006371959267278,309006,Kenya,371959,267278,Type_7,3370.0,3563.0,2024-09-26,2024-10-03,7,Repeat Loan,674.0,0.2,713.0,0
3370,ID_310205371961251804,310205,Kenya,371961,251804,Type_7,6500.0,6728.0,2024-09-26,2024-10-03,7,Repeat Loan,1300.0,0.2,1346.0,0
3371,ID_310205371961267278,310205,Kenya,371961,267278,Type_7,6500.0,6728.0,2024-09-26,2024-10-03,7,Repeat Loan,1300.0,0.2,1346.0,0
3372,ID_311433371965251804,311433,Kenya,371965,251804,Type_7,4110.0,4254.0,2024-09-26,2024-10-03,7,Repeat Loan,822.0,0.2,851.0,0
3373,ID_311433371965267278,311433,Kenya,371965,267278,Type_7,4110.0,4254.0,2024-09-26,2024-10-03,7,New Loan,822.0,0.2,851.0,0
3374,ID_251535371993251804,251535,Kenya,371993,251804,Type_7,40140.0,41545.0,2024-09-27,2024-10-04,7,Repeat Loan,8028.0,0.2,8309.0,0
3375,ID_251535371993267278,251535,Kenya,371993,267278,Type_7,40140.0,41545.0,2024-09-27,2024-10-04,7,Repeat Loan,8028.0,0.2,8309.0,0
3376,ID_244340372008251804,244340,Kenya,372008,251804,Type_7,99916.0,103945.0,2024-09-27,2024-10-04,7,Repeat Loan,19983.0,0.199997998318587,20789.0,0
3377,ID_244340372008267278,244340,Kenya,372008,267278,Type_7,99916.0,103945.0,2024-09-27,2024-10-04,7,Repeat Loan,19983.0,0.199997998318587,20789.0,0
3378,ID_288763372015267278,288763,Kenya,372015,267278,Type_7,22810.0,23609.0,2024-09-27,2024-10-04,7,Repeat Loan,4562.0,0.2,4722.0,0
3379,ID_288763372015251804,288763,Kenya,372015,251804,Type_7,22810.0,23609.0,2024-09-27,2024-10-04,7,Repeat Loan,4562.0,0.2,4722.0,0
3380,ID_310238372017267278,310238,Kenya,372017,267278,Type_7,7897.0,8174.0,2024-09-27,2024-10-04,7,Repeat Loan,1579.0,0.199949347853615,1634.0,0
3381,ID_310238372017251804,310238,Kenya,372017,251804,Type_7,7897.0,8174.0,2024-09-27,2024-10-04,7,Repeat Loan,1579.0,0.199949347853615,1634.0,0
3382,ID_271343372021251804,271343,Kenya,372021,251804,Type_7,5000.0,5176.0,2024-09-27,2024-10-04,7,New Loan,1000.0,0.2,1035.0,0
3383,ID_271343372021267278,271343,Kenya,372021,267278,Type_7,5000.0,5176.0,2024-09-27,2024-10-04,7,Repeat Loan,1000.0,0.2,1035.0,0
3384,ID_308980372026267278,308980,Kenya,372026,267278,Type_7,7700.0,7970.0,2024-09-27,2024-10-04,7,Repeat Loan,1540.0,0.2,1594.0,0
3385,ID_308980372026251804,308980,Kenya,372026,251804,Type_7,7700.0,7970.0,2024-09-27,2024-10-04,7,Repeat Loan,1540.0,0.2,1594.0,0
3386,ID_308523372031251804,308523,Kenya,372031,251804,Type_7,5000.0,5176.0,2024-09-27,2024-10-04,7,Repeat Loan,1000.0,0.2,1035.0,0
3387,ID_308523372031267278,308523,Kenya,372031,267278,Type_7,5000.0,5176.0,2024-09-27,2024-10-04,7,Repeat Loan,1000.0,0.2,1035.0,0
3388,ID_308989372036267278,308989,Kenya,372036,267278,Type_7,37700.0,39020.0,2024-09-27,2024-10-04,7,Repeat Loan,7540.0,0.2,7804.0,0
3389,ID_308989372036251804,308989,Kenya,372036,251804,Type_7,37700.0,39020.0,2024-09-27,2024-10-04,7,Repeat Loan,7540.0,0.2,7804.0,0
3390,ID_311197372037251804,311197,Kenya,372037,251804,Type_7,5000.0,5176.0,2024-09-27,2024-10-04,7,New Loan,1000.0,0.2,1035.0,0
3391,ID_311197372037267278,311197,Kenya,372037,267278,Type_7,5000.0,5176.0,2024-09-27,2024-10-04,7,Repeat Loan,1000.0,0.2,1035.0,0
3392,ID_311474372049267278,311474,Kenya,372049,267278,Type_7,5000.0,5176.0,2024-09-27,2024-10-04,7,Repeat Loan,1000.0,0.2,1035.0,0
3393,ID_311474372049251804,311474,Kenya,372049,251804,Type_7,5000.0,5176.0,2024-09-27,2024-10-04,7,Repeat Loan,1000.0,0.2,1035.0,0
3394,ID_311581372053267278,311581,Kenya,372053,267278,Type_7,5000.0,5176.0,2024-09-27,2024-10-04,7,Repeat Loan,1000.0,0.2,1035.0,0
3395,ID_311581372053251804,311581,Kenya,372053,251804,Type_7,5000.0,5176.0,2024-09-27,2024-10-04,7,Repeat Loan,1000.0,0.2,1035.0,0
3396,ID_310487372063267278,310487,Kenya,372063,267278,Type_7,13500.0,13973.0,2024-09-28,2024-10-05,7,Repeat Loan,2700.0,0.2,2795.0,0
3397,ID_310487372063251804,310487,Kenya,372063,251804,Type_7,13500.0,13973.0,2024-09-28,2024-10-05,7,Repeat Loan,2700.0,0.2,2795.0,0
3398,ID_308511372065251804,308511,Kenya,372065,251804,Type_7,15400.0,15954.0,2024-09-28,2024-10-05,7,Repeat Loan,3080.0,0.2,3191.0,0
3399,ID_308511372065267278,308511,Kenya,372065,267278,Type_7,15400.0,15954.0,2024-09-28,2024-10-05,7,Repeat Loan,3080.0,0.2,3191.0,0
3400,ID_310020372066251804,310020,Kenya,372066,251804,Type_7,6000.0,6211.0,2024-09-28,2024-10-05,7,Repeat Loan,1200.0,0.2,1242.0,0
3401,ID_310020372066267278,310020,Kenya,372066,267278,Type_7,6000.0,6211.0,2024-09-28,2024-10-05,7,Repeat Loan,1200.0,0.2,1242.0,0
3402,ID_310955372082251804,310955,Kenya,372082,251804,Type_7,2424.0,2509.0,2024-09-28,2024-10-05,7,Repeat Loan,485.0,0.200082508250825,502.0,0
3403,ID_310955372082267278,310955,Kenya,372082,267278,Type_7,2424.0,2509.0,2024-09-28,2024-10-05,7,Repeat Loan,485.0,0.200082508250825,502.0,0
3404,ID_310232372083251804,310232,Kenya,372083,251804,Type_7,8600.0,8902.0,2024-09-28,2024-10-05,7,Repeat Loan,1720.0,0.2,1780.0,0
3405,ID_310232372083267278,310232,Kenya,372083,267278,Type_7,8600.0,8902.0,2024-09-28,2024-10-05,7,Repeat Loan,1720.0,0.2,1780.0,0
3406,ID_308643372117267278,308643,Kenya,372117,267278,Type_7,6000.0,6259.0,2024-09-29,2024-10-06,7,Repeat Loan,1200.0,0.2,1252.0,0
3407,ID_308643372117251804,308643,Kenya,372117,251804,Type_7,6000.0,6259.0,2024-09-29,2024-10-06,7,Repeat Loan,1200.0,0.2,1252.0,0
3408,ID_311009372122267278,311009,Kenya,372122,267278,Type_7,7200.0,7453.0,2024-09-29,2024-10-06,7,Repeat Loan,1440.0,0.2,1491.0,0
3409,ID_311009372122251804,311009,Kenya,372122,251804,Type_7,7200.0,7453.0,2024-09-29,2024-10-06,7,Repeat Loan,1440.0,0.2,1491.0,0
3410,ID_308886372127251804,308886,Kenya,372127,251804,Type_7,37700.0,39020.0,2024-09-30,2024-10-07,7,Repeat Loan,7540.0,0.2,7804.0,0
3411,ID_308886372127267278,308886,Kenya,372127,267278,Type_7,37700.0,39020.0,2024-09-30,2024-10-07,7,Repeat Loan,7540.0,0.2,7804.0,0
3412,ID_309901372131251804,309901,Kenya,372131,251804,Type_7,6187.0,6404.0,2024-09-30,2024-10-07,7,Repeat Loan,1237.0,0.199935348310974,1280.0,0
3413,ID_309901372131267278,309901,Kenya,372131,267278,Type_7,6187.0,6404.0,2024-09-30,2024-10-07,7,Repeat Loan,1237.0,0.199935348310974,1280.0,0
3414,ID_249297372151251804,249297,Kenya,372151,251804,Type_7,7200.0,7610.0,2024-09-30,2024-10-07,7,Repeat Loan,1440.0,0.2,1522.0,0
3415,ID_249297372151267278,249297,Kenya,372151,267278,Type_7,7200.0,7610.0,2024-09-30,2024-10-07,7,Repeat Loan,1440.0,0.2,1522.0,0
3416,ID_308377372154251804,308377,Kenya,372154,251804,Type_7,4420.0,4575.0,2024-09-30,2024-10-07,7,Repeat Loan,884.0,0.2,915.0,0
3417,ID_308377372154267278,308377,Kenya,372154,267278,Type_7,4420.0,4575.0,2024-09-30,2024-10-07,7,Repeat Loan,884.0,0.2,915.0,0
3418,ID_308579372168267278,308579,Kenya,372168,267278,Type_7,12250.0,13173.0,2024-09-30,2024-10-07,7,Repeat Loan,2450.0,0.2,2635.0,1
3419,ID_308579372168251804,308579,Kenya,372168,251804,Type_7,12250.0,13173.0,2024-09-30,2024-10-07,7,Repeat Loan,2450.0,0.2,2635.0,1
3420,ID_309148372174251804,309148,Kenya,372174,251804,Type_7,3995.0,4135.0,2024-09-30,2024-10-07,7,Repeat Loan,799.0,0.2,827.0,0
3421,ID_309148372174267278,309148,Kenya,372174,267278,Type_7,3995.0,4135.0,2024-09-30,2024-10-07,7,Repeat Loan,799.0,0.2,827.0,0
3422,ID_309092372177267278,309092,Kenya,372177,267278,Type_7,6124.0,6339.0,2024-09-30,2024-10-07,7,Repeat Loan,1225.0,0.200032658393207,1268.0,0
3423,ID_309092372177251804,309092,Kenya,372177,251804,Type_7,6124.0,6339.0,2024-09-30,2024-10-07,7,Repeat Loan,1225.0,0.200032658393207,1268.0,0
3424,ID_309075372196251804,309075,Kenya,372196,251804,Type_7,13000.0,13456.0,2024-09-30,2024-10-07,7,Repeat Loan,2600.0,0.2,2691.0,0
3425,ID_309075372196267278,309075,Kenya,372196,267278,Type_7,13000.0,13456.0,2024-09-30,2024-10-07,7,Repeat Loan,2600.0,0.2,2691.0,0
3426,ID_308875372209267278,308875,Kenya,372209,267278,Type_7,18837.0,19497.0,2024-09-30,2024-10-07,7,Repeat Loan,3767.0,0.199978765196156,3899.0,0
3427,ID_308875372209251804,308875,Kenya,372209,251804,Type_7,18837.0,19497.0,2024-09-30,2024-10-07,7,Repeat Loan,3767.0,0.199978765196156,3899.0,0
3428,ID_309038372210267278,309038,Kenya,372210,267278,Type_7,4628.0,4790.0,2024-09-30,2024-10-07,7,Repeat Loan,925.0,0.199870354364736,957.0,0
3429,ID_309038372210251804,309038,Kenya,372210,251804,Type_7,4628.0,4790.0,2024-09-30,2024-10-07,7,Repeat Loan,925.0,0.199870354364736,957.0,0
3430,ID_310219372215267278,310219,Kenya,372215,267278,Type_7,3375.0,3494.0,2024-09-30,2024-10-07,7,Repeat Loan,675.0,0.2,699.0,0
3431,ID_310219372215251804,310219,Kenya,372215,251804,Type_7,3375.0,3494.0,2024-09-30,2024-10-07,7,Repeat Loan,675.0,0.2,699.0,0
3432,ID_288743372217267278,288743,Kenya,372217,267278,Type_7,6730.0,6966.0,2024-09-30,2024-10-07,7,Repeat Loan,1346.0,0.2,1393.0,0
3433,ID_288743372217251804,288743,Kenya,372217,251804,Type_7,6730.0,6966.0,2024-09-30,2024-10-07,7,Repeat Loan,1346.0,0.2,1393.0,0
3434,ID_308368372219251804,308368,Kenya,372219,251804,Type_7,5000.0,5176.0,2024-09-30,2024-10-07,7,Repeat Loan,1000.0,0.2,1035.0,0
3435,ID_308368372219267278,308368,Kenya,372219,267278,Type_7,5000.0,5176.0,2024-09-30,2024-10-07,7,Repeat Loan,1000.0,0.2,1035.0,0
3436,ID_308408372221267278,308408,Kenya,372221,267278,Type_7,49200.0,53544.0,2024-09-30,2024-10-07,7,Repeat Loan,9840.0,0.2,10709.0,0
3437,ID_308408372221251804,308408,Kenya,372221,251804,Type_7,49200.0,53544.0,2024-09-30,2024-10-07,7,Repeat Loan,9840.0,0.2,10709.0,0
3438,ID_308473372230251804,308473,Kenya,372230,251804,Type_7,3813.0,3947.0,2024-10-01,2024-10-08,7,Repeat Loan,762.0,0.199842643587726,789.0,0
3439,ID_308473372230267278,308473,Kenya,372230,267278,Type_7,3813.0,3947.0,2024-10-01,2024-10-08,7,Repeat Loan,762.0,0.199842643587726,789.0,0
3440,ID_308426372233251804,308426,Kenya,372233,251804,Type_7,10849.0,11229.0,2024-10-01,2024-10-08,7,Repeat Loan,2170.0,0.20001843487879,2246.0,0
3441,ID_308426372233267278,308426,Kenya,372233,267278,Type_7,10849.0,11229.0,2024-10-01,2024-10-08,7,Repeat Loan,2170.0,0.20001843487879,2246.0,0
3442,ID_310615372235251804,310615,Kenya,372235,251804,Type_7,5200.0,5438.0,2024-10-01,2024-10-08,7,Repeat Loan,1040.0,0.2,1088.0,0
3443,ID_310615372235267278,310615,Kenya,372235,267278,Type_7,5200.0,5438.0,2024-10-01,2024-10-08,7,Repeat Loan,1040.0,0.2,1088.0,0
3444,ID_256508372236251804,256508,Kenya,372236,251804,Type_7,11603.0,12010.0,2024-10-01,2024-10-08,7,Repeat Loan,2320.0,0.199948289235542,2401.0,0
3445,ID_256508372236267278,256508,Kenya,372236,267278,Type_7,11603.0,12010.0,2024-10-01,2024-10-08,7,Repeat Loan,2320.0,0.199948289235542,2401.0,0
3446,ID_240065372243251804,240065,Kenya,372243,251804,Type_7,13487.0,14086.0,2024-10-01,2024-10-08,7,Repeat Loan,2697.0,0.199970341810632,2817.0,0
3447,ID_240065372243267278,240065,Kenya,372243,267278,Type_7,13487.0,14086.0,2024-10-01,2024-10-08,7,Repeat Loan,2697.0,0.199970341810632,2817.0,0
3448,ID_311801372268251804,311801,Kenya,372268,251804,Type_7,4710.0,4875.0,2024-10-01,2024-10-08,7,Repeat Loan,942.0,0.2,975.0,0
3449,ID_311801372268267278,311801,Kenya,372268,267278,Type_7,4710.0,4875.0,2024-10-01,2024-10-08,7,Repeat Loan,942.0,0.2,975.0,0
3450,ID_308928372276267278,308928,Kenya,372276,267278,Type_7,15980.0,16540.0,2024-10-01,2024-10-08,7,Repeat Loan,3196.0,0.2,3308.0,0
3451,ID_308928372276251804,308928,Kenya,372276,251804,Type_7,15980.0,16540.0,2024-10-01,2024-10-08,7,Repeat Loan,3196.0,0.2,3308.0,0
3452,ID_309670372284251804,309670,Kenya,372284,251804,Type_7,5000.0,5176.0,2024-10-01,2024-10-08,7,Repeat Loan,1000.0,0.2,1035.0,0
3453,ID_309670372284267278,309670,Kenya,372284,267278,Type_7,5000.0,5176.0,2024-10-01,2024-10-08,7,Repeat Loan,1000.0,0.2,1035.0,0
3454,ID_308545372294267278,308545,Kenya,372294,267278,Type_7,3440.0,3561.0,2024-10-01,2024-10-08,7,Repeat Loan,688.0,0.2,712.0,0
3455,ID_308545372294251804,308545,Kenya,372294,251804,Type_7,3440.0,3561.0,2024-10-01,2024-10-08,7,Repeat Loan,688.0,0.2,712.0,0
3456,ID_309644372303251804,309644,Kenya,372303,251804,Type_7,8973.0,9288.0,2024-10-01,2024-10-08,7,Repeat Loan,1794.0,0.199933132731527,1857.0,0
3457,ID_309644372303267278,309644,Kenya,372303,267278,Type_7,8973.0,9288.0,2024-10-01,2024-10-08,7,Repeat Loan,1794.0,0.199933132731527,1857.0,0
3458,ID_309812372305251804,309812,Kenya,372305,251804,Type_7,12310.0,12856.0,2024-10-01,2024-10-08,7,Repeat Loan,2462.0,0.2,2571.0,0
3459,ID_309812372305267278,309812,Kenya,372305,267278,Type_7,12310.0,12856.0,2024-10-01,2024-10-08,7,Repeat Loan,2462.0,0.2,2571.0,0
3460,ID_249742372311267278,249742,Kenya,372311,267278,Type_7,31210.0,33885.0,2024-10-02,2024-10-09,7,Repeat Loan,6242.0,0.2,6777.0,1
3461,ID_249742372311251804,249742,Kenya,372311,251804,Type_7,31210.0,33885.0,2024-10-02,2024-10-09,7,Repeat Loan,6242.0,0.2,6777.0,1
3462,ID_308525372320251804,308525,Kenya,372320,251804,Type_7,3110.0,3219.0,2024-10-02,2024-10-09,7,Repeat Loan,622.0,0.2,644.0,0
3463,ID_308525372320267278,308525,Kenya,372320,267278,Type_7,3110.0,3219.0,2024-10-02,2024-10-09,7,Repeat Loan,622.0,0.2,644.0,0
3464,ID_308465372336267278,308465,Kenya,372336,267278,Type_7,10590.0,11273.0,2024-10-02,2024-10-09,7,Repeat Loan,2118.0,0.2,2255.0,0
3465,ID_308465372336251804,308465,Kenya,372336,251804,Type_7,10590.0,11273.0,2024-10-02,2024-10-09,7,Repeat Loan,2118.0,0.2,2255.0,0
3466,ID_309088372337251804,309088,Kenya,372337,251804,Type_7,4413.0,4568.0,2024-10-02,2024-10-09,7,Repeat Loan,882.0,0.19986403806934,913.0,0
3467,ID_309088372337267278,309088,Kenya,372337,267278,Type_7,4413.0,4568.0,2024-10-02,2024-10-09,7,Repeat Loan,882.0,0.19986403806934,913.0,0
3468,ID_249194372339267278,249194,Kenya,372339,267278,Type_7,9504.0,9837.0,2024-10-02,2024-10-09,7,Repeat Loan,1901.0,0.200021043771043,1968.0,0
3469,ID_249194372339251804,249194,Kenya,372339,251804,Type_7,9504.0,9837.0,2024-10-02,2024-10-09,7,Repeat Loan,1901.0,0.200021043771043,1968.0,0
3470,ID_250156372354251804,250156,Kenya,372354,251804,Type_7,4330.0,4482.0,2024-10-02,2024-10-09,7,Repeat Loan,866.0,0.2,896.0,0
3471,ID_250156372354267278,250156,Kenya,372354,267278,Type_7,4330.0,4482.0,2024-10-02,2024-10-09,7,Repeat Loan,866.0,0.2,896.0,0
3472,ID_308410372363251804,308410,Kenya,372363,251804,Type_7,6130.0,6345.0,2024-10-02,2024-10-09,7,Repeat Loan,1226.0,0.2,1269.0,0
3473,ID_308410372363267278,308410,Kenya,372363,267278,Type_7,6130.0,6345.0,2024-10-02,2024-10-09,7,Repeat Loan,1226.0,0.2,1269.0,0
3474,ID_308909372367251804,308909,Kenya,372367,251804,Type_7,4450.0,4606.0,2024-10-02,2024-10-09,7,Repeat Loan,890.0,0.2,921.0,0
3475,ID_308909372367267278,308909,Kenya,372367,267278,Type_7,4450.0,4606.0,2024-10-02,2024-10-09,7,Repeat Loan,890.0,0.2,921.0,0
3476,ID_308688372370251804,308688,Kenya,372370,251804,Type_7,5000.0,5176.0,2024-10-02,2024-10-09,7,Repeat Loan,1000.0,0.2,1035.0,0
3477,ID_308688372370267278,308688,Kenya,372370,267278,Type_7,5000.0,5176.0,2024-10-02,2024-10-09,7,New Loan,1000.0,0.2,1035.0,0
3478,ID_311847372372267278,311847,Kenya,372372,267278,Type_7,4960.0,5134.0,2024-10-02,2024-10-09,7,Repeat Loan,992.0,0.2,1027.0,0
3479,ID_311847372372251804,311847,Kenya,372372,251804,Type_7,4960.0,5134.0,2024-10-02,2024-10-09,7,Repeat Loan,992.0,0.2,1027.0,0
3480,ID_308551372374267278,308551,Kenya,372374,267278,Type_7,7800.0,8254.0,2024-10-02,2024-10-09,7,Repeat Loan,1560.0,0.2,1651.0,0
3481,ID_308551372374251804,308551,Kenya,372374,251804,Type_7,7800.0,8254.0,2024-10-02,2024-10-09,7,Repeat Loan,1560.0,0.2,1651.0,0
3482,ID_308870372381267278,308870,Kenya,372381,267278,Type_7,13110.0,13969.0,2024-10-03,2024-10-10,7,Repeat Loan,2622.0,0.2,2794.0,1
3483,ID_308870372381251804,308870,Kenya,372381,251804,Type_7,13110.0,13969.0,2024-10-03,2024-10-10,7,Repeat Loan,2622.0,0.2,2794.0,1
3484,ID_308629372383251804,308629,Kenya,372383,251804,Type_7,11800.0,12310.0,2024-10-03,2024-10-10,7,Repeat Loan,2360.0,0.2,2462.0,0
3485,ID_308629372383267278,308629,Kenya,372383,267278,Type_7,11800.0,12310.0,2024-10-03,2024-10-10,7,Repeat Loan,2360.0,0.2,2462.0,0
3486,ID_248829372398267278,248829,Kenya,372398,267278,Type_7,21355.0,22103.0,2024-10-03,2024-10-10,7,Repeat Loan,4271.0,0.2,4421.0,0
3487,ID_248829372398251804,248829,Kenya,372398,251804,Type_7,21355.0,22103.0,2024-10-03,2024-10-10,7,Repeat Loan,4271.0,0.2,4421.0,0
3488,ID_308480372407251804,308480,Kenya,372407,251804,Type_7,8140.0,8425.0,2024-10-03,2024-10-10,7,Repeat Loan,1628.0,0.2,1685.0,0
3489,ID_308480372407267278,308480,Kenya,372407,267278,Type_7,8140.0,8425.0,2024-10-03,2024-10-10,7,Repeat Loan,1628.0,0.2,1685.0,0
3490,ID_308492372409267278,308492,Kenya,372409,267278,Type_7,5901.0,6108.0,2024-10-03,2024-10-10,7,Repeat Loan,1180.0,0.199966107439417,1221.0,0
3491,ID_308492372409251804,308492,Kenya,372409,251804,Type_7,5901.0,6108.0,2024-10-03,2024-10-10,7,Repeat Loan,1180.0,0.199966107439417,1221.0,0
3492,ID_248818372418251804,248818,Kenya,372418,251804,Type_7,56445.0,58846.0,2024-10-03,2024-10-10,7,Repeat Loan,11289.0,0.2,11769.0,0
3493,ID_248818372418267278,248818,Kenya,372418,267278,Type_7,56445.0,58846.0,2024-10-03,2024-10-10,7,Repeat Loan,11289.0,0.2,11769.0,0
3494,ID_311479372419267278,311479,Kenya,372419,267278,Type_7,4957.0,5131.0,2024-10-03,2024-10-10,7,Repeat Loan,991.0,0.199919306031874,1026.0,0
3495,ID_311479372419251804,311479,Kenya,372419,251804,Type_7,4957.0,5131.0,2024-10-03,2024-10-10,7,Repeat Loan,991.0,0.199919306031874,1026.0,0
3496,ID_311529372432251804,311529,Kenya,372432,251804,Type_7,6000.0,6211.0,2024-10-03,2024-10-10,7,Repeat Loan,1200.0,0.2,1242.0,0
3497,ID_311529372432267278,311529,Kenya,372432,267278,Type_7,6000.0,6211.0,2024-10-03,2024-10-10,7,Repeat Loan,1200.0,0.2,1242.0,0
3498,ID_308373372438267278,308373,Kenya,372438,267278,Type_7,44000.0,45541.0,2024-10-03,2024-10-10,7,Repeat Loan,8800.0,0.2,9108.0,0
3499,ID_308373372438251804,308373,Kenya,372438,251804,Type_7,44000.0,45541.0,2024-10-03,2024-10-10,7,Repeat Loan,8800.0,0.2,9108.0,0
3500,ID_311492372453267278,311492,Kenya,372453,267278,Type_7,4225.0,4373.0,2024-10-03,2024-10-10,7,Repeat Loan,845.0,0.2,875.0,0
3501,ID_311492372453251804,311492,Kenya,372453,251804,Type_7,4225.0,4373.0,2024-10-03,2024-10-10,7,Repeat Loan,845.0,0.2,875.0,0
3502,ID_311970372457267278,311970,Kenya,372457,267278,Type_7,5000.0,5258.0,2024-10-03,2024-10-10,7,New Loan,1000.0,0.2,1052.0,0
3503,ID_311970372457251804,311970,Kenya,372457,251804,Type_7,5000.0,5258.0,2024-10-03,2024-10-10,7,Repeat Loan,1000.0,0.2,1052.0,0
3504,ID_308412372459251804,308412,Kenya,372459,251804,Type_7,4940.0,5150.0,2024-10-03,2024-10-10,7,Repeat Loan,988.0,0.2,1030.0,0
3505,ID_308412372459267278,308412,Kenya,372459,267278,Type_7,4940.0,5150.0,2024-10-03,2024-10-10,7,Repeat Loan,988.0,0.2,1030.0,0
3506,ID_311628372462267278,311628,Kenya,372462,267278,Type_7,4990.0,5241.0,2024-10-03,2024-10-10,7,Repeat Loan,998.0,0.2,1048.0,1
3507,ID_311628372462251804,311628,Kenya,372462,251804,Type_7,4990.0,5241.0,2024-10-03,2024-10-10,7,Repeat Loan,998.0,0.2,1048.0,1
3508,ID_308543372463251804,308543,Kenya,372463,251804,Type_7,24285.0,25135.0,2024-10-03,2024-10-10,7,Repeat Loan,4857.0,0.2,5027.0,0
3509,ID_308543372463267278,308543,Kenya,372463,267278,Type_7,24285.0,25135.0,2024-10-03,2024-10-10,7,Repeat Loan,4857.0,0.2,5027.0,0
3510,ID_311559372464267278,311559,Kenya,372464,267278,Type_7,4820.0,4989.0,2024-10-03,2024-10-10,7,Repeat Loan,964.0,0.2,998.0,0
3511,ID_311559372464251804,311559,Kenya,372464,251804,Type_7,4820.0,4989.0,2024-10-03,2024-10-10,7,Repeat Loan,964.0,0.2,998.0,0
3512,ID_292586372465267278,292586,Kenya,372465,267278,Type_7,87980.0,91633.0,2024-10-03,2024-10-10,7,Repeat Loan,17596.0,0.2,18327.0,0
3513,ID_292586372465251804,292586,Kenya,372465,251804,Type_7,87980.0,91633.0,2024-10-03,2024-10-10,7,Repeat Loan,17596.0,0.2,18327.0,0
3514,ID_308989372466267278,308989,Kenya,372466,267278,Type_7,49000.0,50716.0,2024-10-04,2024-10-11,7,Repeat Loan,9800.0,0.2,10143.0,0
3515,ID_308989372466251804,308989,Kenya,372466,251804,Type_7,49000.0,50716.0,2024-10-04,2024-10-11,7,Repeat Loan,9800.0,0.2,10143.0,0
3516,ID_310221372478267278,310221,Kenya,372478,267278,Type_7,5000.0,5176.0,2024-10-04,2024-10-11,7,Repeat Loan,1000.0,0.2,1035.0,0
3517,ID_310221372478251804,310221,Kenya,372478,251804,Type_7,5000.0,5176.0,2024-10-04,2024-10-11,7,Repeat Loan,1000.0,0.2,1035.0,0
3518,ID_311597372485267278,311597,Kenya,372485,267278,Type_7,5620.0,6097.0,2024-10-04,2024-10-11,7,Repeat Loan,1124.0,0.2,1219.0,1
3519,ID_311597372485251804,311597,Kenya,372485,251804,Type_7,5620.0,6097.0,2024-10-04,2024-10-11,7,Repeat Loan,1124.0,0.2,1219.0,1
3520,ID_308368372488267278,308368,Kenya,372488,267278,Type_7,5000.0,5176.0,2024-10-04,2024-10-11,7,Repeat Loan,1000.0,0.2,1035.0,0
3521,ID_308368372488251804,308368,Kenya,372488,251804,Type_7,5000.0,5176.0,2024-10-04,2024-10-11,7,Repeat Loan,1000.0,0.2,1035.0,0
3522,ID_311983372497251804,311983,Kenya,372497,251804,Type_7,4480.0,4665.0,2024-10-04,2024-10-11,7,New Loan,896.0,0.2,933.0,0
3523,ID_311983372497267278,311983,Kenya,372497,267278,Type_7,4480.0,4665.0,2024-10-04,2024-10-11,7,Repeat Loan,896.0,0.2,933.0,0
3524,ID_311972372504267278,311972,Kenya,372504,267278,Type_7,4550.0,4710.0,2024-10-04,2024-10-11,7,Repeat Loan,910.0,0.2,942.0,0
3525,ID_311972372504251804,311972,Kenya,372504,251804,Type_7,4550.0,4710.0,2024-10-04,2024-10-11,7,New Loan,910.0,0.2,942.0,0
3526,ID_310487372511251804,310487,Kenya,372511,251804,Type_7,17600.0,18217.0,2024-10-04,2024-10-11,7,Repeat Loan,3520.0,0.2,3643.0,0
3527,ID_310487372511267278,310487,Kenya,372511,267278,Type_7,17600.0,18217.0,2024-10-04,2024-10-11,7,Repeat Loan,3520.0,0.2,3643.0,0
3528,ID_311315372512267278,311315,Kenya,372512,267278,Type_7,5000.0,5442.0,2024-10-04,2024-10-11,7,Repeat Loan,1000.0,0.2,1088.0,1
3529,ID_311315372512251804,311315,Kenya,372512,251804,Type_7,5000.0,5442.0,2024-10-04,2024-10-11,7,Repeat Loan,1000.0,0.2,1088.0,1
3530,ID_310153372522251804,310153,Kenya,372522,251804,Type_7,4978.0,5153.0,2024-10-04,2024-10-11,7,Repeat Loan,995.0,0.199879469666532,1030.0,0
3531,ID_310153372522267278,310153,Kenya,372522,267278,Type_7,4978.0,5153.0,2024-10-04,2024-10-11,7,New Loan,995.0,0.199879469666532,1030.0,0
3532,ID_312000372523251804,312000,Kenya,372523,251804,Type_7,5000.0,5176.0,2024-10-04,2024-10-11,7,Repeat Loan,1000.0,0.2,1035.0,0
3533,ID_312000372523267278,312000,Kenya,372523,267278,Type_7,5000.0,5176.0,2024-10-04,2024-10-11,7,Repeat Loan,1000.0,0.2,1035.0,0
3534,ID_308884372525267278,308884,Kenya,372525,267278,Type_7,6500.0,6728.0,2024-10-04,2024-10-11,7,Repeat Loan,1300.0,0.2,1346.0,0
3535,ID_308884372525251804,308884,Kenya,372525,251804,Type_7,6500.0,6728.0,2024-10-04,2024-10-11,7,Repeat Loan,1300.0,0.2,1346.0,0
3536,ID_308907372526267278,308907,Kenya,372526,267278,Type_7,16306.0,16877.0,2024-10-04,2024-10-11,7,Repeat Loan,3261.0,0.199987734576229,3375.0,0
3537,ID_308907372526251804,308907,Kenya,372526,251804,Type_7,16306.0,16877.0,2024-10-04,2024-10-11,7,Repeat Loan,3261.0,0.199987734576229,3375.0,0
3538,ID_310340372532267278,310340,Kenya,372532,267278,Type_7,2995.0,3100.0,2024-10-04,2024-10-11,7,Repeat Loan,599.0,0.2,620.0,0
3539,ID_310340372532251804,310340,Kenya,372532,251804,Type_7,2995.0,3100.0,2024-10-04,2024-10-11,7,Repeat Loan,599.0,0.2,620.0,0
3540,ID_272784372544251804,272784,Kenya,372544,251804,Type_7,6500.0,6938.0,2024-10-04,2024-10-11,7,Repeat Loan,1300.0,0.2,1388.0,1
3541,ID_272784372544267278,272784,Kenya,372544,267278,Type_7,6500.0,6938.0,2024-10-04,2024-10-11,7,Repeat Loan,1300.0,0.2,1388.0,1
3542,ID_267525372545267278,267525,Kenya,372545,267278,Type_7,21280.0,22025.0,2024-10-04,2024-10-11,7,Repeat Loan,4256.0,0.2,4405.0,0
3543,ID_267525372545251804,267525,Kenya,372545,251804,Type_7,21280.0,22025.0,2024-10-04,2024-10-11,7,Repeat Loan,4256.0,0.2,4405.0,0
3544,ID_311780372547251804,311780,Kenya,372547,251804,Type_7,5733.0,5934.0,2024-10-04,2024-10-11,7,Repeat Loan,1146.0,0.199895342752485,1186.0,0
3545,ID_311780372547267278,311780,Kenya,372547,267278,Type_7,5733.0,5934.0,2024-10-04,2024-10-11,7,Repeat Loan,1146.0,0.199895342752485,1186.0,0
3546,ID_311191372561251804,311191,Kenya,372561,251804,Type_7,5000.0,5176.0,2024-10-05,2024-10-12,7,Repeat Loan,1000.0,0.2,1035.0,0
3547,ID_311191372561267278,311191,Kenya,372561,267278,Type_7,5000.0,5176.0,2024-10-05,2024-10-12,7,Repeat Loan,1000.0,0.2,1035.0,0
3548,ID_310964372581267278,310964,Kenya,372581,267278,Type_7,6500.0,6728.0,2024-10-05,2024-10-12,7,Repeat Loan,1300.0,0.2,1346.0,0
3549,ID_310964372581251804,310964,Kenya,372581,251804,Type_7,6500.0,6728.0,2024-10-05,2024-10-12,7,Repeat Loan,1300.0,0.2,1346.0,0
3550,ID_251535372584267278,251535,Kenya,372584,267278,Type_7,42840.0,44340.0,2024-10-05,2024-10-12,7,Repeat Loan,8568.0,0.2,8868.0,0
3551,ID_251535372584251804,251535,Kenya,372584,251804,Type_7,42840.0,44340.0,2024-10-05,2024-10-12,7,Repeat Loan,8568.0,0.2,8868.0,0
3552,ID_310119372586267278,310119,Kenya,372586,267278,Type_7,3572.0,3698.0,2024-10-05,2024-10-12,7,Repeat Loan,714.0,0.199888017917133,739.0,0
3553,ID_310119372586251804,310119,Kenya,372586,251804,Type_7,3572.0,3698.0,2024-10-05,2024-10-12,7,Repeat Loan,714.0,0.199888017917133,739.0,0
3554,ID_308523372592267278,308523,Kenya,372592,267278,Type_7,6000.0,6211.0,2024-10-05,2024-10-12,7,Repeat Loan,1200.0,0.2,1242.0,0
3555,ID_308523372592251804,308523,Kenya,372592,251804,Type_7,6000.0,6211.0,2024-10-05,2024-10-12,7,Repeat Loan,1200.0,0.2,1242.0,0
3556,ID_311473372596251804,311473,Kenya,372596,251804,Type_7,6000.0,6211.0,2024-10-05,2024-10-12,7,Repeat Loan,1200.0,0.2,1242.0,0
3557,ID_311473372596267278,311473,Kenya,372596,267278,Type_7,6000.0,6211.0,2024-10-05,2024-10-12,7,Repeat Loan,1200.0,0.2,1242.0,0
3558,ID_310238372600251804,310238,Kenya,372600,251804,Type_7,6505.0,6733.0,2024-10-05,2024-10-12,7,Repeat Loan,1301.0,0.2,1347.0,0
3559,ID_310238372600267278,310238,Kenya,372600,267278,Type_7,6505.0,6733.0,2024-10-05,2024-10-12,7,Repeat Loan,1301.0,0.2,1347.0,0
3560,ID_8256372608251804,8256,Kenya,372608,251804,Type_7,6880.0,7121.0,2024-10-05,2024-10-12,7,Repeat Loan,1376.0,0.2,1424.0,0
3561,ID_8256372608267278,8256,Kenya,372608,267278,Type_7,6880.0,7121.0,2024-10-05,2024-10-12,7,Repeat Loan,1376.0,0.2,1424.0,0
3562,ID_311842372610267278,311842,Kenya,372610,267278,Type_7,5000.0,5442.0,2024-10-05,2024-10-12,7,Repeat Loan,1000.0,0.2,1088.0,1
3563,ID_311842372610251804,311842,Kenya,372610,251804,Type_7,5000.0,5442.0,2024-10-05,2024-10-12,7,Repeat Loan,1000.0,0.2,1088.0,1
3564,ID_311458372612251804,311458,Kenya,372612,251804,Type_7,2359.0,2442.0,2024-10-05,2024-10-12,7,Repeat Loan,472.0,0.200084781687155,489.0,0
3565,ID_311458372612267278,311458,Kenya,372612,267278,Type_7,2359.0,2442.0,2024-10-05,2024-10-12,7,Repeat Loan,472.0,0.200084781687155,489.0,0
3566,ID_311844372614251804,311844,Kenya,372614,251804,Type_7,4490.0,4882.0,2024-10-05,2024-10-12,7,Repeat Loan,898.0,0.2,976.0,1
3567,ID_311844372614267278,311844,Kenya,372614,267278,Type_7,4490.0,4882.0,2024-10-05,2024-10-12,7,Repeat Loan,898.0,0.2,976.0,1
3568,ID_308590372648251804,308590,Kenya,372648,251804,Type_7,10400.0,10765.0,2024-10-07,2024-10-14,7,Repeat Loan,2080.0,0.2,2153.0,0
3569,ID_308590372648267278,308590,Kenya,372648,267278,Type_7,10400.0,10765.0,2024-10-07,2024-10-14,7,Repeat Loan,2080.0,0.2,2153.0,0
3570,ID_309075372650251804,309075,Kenya,372650,251804,Type_7,16900.0,17492.0,2024-10-07,2024-10-14,7,Repeat Loan,3380.0,0.2,3498.0,0
3571,ID_309075372650267278,309075,Kenya,372650,267278,Type_7,16900.0,17492.0,2024-10-07,2024-10-14,7,Repeat Loan,3380.0,0.2,3498.0,0
3572,ID_311979372668267278,311979,Kenya,372668,267278,Type_7,1570.0,1625.0,2024-10-07,2024-10-14,7,Repeat Loan,314.0,0.2,325.0,0
3573,ID_311979372668251804,311979,Kenya,372668,251804,Type_7,1570.0,1625.0,2024-10-07,2024-10-14,7,Repeat Loan,314.0,0.2,325.0,0
3574,ID_308977372669267278,308977,Kenya,372669,267278,Type_7,8093.0,8377.0,2024-10-07,2024-10-14,7,Repeat Loan,1618.0,0.199925861855924,1675.0,1
3575,ID_308977372669251804,308977,Kenya,372669,251804,Type_7,8093.0,8377.0,2024-10-07,2024-10-14,7,Repeat Loan,1618.0,0.199925861855924,1675.0,1
3576,ID_308980372671267278,308980,Kenya,372671,267278,Type_7,8500.0,8851.0,2024-10-07,2024-10-14,7,Repeat Loan,1700.0,0.2,1770.0,0
3577,ID_308980372671251804,308980,Kenya,372671,251804,Type_7,8500.0,8851.0,2024-10-07,2024-10-14,7,Repeat Loan,1700.0,0.2,1770.0,0
3578,ID_311433372673267278,311433,Kenya,372673,267278,Type_7,4905.0,5077.0,2024-10-07,2024-10-14,7,Repeat Loan,981.0,0.2,1015.0,0
3579,ID_311433372673251804,311433,Kenya,372673,251804,Type_7,4905.0,5077.0,2024-10-07,2024-10-14,7,Repeat Loan,981.0,0.2,1015.0,0
3580,ID_199820372679267278,199820,Kenya,372679,267278,Type_7,8300.0,8591.0,2024-10-07,2024-10-14,7,Repeat Loan,1660.0,0.2,1718.0,0
3581,ID_199820372679251804,199820,Kenya,372679,251804,Type_7,8300.0,8591.0,2024-10-07,2024-10-14,7,Repeat Loan,1660.0,0.2,1718.0,0
3582,ID_310717372692251804,310717,Kenya,372692,251804,Type_7,4729.0,4895.0,2024-10-07,2024-10-14,7,Repeat Loan,946.0,0.200042292239374,979.0,0
3583,ID_310717372692267278,310717,Kenya,372692,267278,Type_7,4729.0,4895.0,2024-10-07,2024-10-14,7,Repeat Loan,946.0,0.200042292239374,979.0,0
3584,ID_311663372703267278,311663,Kenya,372703,267278,Type_7,5214.0,5397.0,2024-10-07,2024-10-14,7,Repeat Loan,1043.0,0.200038358266206,1080.0,0
3585,ID_311663372703251804,311663,Kenya,372703,251804,Type_7,5214.0,5397.0,2024-10-07,2024-10-14,7,Repeat Loan,1043.0,0.200038358266206,1080.0,0
3586,ID_311569372714267278,311569,Kenya,372714,267278,Type_7,4899.0,5201.0,2024-10-07,2024-10-14,7,Repeat Loan,980.0,0.200040824658093,1040.0,1
3587,ID_311569372714251804,311569,Kenya,372714,251804,Type_7,4899.0,5201.0,2024-10-07,2024-10-14,7,Repeat Loan,980.0,0.200040824658093,1040.0,1
3588,ID_308681372732267278,308681,Kenya,372732,267278,Type_7,3740.0,4078.0,2024-10-07,2024-10-14,7,Repeat Loan,748.0,0.2,816.0,1
3589,ID_308681372732251804,308681,Kenya,372732,251804,Type_7,3740.0,4078.0,2024-10-07,2024-10-14,7,Repeat Loan,748.0,0.2,816.0,1
3590,ID_310302372734251804,310302,Kenya,372734,251804,Type_7,3549.0,3674.0,2024-10-07,2024-10-14,7,Repeat Loan,710.0,0.200056353902507,735.0,0
3591,ID_310302372734267278,310302,Kenya,372734,267278,Type_7,3549.0,3674.0,2024-10-07,2024-10-14,7,Repeat Loan,710.0,0.200056353902507,735.0,0
3592,ID_308409372735251804,308409,Kenya,372735,251804,Type_7,6095.0,6309.0,2024-10-08,2024-10-15,7,Repeat Loan,1219.0,0.2,1262.0,0
3593,ID_308409372735267278,308409,Kenya,372735,267278,Type_7,6095.0,6309.0,2024-10-08,2024-10-15,7,Repeat Loan,1219.0,0.2,1262.0,0
3594,ID_310150372736267278,310150,Kenya,372736,267278,Type_7,5000.0,5176.0,2024-10-08,2024-10-15,7,Repeat Loan,1000.0,0.2,1035.0,0
3595,ID_310150372736251804,310150,Kenya,372736,251804,Type_7,5000.0,5176.0,2024-10-08,2024-10-15,7,Repeat Loan,1000.0,0.2,1035.0,0
3596,ID_250569372747267278,250569,Kenya,372747,267278,Type_7,6000.0,6211.0,2024-10-08,2024-10-15,7,Repeat Loan,1200.0,0.2,1242.0,0
3597,ID_250569372747251804,250569,Kenya,372747,251804,Type_7,6000.0,6211.0,2024-10-08,2024-10-15,7,Repeat Loan,1200.0,0.2,1242.0,0
3598,ID_308873372769267278,308873,Kenya,372769,267278,Type_7,6360.0,6583.0,2024-10-08,2024-10-15,7,Repeat Loan,1272.0,0.2,1317.0,0
3599,ID_308873372769251804,308873,Kenya,372769,251804,Type_7,6360.0,6583.0,2024-10-08,2024-10-15,7,Repeat Loan,1272.0,0.2,1317.0,0
3600,ID_310219372773267278,310219,Kenya,372773,267278,Type_7,3770.0,3933.0,2024-10-08,2024-10-15,7,Repeat Loan,754.0,0.2,787.0,0
3601,ID_310219372773251804,310219,Kenya,372773,251804,Type_7,3770.0,3933.0,2024-10-08,2024-10-15,7,Repeat Loan,754.0,0.2,787.0,0
3602,ID_309092372776251804,309092,Kenya,372776,251804,Type_7,8400.0,8694.0,2024-10-08,2024-10-15,7,Repeat Loan,1680.0,0.2,1739.0,0
3603,ID_309092372776267278,309092,Kenya,372776,267278,Type_7,8400.0,8694.0,2024-10-08,2024-10-15,7,Repeat Loan,1680.0,0.2,1739.0,0
3604,ID_308504372787267278,308504,Kenya,372787,267278,Type_7,10203.0,10725.0,2024-10-08,2024-10-15,7,Repeat Loan,2040.0,0.199941193766539,2144.0,0
3605,ID_308504372787251804,308504,Kenya,372787,251804,Type_7,10203.0,10725.0,2024-10-08,2024-10-15,7,Repeat Loan,2040.0,0.199941193766539,2144.0,0
3606,ID_310232372809267278,310232,Kenya,372809,267278,Type_7,10300.0,10661.0,2024-10-08,2024-10-15,7,Repeat Loan,2060.0,0.2,2132.0,0
3607,ID_310232372809251804,310232,Kenya,372809,251804,Type_7,10300.0,10661.0,2024-10-08,2024-10-15,7,Repeat Loan,2060.0,0.2,2132.0,0
3608,ID_309148372812267278,309148,Kenya,372812,267278,Type_7,1715.0,1776.0,2024-10-08,2024-10-15,7,Repeat Loan,343.0,0.2,355.0,0
3609,ID_309148372812251804,309148,Kenya,372812,251804,Type_7,1715.0,1776.0,2024-10-08,2024-10-15,7,Repeat Loan,343.0,0.2,355.0,0
3610,ID_310484372814267278,310484,Kenya,372814,267278,Type_7,6000.0,6211.0,2024-10-08,2024-10-15,7,Repeat Loan,1200.0,0.2,1242.0,0
3611,ID_310484372814251804,310484,Kenya,372814,251804,Type_7,6000.0,6211.0,2024-10-08,2024-10-15,7,Repeat Loan,1200.0,0.2,1242.0,0
3612,ID_311662372817251804,311662,Kenya,372817,251804,Type_7,5000.0,5176.0,2024-10-08,2024-10-15,7,Repeat Loan,1000.0,0.2,1035.0,0
3613,ID_311662372817267278,311662,Kenya,372817,267278,Type_7,5000.0,5176.0,2024-10-08,2024-10-15,7,Repeat Loan,1000.0,0.2,1035.0,0
3614,ID_308926372820251804,308926,Kenya,372820,251804,Type_7,3995.0,4346.0,2024-10-08,2024-10-15,7,Repeat Loan,799.0,0.2,869.0,1
3615,ID_308926372820267278,308926,Kenya,372820,267278,Type_7,3995.0,4346.0,2024-10-08,2024-10-15,7,New Loan,799.0,0.2,869.0,1
3616,ID_308927372821251804,308927,Kenya,372821,251804,Type_7,4580.0,4979.0,2024-10-08,2024-10-15,7,Repeat Loan,916.0,0.2,996.0,1
3617,ID_308927372821267278,308927,Kenya,372821,267278,Type_7,4580.0,4979.0,2024-10-08,2024-10-15,7,New Loan,916.0,0.2,996.0,1
3618,ID_310926372822267278,310926,Kenya,372822,267278,Type_7,4814.0,5002.0,2024-10-08,2024-10-15,7,Repeat Loan,963.0,0.200041545492314,1001.0,0
3619,ID_310926372822251804,310926,Kenya,372822,251804,Type_7,4814.0,5002.0,2024-10-08,2024-10-15,7,Repeat Loan,963.0,0.200041545492314,1001.0,0
3620,ID_309363372823267278,309363,Kenya,372823,267278,Type_7,18700.0,19355.0,2024-10-08,2024-10-15,7,Repeat Loan,3740.0,0.2,3871.0,0
3621,ID_309363372823251804,309363,Kenya,372823,251804,Type_7,18700.0,19355.0,2024-10-08,2024-10-15,7,Repeat Loan,3740.0,0.2,3871.0,0
3622,ID_311483372826251804,311483,Kenya,372826,251804,Type_7,4735.0,5149.0,2024-10-08,2024-10-15,7,Repeat Loan,947.0,0.2,1030.0,1
3623,ID_311483372826267278,311483,Kenya,372826,267278,Type_7,4735.0,5149.0,2024-10-08,2024-10-15,7,Repeat Loan,947.0,0.2,1030.0,1
3624,ID_308761372827251804,308761,Kenya,372827,251804,Type_7,25438.0,26432.0,2024-10-08,2024-10-15,7,Repeat Loan,5087.0,0.199976413240034,5286.0,0
3625,ID_308761372827267278,308761,Kenya,372827,267278,Type_7,25438.0,26432.0,2024-10-08,2024-10-15,7,Repeat Loan,5087.0,0.199976413240034,5286.0,0
3626,ID_309968372828267278,309968,Kenya,372828,267278,Type_7,24200.0,25335.0,2024-10-09,2024-10-16,7,Repeat Loan,4840.0,0.2,5067.0,0
3627,ID_309968372828251804,309968,Kenya,372828,251804,Type_7,24200.0,25335.0,2024-10-09,2024-10-16,7,Repeat Loan,4840.0,0.2,5067.0,0
3628,ID_310254372829267278,310254,Kenya,372829,267278,Type_7,5804.0,6008.0,2024-10-09,2024-10-16,7,Repeat Loan,1161.0,0.200034458993797,1202.0,0
3629,ID_310254372829251804,310254,Kenya,372829,251804,Type_7,5804.0,6008.0,2024-10-09,2024-10-16,7,Repeat Loan,1161.0,0.200034458993797,1202.0,0
3630,ID_249194372842251804,249194,Kenya,372842,251804,Type_7,7260.0,7587.0,2024-10-09,2024-10-16,7,Repeat Loan,1452.0,0.2,1517.0,0
3631,ID_249194372842267278,249194,Kenya,372842,267278,Type_7,7260.0,7587.0,2024-10-09,2024-10-16,7,Repeat Loan,1452.0,0.2,1517.0,0
3632,ID_311009372851251804,311009,Kenya,372851,251804,Type_7,9000.0,9316.0,2024-10-09,2024-10-16,7,Repeat Loan,1800.0,0.2,1863.0,0
3633,ID_311009372851267278,311009,Kenya,372851,267278,Type_7,9000.0,9316.0,2024-10-09,2024-10-16,7,Repeat Loan,1800.0,0.2,1863.0,0
3634,ID_306485372859267278,306485,Kenya,372859,267278,Type_7,6000.0,6211.0,2024-10-09,2024-10-16,7,Repeat Loan,1200.0,0.2,1242.0,0
3635,ID_306485372859251804,306485,Kenya,372859,251804,Type_7,6000.0,6211.0,2024-10-09,2024-10-16,7,Repeat Loan,1200.0,0.2,1242.0,0
3636,ID_308545372863267278,308545,Kenya,372863,267278,Type_7,3340.0,3457.0,2024-10-09,2024-10-16,7,Repeat Loan,668.0,0.2,691.0,0
3637,ID_308545372863251804,308545,Kenya,372863,251804,Type_7,3340.0,3457.0,2024-10-09,2024-10-16,7,Repeat Loan,668.0,0.2,691.0,0
3638,ID_308410372865267278,308410,Kenya,372865,267278,Type_7,2445.0,2531.0,2024-10-09,2024-10-16,7,Repeat Loan,489.0,0.2,506.0,0
3639,ID_308410372865251804,308410,Kenya,372865,251804,Type_7,2445.0,2531.0,2024-10-09,2024-10-16,7,Repeat Loan,489.0,0.2,506.0,0
3640,ID_256508372877267278,256508,Kenya,372877,267278,Type_7,13007.0,13463.0,2024-10-09,2024-10-16,7,Repeat Loan,2601.0,0.199969247328361,2692.0,0
3641,ID_256508372877251804,256508,Kenya,372877,251804,Type_7,13007.0,13463.0,2024-10-09,2024-10-16,7,Repeat Loan,2601.0,0.199969247328361,2692.0,0
3642,ID_308423372887251804,308423,Kenya,372887,251804,Type_7,1435.0,1486.0,2024-10-10,2024-10-17,7,Repeat Loan,287.0,0.2,297.0,0
3643,ID_308423372887267278,308423,Kenya,372887,267278,Type_7,1435.0,1486.0,2024-10-10,2024-10-17,7,Repeat Loan,287.0,0.2,297.0,0
3644,ID_308438372894251804,308438,Kenya,372894,251804,Type_7,23581.0,24407.0,2024-10-10,2024-10-17,7,Repeat Loan,4716.0,0.199991518595479,4881.0,0
3645,ID_308438372894267278,308438,Kenya,372894,267278,Type_7,23581.0,24407.0,2024-10-10,2024-10-17,7,Repeat Loan,4716.0,0.199991518595479,4881.0,0
3646,ID_310020372908267278,310020,Kenya,372908,267278,Type_7,6505.0,6733.0,2024-10-10,2024-10-17,7,Repeat Loan,1301.0,0.2,1347.0,0
3647,ID_310020372908251804,310020,Kenya,372908,251804,Type_7,6505.0,6733.0,2024-10-10,2024-10-17,7,Repeat Loan,1301.0,0.2,1347.0,0
3648,ID_308473372918251804,308473,Kenya,372918,251804,Type_7,5804.0,6008.0,2024-10-10,2024-10-17,7,Repeat Loan,1161.0,0.200034458993797,1202.0,0
3649,ID_308473372918267278,308473,Kenya,372918,267278,Type_7,5804.0,6008.0,2024-10-10,2024-10-17,7,Repeat Loan,1161.0,0.200034458993797,1202.0,0
3650,ID_308938372922267278,308938,Kenya,372922,267278,Type_7,1710.0,1770.0,2024-10-10,2024-10-17,7,Repeat Loan,342.0,0.2,354.0,0
3651,ID_308938372922251804,308938,Kenya,372922,251804,Type_7,1710.0,1770.0,2024-10-10,2024-10-17,7,Repeat Loan,342.0,0.2,354.0,0
3652,ID_308511372924267278,308511,Kenya,372924,267278,Type_7,15400.0,16058.0,2024-10-10,2024-10-17,7,Repeat Loan,3080.0,0.2,3212.0,0
3653,ID_308511372924251804,308511,Kenya,372924,251804,Type_7,15400.0,16058.0,2024-10-10,2024-10-17,7,Repeat Loan,3080.0,0.2,3212.0,0
3654,ID_308784372940251804,308784,Kenya,372940,251804,Type_7,7800.0,8073.0,2024-10-10,2024-10-17,7,Repeat Loan,1560.0,0.2,1615.0,0
3655,ID_308784372940267278,308784,Kenya,372940,267278,Type_7,7800.0,8073.0,2024-10-10,2024-10-17,7,Repeat Loan,1560.0,0.2,1615.0,0
3656,ID_309041372944267278,309041,Kenya,372944,267278,Type_7,10494.0,10862.0,2024-10-10,2024-10-17,7,Repeat Loan,2099.0,0.200019058509624,2173.0,0
3657,ID_309041372944251804,309041,Kenya,372944,251804,Type_7,10494.0,10862.0,2024-10-10,2024-10-17,7,Repeat Loan,2099.0,0.200019058509624,2173.0,0
3658,ID_308729372949267278,308729,Kenya,372949,267278,Type_7,5685.0,5948.0,2024-10-10,2024-10-17,7,Repeat Loan,1137.0,0.2,1190.0,0
3659,ID_308729372949251804,308729,Kenya,372949,251804,Type_7,5685.0,5948.0,2024-10-10,2024-10-17,7,Repeat Loan,1137.0,0.2,1190.0,0
3660,ID_311559372950251804,311559,Kenya,372950,251804,Type_7,5764.0,6246.0,2024-10-10,2024-10-17,7,Repeat Loan,1153.0,0.200034698126301,1249.0,1
3661,ID_311559372950267278,311559,Kenya,372950,267278,Type_7,5764.0,6246.0,2024-10-10,2024-10-17,7,Repeat Loan,1153.0,0.200034698126301,1249.0,1
3662,ID_309644372954251804,309644,Kenya,372954,251804,Type_7,2875.0,2976.0,2024-10-10,2024-10-17,7,Repeat Loan,575.0,0.2,595.0,0
3663,ID_309644372954267278,309644,Kenya,372954,267278,Type_7,2875.0,2976.0,2024-10-10,2024-10-17,7,Repeat Loan,575.0,0.2,595.0,0
3664,ID_308903372956251804,308903,Kenya,372956,251804,Type_7,6000.0,6496.0,2024-10-10,2024-10-17,7,Repeat Loan,1200.0,0.2,1299.0,1
3665,ID_308903372956267278,308903,Kenya,372956,267278,Type_7,6000.0,6496.0,2024-10-10,2024-10-17,7,Repeat Loan,1200.0,0.2,1299.0,1
3666,ID_308512372984267278,308512,Kenya,372984,267278,Type_7,24075.0,24918.0,2024-10-11,2024-10-18,7,Repeat Loan,4815.0,0.2,4984.0,0
3667,ID_308512372984251804,308512,Kenya,372984,251804,Type_7,24075.0,24918.0,2024-10-11,2024-10-18,7,Repeat Loan,4815.0,0.2,4984.0,0
3668,ID_248829373014251804,248829,Kenya,373014,251804,Type_7,21840.0,22605.0,2024-10-11,2024-10-18,7,Repeat Loan,4368.0,0.2,4521.0,0
3669,ID_248829373014267278,248829,Kenya,373014,267278,Type_7,21840.0,22605.0,2024-10-11,2024-10-18,7,Repeat Loan,4368.0,0.2,4521.0,0
3670,ID_308989373019267278,308989,Kenya,373019,267278,Type_7,39955.0,41354.0,2024-10-11,2024-10-18,7,Repeat Loan,7991.0,0.2,8271.0,0
3671,ID_308989373019251804,308989,Kenya,373019,251804,Type_7,39955.0,41354.0,2024-10-11,2024-10-18,7,Repeat Loan,7991.0,0.2,8271.0,0
3672,ID_288776373024267278,288776,Kenya,373024,267278,Type_7,11500.0,11903.0,2024-10-11,2024-10-18,7,Repeat Loan,2300.0,0.2,2381.0,0
3673,ID_288776373024251804,288776,Kenya,373024,251804,Type_7,11500.0,11903.0,2024-10-11,2024-10-18,7,New Loan,2300.0,0.2,2381.0,0
3674,ID_311492373030267278,311492,Kenya,373030,267278,Type_7,1225.0,1268.0,2024-10-11,2024-10-18,7,Repeat Loan,245.0,0.2,254.0,0
3675,ID_311492373030251804,311492,Kenya,373030,251804,Type_7,1225.0,1268.0,2024-10-11,2024-10-18,7,Repeat Loan,245.0,0.2,254.0,0
3676,ID_311534373033267278,311534,Kenya,373033,267278,Type_7,6500.0,6728.0,2024-10-11,2024-10-18,7,Repeat Loan,1300.0,0.2,1346.0,0
3677,ID_311534373033251804,311534,Kenya,373033,251804,Type_7,6500.0,6728.0,2024-10-11,2024-10-18,7,Repeat Loan,1300.0,0.2,1346.0,0
3678,ID_310928373038251804,310928,Kenya,373038,251804,Type_7,3140.0,3396.0,2024-10-12,2024-10-19,7,Repeat Loan,628.0,0.2,679.0,1
3679,ID_310928373038267278,310928,Kenya,373038,267278,Type_7,3140.0,3396.0,2024-10-12,2024-10-19,7,Repeat Loan,628.0,0.2,679.0,1
3680,ID_308974373040251804,308974,Kenya,373040,251804,Type_7,12000.0,12597.0,2024-10-12,2024-10-19,7,Repeat Loan,2400.0,0.2,2519.0,1
3681,ID_308974373040267278,308974,Kenya,373040,267278,Type_7,12000.0,12597.0,2024-10-12,2024-10-19,7,Repeat Loan,2400.0,0.2,2519.0,1
3682,ID_311972373069251804,311972,Kenya,373069,251804,Type_7,2614.0,2706.0,2024-10-12,2024-10-19,7,Repeat Loan,523.0,0.200076511094108,541.0,0
3683,ID_311972373069267278,311972,Kenya,373069,267278,Type_7,2614.0,2706.0,2024-10-12,2024-10-19,7,Repeat Loan,523.0,0.200076511094108,541.0,0
3684,ID_251535373070251804,251535,Kenya,373070,251804,Type_7,43860.0,45396.0,2024-10-12,2024-10-19,7,Repeat Loan,8772.0,0.2,9079.0,0
3685,ID_251535373070267278,251535,Kenya,373070,267278,Type_7,43860.0,45396.0,2024-10-12,2024-10-19,7,Repeat Loan,8772.0,0.2,9079.0,0
3686,ID_288763373085251804,288763,Kenya,373085,251804,Type_7,18845.0,19505.0,2024-10-12,2024-10-19,7,Repeat Loan,3769.0,0.2,3901.0,0
3687,ID_288763373085267278,288763,Kenya,373085,267278,Type_7,18845.0,19505.0,2024-10-12,2024-10-19,7,Repeat Loan,3769.0,0.2,3901.0,0
3688,ID_310153373087267278,310153,Kenya,373087,267278,Type_7,6000.0,6211.0,2024-10-12,2024-10-19,7,Repeat Loan,1200.0,0.2,1242.0,0
3689,ID_310153373087251804,310153,Kenya,373087,251804,Type_7,6000.0,6211.0,2024-10-12,2024-10-19,7,Repeat Loan,1200.0,0.2,1242.0,0
3690,ID_309144373088267278,309144,Kenya,373088,267278,Type_7,10000.0,10407.0,2024-10-12,2024-10-19,7,Repeat Loan,2000.0,0.2,2081.0,0
3691,ID_309144373088251804,309144,Kenya,373088,251804,Type_7,10000.0,10407.0,2024-10-12,2024-10-19,7,Repeat Loan,2000.0,0.2,2081.0,0
3692,ID_311529373093251804,311529,Kenya,373093,251804,Type_7,6000.0,6211.0,2024-10-12,2024-10-19,7,Repeat Loan,1200.0,0.2,1242.0,0
3693,ID_311529373093267278,311529,Kenya,373093,267278,Type_7,6000.0,6211.0,2024-10-12,2024-10-19,7,Repeat Loan,1200.0,0.2,1242.0,0
3694,ID_310238373095251804,310238,Kenya,373095,251804,Type_7,7365.0,7623.0,2024-10-12,2024-10-19,7,Repeat Loan,1473.0,0.2,1525.0,0
3695,ID_310238373095267278,310238,Kenya,373095,267278,Type_7,7365.0,7623.0,2024-10-12,2024-10-19,7,Repeat Loan,1473.0,0.2,1525.0,0
3696,ID_310340373096251804,310340,Kenya,373096,251804,Type_7,3730.0,3861.0,2024-10-12,2024-10-19,7,Repeat Loan,746.0,0.2,772.0,0
3697,ID_310340373096267278,310340,Kenya,373096,267278,Type_7,3730.0,3861.0,2024-10-12,2024-10-19,7,Repeat Loan,746.0,0.2,772.0,0
3698,ID_310484373101267278,310484,Kenya,373101,267278,Type_7,5248.0,5432.0,2024-10-12,2024-10-19,7,Repeat Loan,1049.0,0.199885670731707,1086.0,0
3699,ID_310484373101251804,310484,Kenya,373101,251804,Type_7,5248.0,5432.0,2024-10-12,2024-10-19,7,Repeat Loan,1049.0,0.199885670731707,1086.0,0
3700,ID_267525373117267278,267525,Kenya,373117,267278,Type_7,25500.0,26393.0,2024-10-13,2024-10-20,7,Repeat Loan,5100.0,0.2,5279.0,0
3701,ID_267525373117251804,267525,Kenya,373117,251804,Type_7,25500.0,26393.0,2024-10-13,2024-10-20,7,Repeat Loan,5100.0,0.2,5279.0,0
3702,ID_308886373120251804,308886,Kenya,373120,251804,Type_7,49000.0,50716.0,2024-10-14,2024-10-21,7,Repeat Loan,9800.0,0.2,10143.0,0
3703,ID_308886373120267278,308886,Kenya,373120,267278,Type_7,49000.0,50716.0,2024-10-14,2024-10-21,7,Repeat Loan,9800.0,0.2,10143.0,0
3704,ID_311479373177267278,311479,Kenya,373177,267278,Type_7,5000.0,5176.0,2024-10-14,2024-10-21,7,Repeat Loan,1000.0,0.2,1035.0,0
3705,ID_311479373177251804,311479,Kenya,373177,251804,Type_7,5000.0,5176.0,2024-10-14,2024-10-21,7,Repeat Loan,1000.0,0.2,1035.0,0
3706,ID_311847373186267278,311847,Kenya,373186,267278,Type_7,5000.0,5328.0,2024-10-14,2024-10-21,7,Repeat Loan,1000.0,0.2,1066.0,1
3707,ID_311847373186251804,311847,Kenya,373186,251804,Type_7,5000.0,5328.0,2024-10-14,2024-10-21,7,Repeat Loan,1000.0,0.2,1066.0,1
3708,ID_308875373200251804,308875,Kenya,373200,251804,Type_7,18120.0,18755.0,2024-10-14,2024-10-21,7,Repeat Loan,3624.0,0.2,3751.0,0
3709,ID_308875373200267278,308875,Kenya,373200,267278,Type_7,18120.0,18755.0,2024-10-14,2024-10-21,7,Repeat Loan,3624.0,0.2,3751.0,0
3710,ID_308977373217267278,308977,Kenya,373217,267278,Type_7,11065.0,11453.0,2024-10-14,2024-10-21,7,Repeat Loan,2213.0,0.2,2291.0,0
3711,ID_308977373217251804,308977,Kenya,373217,251804,Type_7,11065.0,11453.0,2024-10-14,2024-10-21,7,Repeat Loan,2213.0,0.2,2291.0,0
3712,ID_311458373220251804,311458,Kenya,373220,251804,Type_7,3372.0,3491.0,2024-10-14,2024-10-21,7,Repeat Loan,674.0,0.199881376037959,698.0,0
3713,ID_311458373220267278,311458,Kenya,373220,267278,Type_7,3372.0,3491.0,2024-10-14,2024-10-21,7,Repeat Loan,674.0,0.199881376037959,698.0,0
3714,ID_311657373223251804,311657,Kenya,373223,251804,Type_7,4928.0,5101.0,2024-10-14,2024-10-21,7,Repeat Loan,985.0,0.199878246753246,1020.0,0
3715,ID_311657373223267278,311657,Kenya,373223,267278,Type_7,4928.0,5101.0,2024-10-14,2024-10-21,7,Repeat Loan,985.0,0.199878246753246,1020.0,0
3716,ID_308928373225267278,308928,Kenya,373225,267278,Type_7,16560.0,17200.0,2024-10-14,2024-10-21,7,Repeat Loan,3312.0,0.2,3440.0,0
3717,ID_308928373225251804,308928,Kenya,373225,251804,Type_7,16560.0,17200.0,2024-10-14,2024-10-21,7,Repeat Loan,3312.0,0.2,3440.0,0
3718,ID_310978373226251804,310978,Kenya,373226,251804,Type_7,15300.0,15836.0,2024-10-14,2024-10-21,7,Repeat Loan,3060.0,0.2,3167.0,0
3719,ID_310978373226267278,310978,Kenya,373226,267278,Type_7,15300.0,15836.0,2024-10-14,2024-10-21,7,Repeat Loan,3060.0,0.2,3167.0,0
3720,ID_311197373233251804,311197,Kenya,373233,251804,Type_7,8074.0,8357.0,2024-10-15,2024-10-22,7,Repeat Loan,1615.0,0.200024770869457,1672.0,0
3721,ID_311197373233267278,311197,Kenya,373233,267278,Type_7,8074.0,8357.0,2024-10-15,2024-10-22,7,Repeat Loan,1615.0,0.200024770869457,1672.0,0
3722,ID_308377373268251804,308377,Kenya,373268,251804,Type_7,4090.0,4234.0,2024-10-15,2024-10-22,7,Repeat Loan,818.0,0.2,847.0,0
3723,ID_308377373268267278,308377,Kenya,373268,267278,Type_7,4090.0,4234.0,2024-10-15,2024-10-22,7,Repeat Loan,818.0,0.2,847.0,0
3724,ID_310205373275267278,310205,Kenya,373275,267278,Type_7,10870.0,11251.0,2024-10-15,2024-10-22,7,Repeat Loan,2174.0,0.2,2250.0,0
3725,ID_310205373275251804,310205,Kenya,373275,251804,Type_7,10870.0,11251.0,2024-10-15,2024-10-22,7,Repeat Loan,2174.0,0.2,2250.0,0
3726,ID_311979373277267278,311979,Kenya,373277,267278,Type_7,5000.0,5176.0,2024-10-15,2024-10-22,7,Repeat Loan,1000.0,0.2,1035.0,0
3727,ID_311979373277251804,311979,Kenya,373277,251804,Type_7,5000.0,5176.0,2024-10-15,2024-10-22,7,Repeat Loan,1000.0,0.2,1035.0,0
3728,ID_311529373280267278,311529,Kenya,373280,267278,Type_7,7800.0,8073.0,2024-10-15,2024-10-22,7,Repeat Loan,1560.0,0.2,1615.0,0
3729,ID_311529373280251804,311529,Kenya,373280,251804,Type_7,7800.0,8073.0,2024-10-15,2024-10-22,7,Repeat Loan,1560.0,0.2,1615.0,0
3730,ID_310955373292267278,310955,Kenya,373292,267278,Type_7,2400.0,2586.0,2024-10-15,2024-10-22,7,Repeat Loan,480.0,0.2,517.0,1
3731,ID_310955373292251804,310955,Kenya,373292,251804,Type_7,2400.0,2586.0,2024-10-15,2024-10-22,7,Repeat Loan,480.0,0.2,517.0,1
3732,ID_292632373297251804,292632,Kenya,373297,251804,Type_7,5000.0,5365.0,2024-10-15,2024-10-22,7,Repeat Loan,1000.0,0.2,1073.0,1
3733,ID_292632373297267278,292632,Kenya,373297,267278,Type_7,5000.0,5365.0,2024-10-15,2024-10-22,7,Repeat Loan,1000.0,0.2,1073.0,1
3734,ID_311433373298267278,311433,Kenya,373298,267278,Type_7,6200.0,6418.0,2024-10-15,2024-10-22,7,Repeat Loan,1240.0,0.2,1284.0,0
3735,ID_311433373298251804,311433,Kenya,373298,251804,Type_7,6200.0,6418.0,2024-10-15,2024-10-22,7,Repeat Loan,1240.0,0.2,1284.0,0
3736,ID_308523373299267278,308523,Kenya,373299,267278,Type_7,7200.0,7453.0,2024-10-15,2024-10-22,7,Repeat Loan,1440.0,0.2,1491.0,0
3737,ID_308523373299251804,308523,Kenya,373299,251804,Type_7,7200.0,7453.0,2024-10-15,2024-10-22,7,Repeat Loan,1440.0,0.2,1491.0,0
3738,ID_308884373319251804,308884,Kenya,373319,251804,Type_7,6500.0,6962.0,2024-10-16,2024-10-23,7,Repeat Loan,1300.0,0.2,1392.0,1
3739,ID_308884373319267278,308884,Kenya,373319,267278,Type_7,6500.0,6962.0,2024-10-16,2024-10-23,7,Repeat Loan,1300.0,0.2,1392.0,1
3740,ID_309083373323267278,309083,Kenya,373323,267278,Type_7,7757.0,8029.0,2024-10-16,2024-10-23,7,Repeat Loan,1551.0,0.199948433672811,1605.0,0
3741,ID_309083373323251804,309083,Kenya,373323,251804,Type_7,7757.0,8029.0,2024-10-16,2024-10-23,7,Repeat Loan,1551.0,0.199948433672811,1605.0,0
3742,ID_310232373339251804,310232,Kenya,373339,251804,Type_7,4979.0,5154.0,2024-10-16,2024-10-23,7,Repeat Loan,996.0,0.200040168708576,1031.0,0
3743,ID_310232373339267278,310232,Kenya,373339,267278,Type_7,4979.0,5154.0,2024-10-16,2024-10-23,7,Repeat Loan,996.0,0.200040168708576,1031.0,0
3744,ID_308585373340267278,308585,Kenya,373340,267278,Type_7,6400.0,6625.0,2024-10-16,2024-10-23,7,Repeat Loan,1280.0,0.2,1325.0,0
3745,ID_308585373340251804,308585,Kenya,373340,251804,Type_7,6400.0,6625.0,2024-10-16,2024-10-23,7,Repeat Loan,1280.0,0.2,1325.0,0
3746,ID_309363373342251804,309363,Kenya,373342,251804,Type_7,24123.0,25465.0,2024-10-16,2024-10-23,7,Repeat Loan,4824.0,0.199975127471707,5092.0,1
3747,ID_309363373342267278,309363,Kenya,373342,267278,Type_7,24123.0,25465.0,2024-10-16,2024-10-23,7,Repeat Loan,4824.0,0.199975127471707,5092.0,1
3748,ID_311400373351251804,311400,Kenya,373351,251804,Type_7,5000.0,5176.0,2024-10-16,2024-10-23,7,Repeat Loan,1000.0,0.2,1035.0,0
3749,ID_311400373351267278,311400,Kenya,373351,267278,Type_7,5000.0,5176.0,2024-10-16,2024-10-23,7,Repeat Loan,1000.0,0.2,1035.0,0
3750,ID_308629373364251804,308629,Kenya,373364,251804,Type_7,10920.0,11415.0,2024-10-16,2024-10-23,7,Repeat Loan,2184.0,0.2,2283.0,0
3751,ID_308629373364267278,308629,Kenya,373364,267278,Type_7,10920.0,11415.0,2024-10-16,2024-10-23,7,Repeat Loan,2184.0,0.2,2283.0,0
3752,ID_309092373365251804,309092,Kenya,373365,251804,Type_7,4594.0,4755.0,2024-10-16,2024-10-23,7,Repeat Loan,919.0,0.200043535045711,951.0,0
3753,ID_309092373365267278,309092,Kenya,373365,267278,Type_7,4594.0,4755.0,2024-10-16,2024-10-23,7,Repeat Loan,919.0,0.200043535045711,951.0,0
3754,ID_308410373387267278,308410,Kenya,373387,267278,Type_7,2555.0,2645.0,2024-10-17,2024-10-24,7,Repeat Loan,511.0,0.2,529.0,0
3755,ID_308410373387251804,308410,Kenya,373387,251804,Type_7,2555.0,2645.0,2024-10-17,2024-10-24,7,Repeat Loan,511.0,0.2,529.0,0
3756,ID_310487373389267278,310487,Kenya,373389,267278,Type_7,17600.0,18217.0,2024-10-17,2024-10-24,7,Repeat Loan,3520.0,0.2,3643.0,0
3757,ID_310487373389251804,310487,Kenya,373389,251804,Type_7,17600.0,18217.0,2024-10-17,2024-10-24,7,Repeat Loan,3520.0,0.2,3643.0,0
3758,ID_308373373390251804,308373,Kenya,373390,251804,Type_7,41236.0,42680.0,2024-10-17,2024-10-24,7,Repeat Loan,8247.0,0.199995149869046,8536.0,0
3759,ID_308373373390267278,308373,Kenya,373390,267278,Type_7,41236.0,42680.0,2024-10-17,2024-10-24,7,Repeat Loan,8247.0,0.199995149869046,8536.0,0
3760,ID_309644373429251804,309644,Kenya,373429,251804,Type_7,8843.0,9153.0,2024-10-17,2024-10-24,7,Repeat Loan,1768.0,0.199932149722944,1830.0,0
3761,ID_309644373429267278,309644,Kenya,373429,267278,Type_7,8843.0,9153.0,2024-10-17,2024-10-24,7,Repeat Loan,1768.0,0.199932149722944,1830.0,0
3762,ID_311622373433251804,311622,Kenya,373433,251804,Type_7,5000.0,5176.0,2024-10-17,2024-10-24,7,Repeat Loan,1000.0,0.2,1035.0,0
3763,ID_311622373433267278,311622,Kenya,373433,267278,Type_7,5000.0,5176.0,2024-10-17,2024-10-24,7,Repeat Loan,1000.0,0.2,1035.0,0
3764,ID_308643373442267278,308643,Kenya,373442,267278,Type_7,6000.0,6211.0,2024-10-18,2024-10-25,7,Repeat Loan,1200.0,0.2,1242.0,0
3765,ID_308643373442251804,308643,Kenya,373442,251804,Type_7,6000.0,6211.0,2024-10-18,2024-10-25,7,Repeat Loan,1200.0,0.2,1242.0,0
3766,ID_308423373444267278,308423,Kenya,373444,267278,Type_7,6706.0,6965.0,2024-10-18,2024-10-25,7,Repeat Loan,1341.0,0.199970175961825,1393.0,0
3767,ID_308423373444251804,308423,Kenya,373444,251804,Type_7,6706.0,6965.0,2024-10-18,2024-10-25,7,Repeat Loan,1341.0,0.199970175961825,1393.0,0
3768,ID_308638373445251804,308638,Kenya,373445,251804,Type_7,4799.0,4967.0,2024-10-18,2024-10-25,7,Repeat Loan,960.0,0.200041675349031,994.0,0
3769,ID_308638373445267278,308638,Kenya,373445,267278,Type_7,4799.0,4967.0,2024-10-18,2024-10-25,7,Repeat Loan,960.0,0.200041675349031,994.0,0
3770,ID_311492373449267278,311492,Kenya,373449,267278,Type_7,4865.0,5036.0,2024-10-18,2024-10-25,7,Repeat Loan,973.0,0.2,1007.0,0
3771,ID_311492373449251804,311492,Kenya,373449,251804,Type_7,4865.0,5036.0,2024-10-18,2024-10-25,7,Repeat Loan,973.0,0.2,1007.0,0
3772,ID_310615373457267278,310615,Kenya,373457,267278,Type_7,3195.0,3307.0,2024-10-18,2024-10-25,7,Repeat Loan,639.0,0.2,661.0,0
3773,ID_310615373457251804,310615,Kenya,373457,251804,Type_7,3195.0,3307.0,2024-10-18,2024-10-25,7,Repeat Loan,639.0,0.2,661.0,0
3774,ID_308666373469251804,308666,Kenya,373469,251804,Type_7,7561.0,7826.0,2024-10-18,2024-10-25,7,Repeat Loan,1512.0,0.199973548472424,1565.0,0
3775,ID_308666373469267278,308666,Kenya,373469,267278,Type_7,7561.0,7826.0,2024-10-18,2024-10-25,7,Repeat Loan,1512.0,0.199973548472424,1565.0,0
3776,ID_308438373474251804,308438,Kenya,373474,251804,Type_7,37939.0,39267.0,2024-10-18,2024-10-25,7,Repeat Loan,7588.0,0.200005271620232,7854.0,0
3777,ID_308438373474267278,308438,Kenya,373474,267278,Type_7,37939.0,39267.0,2024-10-18,2024-10-25,7,Repeat Loan,7588.0,0.200005271620232,7854.0,0
3778,ID_308630373482251804,308630,Kenya,373482,251804,Type_7,5000.0,5176.0,2024-10-18,2024-10-25,7,Repeat Loan,1000.0,0.2,1035.0,0
3779,ID_308630373482267278,308630,Kenya,373482,267278,Type_7,5000.0,5176.0,2024-10-18,2024-10-25,7,Repeat Loan,1000.0,0.2,1035.0,0
3780,ID_240065373491267278,240065,Kenya,373491,267278,Type_7,13236.0,14094.0,2024-10-18,2024-10-25,7,Repeat Loan,2647.0,0.199984889694771,2819.0,1
3781,ID_240065373491251804,240065,Kenya,373491,251804,Type_7,13236.0,14094.0,2024-10-18,2024-10-25,7,Repeat Loan,2647.0,0.199984889694771,2819.0,1
3782,ID_309167373497251804,309167,Kenya,373497,251804,Type_7,6000.0,6211.0,2024-10-18,2024-10-25,7,Repeat Loan,1200.0,0.2,1242.0,0
3783,ID_309167373497267278,309167,Kenya,373497,267278,Type_7,6000.0,6211.0,2024-10-18,2024-10-25,7,Repeat Loan,1200.0,0.2,1242.0,0
3784,ID_310986373508251804,310986,Kenya,373508,251804,Type_7,6000.0,6211.0,2024-10-18,2024-10-25,7,Repeat Loan,1200.0,0.2,1242.0,0
3785,ID_310986373508267278,310986,Kenya,373508,267278,Type_7,6000.0,6211.0,2024-10-18,2024-10-25,7,Repeat Loan,1200.0,0.2,1242.0,0
3786,ID_310150373522267278,310150,Kenya,373522,267278,Type_7,5650.0,5848.0,2024-10-19,2024-10-26,7,Repeat Loan,1130.0,0.2,1170.0,0
3787,ID_310150373522251804,310150,Kenya,373522,251804,Type_7,5650.0,5848.0,2024-10-19,2024-10-26,7,Repeat Loan,1130.0,0.2,1170.0,0
3788,ID_251535373551267278,251535,Kenya,373551,267278,Type_7,48600.0,50302.0,2024-10-19,2024-10-26,7,Repeat Loan,9720.0,0.2,10060.0,0
3789,ID_251535373551251804,251535,Kenya,373551,251804,Type_7,48600.0,50302.0,2024-10-19,2024-10-26,7,Repeat Loan,9720.0,0.2,10060.0,0
3790,ID_308412373560267278,308412,Kenya,373560,267278,Type_7,5900.0,6107.0,2024-10-19,2024-10-26,7,Repeat Loan,1180.0,0.2,1221.0,0
3791,ID_308412373560251804,308412,Kenya,373560,251804,Type_7,5900.0,6107.0,2024-10-19,2024-10-26,7,Repeat Loan,1180.0,0.2,1221.0,0
3792,ID_308368373565267278,308368,Kenya,373565,267278,Type_7,6500.0,6728.0,2024-10-19,2024-10-26,7,Repeat Loan,1300.0,0.2,1346.0,0
3793,ID_308368373565251804,308368,Kenya,373565,251804,Type_7,6500.0,6728.0,2024-10-19,2024-10-26,7,Repeat Loan,1300.0,0.2,1346.0,0
3794,ID_311972373575251804,311972,Kenya,373575,251804,Type_7,3096.0,3205.0,2024-10-19,2024-10-26,7,Repeat Loan,619.0,0.199935400516795,641.0,0
3795,ID_311972373575267278,311972,Kenya,373575,267278,Type_7,3096.0,3205.0,2024-10-19,2024-10-26,7,Repeat Loan,619.0,0.199935400516795,641.0,0
3796,ID_308784373583267278,308784,Kenya,373583,267278,Type_7,7392.0,7651.0,2024-10-19,2024-10-26,7,Repeat Loan,1478.0,0.199945887445887,1530.0,0
3797,ID_308784373583251804,308784,Kenya,373583,251804,Type_7,7392.0,7651.0,2024-10-19,2024-10-26,7,Repeat Loan,1478.0,0.199945887445887,1530.0,0
3798,ID_310020373585251804,310020,Kenya,373585,251804,Type_7,7200.0,7453.0,2024-10-19,2024-10-26,7,Repeat Loan,1440.0,0.2,1491.0,0
3799,ID_310020373585267278,310020,Kenya,373585,267278,Type_7,7200.0,7453.0,2024-10-19,2024-10-26,7,Repeat Loan,1440.0,0.2,1491.0,0
3800,ID_310298373586267278,310298,Kenya,373586,267278,Type_7,6500.0,6728.0,2024-10-19,2024-10-26,7,Repeat Loan,1300.0,0.2,1346.0,0
3801,ID_310298373586251804,310298,Kenya,373586,251804,Type_7,6500.0,6728.0,2024-10-19,2024-10-26,7,Repeat Loan,1300.0,0.2,1346.0,0
3802,ID_292586373587251804,292586,Kenya,373587,251804,Type_7,88223.0,91474.0,2024-10-19,2024-10-26,7,Repeat Loan,17644.0,0.199993199052401,18294.0,0
3803,ID_292586373587267278,292586,Kenya,373587,267278,Type_7,88223.0,91474.0,2024-10-19,2024-10-26,7,Repeat Loan,17644.0,0.199993199052401,18294.0,0
3804,ID_308886373610267278,308886,Kenya,373610,267278,Type_7,49000.0,50716.0,2024-10-21,2024-10-28,7,Repeat Loan,9800.0,0.2,10143.0,0
3805,ID_308886373610251804,308886,Kenya,373610,251804,Type_7,49000.0,50716.0,2024-10-21,2024-10-28,7,Repeat Loan,9800.0,0.2,10143.0,0
3806,ID_267525373626267278,267525,Kenya,373626,267278,Type_7,25500.0,26562.0,2024-10-21,2024-10-28,7,Repeat Loan,5100.0,0.2,5312.0,0
3807,ID_267525373626251804,267525,Kenya,373626,251804,Type_7,25500.0,26562.0,2024-10-21,2024-10-28,7,Repeat Loan,5100.0,0.2,5312.0,0
3808,ID_308914373635251804,308914,Kenya,373635,251804,Type_7,4990.0,5284.0,2024-10-21,2024-10-28,7,Repeat Loan,998.0,0.2,1057.0,1
3809,ID_308914373635267278,308914,Kenya,373635,267278,Type_7,4990.0,5284.0,2024-10-21,2024-10-28,7,New Loan,998.0,0.2,1057.0,1
3810,ID_310083373639267278,310083,Kenya,373639,267278,Type_7,5000.0,5176.0,2024-10-21,2024-10-28,7,Repeat Loan,1000.0,0.2,1035.0,0
3811,ID_310083373639251804,310083,Kenya,373639,251804,Type_7,5000.0,5176.0,2024-10-21,2024-10-28,7,Repeat Loan,1000.0,0.2,1035.0,0
3812,ID_310340373642251804,310340,Kenya,373642,251804,Type_7,5000.0,5176.0,2024-10-21,2024-10-28,7,Repeat Loan,1000.0,0.2,1035.0,0
3813,ID_310340373642267278,310340,Kenya,373642,267278,Type_7,5000.0,5176.0,2024-10-21,2024-10-28,7,Repeat Loan,1000.0,0.2,1035.0,0
3814,ID_308512373643251804,308512,Kenya,373643,251804,Type_7,23992.0,24832.0,2024-10-21,2024-10-28,7,Repeat Loan,4798.0,0.199983327775925,4966.0,0
3815,ID_308512373643267278,308512,Kenya,373643,267278,Type_7,23992.0,24832.0,2024-10-21,2024-10-28,7,Repeat Loan,4798.0,0.199983327775925,4966.0,0
3816,ID_310978373644251804,310978,Kenya,373644,251804,Type_7,15300.0,15836.0,2024-10-21,2024-10-28,7,Repeat Loan,3060.0,0.2,3167.0,0
3817,ID_310978373644267278,310978,Kenya,373644,267278,Type_7,15300.0,15836.0,2024-10-21,2024-10-28,7,Repeat Loan,3060.0,0.2,3167.0,0
3818,ID_311663373656251804,311663,Kenya,373656,251804,Type_7,6258.0,6478.0,2024-10-21,2024-10-28,7,Repeat Loan,1251.0,0.199904122722914,1295.0,0
3819,ID_311663373656267278,311663,Kenya,373656,267278,Type_7,6258.0,6478.0,2024-10-21,2024-10-28,7,Repeat Loan,1251.0,0.199904122722914,1295.0,0
3820,ID_308938373660251804,308938,Kenya,373660,251804,Type_7,1680.0,1739.0,2024-10-21,2024-10-28,7,Repeat Loan,336.0,0.2,348.0,0
3821,ID_308938373660267278,308938,Kenya,373660,267278,Type_7,1680.0,1739.0,2024-10-21,2024-10-28,7,Repeat Loan,336.0,0.2,348.0,0
3822,ID_311458373662251804,311458,Kenya,373662,251804,Type_7,2702.0,2797.0,2024-10-21,2024-10-28,7,Repeat Loan,540.0,0.199851961509992,559.0,0
3823,ID_311458373662267278,311458,Kenya,373662,267278,Type_7,2702.0,2797.0,2024-10-21,2024-10-28,7,Repeat Loan,540.0,0.199851961509992,559.0,0
3824,ID_311197373663251804,311197,Kenya,373663,251804,Type_7,8100.0,8384.0,2024-10-21,2024-10-28,7,Repeat Loan,1620.0,0.2,1677.0,0
3825,ID_311197373663267278,311197,Kenya,373663,267278,Type_7,8100.0,8384.0,2024-10-21,2024-10-28,7,Repeat Loan,1620.0,0.2,1677.0,0
3826,ID_248818373698251804,248818,Kenya,373698,251804,Type_7,51852.0,53941.0,2024-10-22,2024-10-29,7,Repeat Loan,10370.0,0.199992285736326,10788.0,0
3827,ID_248818373698267278,248818,Kenya,373698,267278,Type_7,51852.0,53941.0,2024-10-22,2024-10-29,7,Repeat Loan,10370.0,0.199992285736326,10788.0,0
3828,ID_309963373706267278,309963,Kenya,373706,267278,Type_7,11780.0,12193.0,2024-10-22,2024-10-29,7,Repeat Loan,2356.0,0.2,2439.0,0
3829,ID_309963373706251804,309963,Kenya,373706,251804,Type_7,11780.0,12193.0,2024-10-22,2024-10-29,7,Repeat Loan,2356.0,0.2,2439.0,0
3830,ID_308977373708267278,308977,Kenya,373708,267278,Type_7,22000.0,22771.0,2024-10-22,2024-10-29,7,Repeat Loan,4400.0,0.2,4554.0,0
3831,ID_308977373708251804,308977,Kenya,373708,251804,Type_7,22000.0,22771.0,2024-10-22,2024-10-29,7,Repeat Loan,4400.0,0.2,4554.0,0
3832,ID_266568373710267278,266568,Kenya,373710,267278,Type_7,9779.0,10122.0,2024-10-22,2024-10-29,7,Repeat Loan,1956.0,0.200020451988955,2025.0,0
3833,ID_266568373710251804,266568,Kenya,373710,251804,Type_7,9779.0,10122.0,2024-10-22,2024-10-29,7,Repeat Loan,1956.0,0.200020451988955,2025.0,0
3834,ID_310238373718267278,310238,Kenya,373718,267278,Type_7,8320.0,8612.0,2024-10-22,2024-10-29,7,Repeat Loan,1664.0,0.2,1722.0,0
3835,ID_310238373718251804,310238,Kenya,373718,251804,Type_7,8320.0,8612.0,2024-10-22,2024-10-29,7,Repeat Loan,1664.0,0.2,1722.0,0
3836,ID_310964373729267278,310964,Kenya,373729,267278,Type_7,6500.0,6728.0,2024-10-22,2024-10-29,7,Repeat Loan,1300.0,0.2,1346.0,0
3837,ID_310964373729251804,310964,Kenya,373729,251804,Type_7,6500.0,6728.0,2024-10-22,2024-10-29,7,Repeat Loan,1300.0,0.2,1346.0,0
3838,ID_308875373755267278,308875,Kenya,373755,267278,Type_7,21697.0,22457.0,2024-10-22,2024-10-29,7,Repeat Loan,4339.0,0.199981564271558,4491.0,0
3839,ID_308875373755251804,308875,Kenya,373755,251804,Type_7,21697.0,22457.0,2024-10-22,2024-10-29,7,Repeat Loan,4339.0,0.199981564271558,4491.0,0
3840,ID_309670373756267278,309670,Kenya,373756,267278,Type_7,5930.0,6138.0,2024-10-22,2024-10-29,7,Repeat Loan,1186.0,0.2,1228.0,0
3841,ID_309670373756251804,309670,Kenya,373756,251804,Type_7,5930.0,6138.0,2024-10-22,2024-10-29,7,Repeat Loan,1186.0,0.2,1228.0,0
3842,ID_308624373761251804,308624,Kenya,373761,251804,Type_7,15100.0,15644.0,2024-10-22,2024-10-29,7,Repeat Loan,3020.0,0.2,3129.0,0
3843,ID_308624373761267278,308624,Kenya,373761,267278,Type_7,15100.0,15644.0,2024-10-22,2024-10-29,7,Repeat Loan,3020.0,0.2,3129.0,0
3844,ID_288763373763251804,288763,Kenya,373763,251804,Type_7,15006.0,15532.0,2024-10-22,2024-10-29,7,Repeat Loan,3001.0,0.199986671997867,3106.0,0
3845,ID_288763373763267278,288763,Kenya,373763,267278,Type_7,15006.0,15532.0,2024-10-22,2024-10-29,7,Repeat Loan,3001.0,0.199986671997867,3106.0,0
3846,ID_308761373766251804,308761,Kenya,373766,251804,Type_7,18303.0,19139.0,2024-10-22,2024-10-29,7,Repeat Loan,3660.0,0.199967218488772,3827.0,0
3847,ID_308761373766267278,308761,Kenya,373766,267278,Type_7,18303.0,19139.0,2024-10-22,2024-10-29,7,Repeat Loan,3660.0,0.199967218488772,3827.0,0
3848,ID_309075373777267278,309075,Kenya,373777,267278,Type_7,16900.0,17492.0,2024-10-23,2024-10-30,7,Repeat Loan,3380.0,0.2,3498.0,0
3849,ID_309075373777251804,309075,Kenya,373777,251804,Type_7,16900.0,17492.0,2024-10-23,2024-10-30,7,Repeat Loan,3380.0,0.2,3498.0,0
3850,ID_310487373792251804,310487,Kenya,373792,251804,Type_7,20450.0,21166.0,2024-10-23,2024-10-30,7,Repeat Loan,4090.0,0.2,4233.0,0
3851,ID_310487373792267278,310487,Kenya,373792,267278,Type_7,20450.0,21166.0,2024-10-23,2024-10-30,7,Repeat Loan,4090.0,0.2,4233.0,0
3852,ID_309041373798251804,309041,Kenya,373798,251804,Type_7,15200.0,15772.0,2024-10-23,2024-10-30,7,Repeat Loan,3040.0,0.2,3154.0,0
3853,ID_309041373798267278,309041,Kenya,373798,267278,Type_7,15200.0,15772.0,2024-10-23,2024-10-30,7,Repeat Loan,3040.0,0.2,3154.0,0
3854,ID_288743373805267278,288743,Kenya,373805,267278,Type_7,4519.0,4758.0,2024-10-23,2024-10-30,7,Repeat Loan,904.0,0.20004425757911,952.0,1
3855,ID_288743373805251804,288743,Kenya,373805,251804,Type_7,4519.0,4758.0,2024-10-23,2024-10-30,7,Repeat Loan,904.0,0.20004425757911,952.0,1
3856,ID_310926373840251804,310926,Kenya,373840,251804,Type_7,6000.0,6211.0,2024-10-24,2024-10-31,7,Repeat Loan,1200.0,0.2,1242.0,0
3857,ID_310926373840267278,310926,Kenya,373840,267278,Type_7,6000.0,6211.0,2024-10-24,2024-10-31,7,Repeat Loan,1200.0,0.2,1242.0,0
3858,ID_311529373852267278,311529,Kenya,373852,267278,Type_7,7900.0,8177.0,2024-10-24,2024-10-31,7,Repeat Loan,1580.0,0.2,1635.0,0
3859,ID_311529373852251804,311529,Kenya,373852,251804,Type_7,7900.0,8177.0,2024-10-24,2024-10-31,7,Repeat Loan,1580.0,0.2,1635.0,0
3860,ID_309091373856267278,309091,Kenya,373856,267278,Type_7,6100.0,6314.0,2024-10-24,2024-10-31,7,Repeat Loan,1220.0,0.2,1263.0,0
3861,ID_309091373856251804,309091,Kenya,373856,251804,Type_7,6100.0,6314.0,2024-10-24,2024-10-31,7,Repeat Loan,1220.0,0.2,1263.0,0
3862,ID_311479373890251804,311479,Kenya,373890,251804,Type_7,5000.0,5176.0,2024-10-25,2024-11-01,7,Repeat Loan,1000.0,0.2,1035.0,0
3863,ID_311479373890267278,311479,Kenya,373890,267278,Type_7,5000.0,5176.0,2024-10-25,2024-11-01,7,Repeat Loan,1000.0,0.2,1035.0,0
3864,ID_308570373916251804,308570,Kenya,373916,251804,Type_7,18200.0,18838.0,2024-10-25,2024-11-01,7,Repeat Loan,3640.0,0.2,3768.0,0
3865,ID_308570373916267278,308570,Kenya,373916,267278,Type_7,18200.0,18838.0,2024-10-25,2024-11-01,7,Repeat Loan,3640.0,0.2,3768.0,0
3866,ID_308523373924251804,308523,Kenya,373924,251804,Type_7,7200.0,7453.0,2024-10-25,2024-11-01,7,Repeat Loan,1440.0,0.2,1491.0,0
3867,ID_308523373924267278,308523,Kenya,373924,267278,Type_7,7200.0,7453.0,2024-10-25,2024-11-01,7,Repeat Loan,1440.0,0.2,1491.0,0
3868,ID_310205373929267278,310205,Kenya,373929,267278,Type_7,14100.0,14594.0,2024-10-25,2024-11-01,7,Repeat Loan,2820.0,0.2,2919.0,0
3869,ID_310205373929251804,310205,Kenya,373929,251804,Type_7,14100.0,14594.0,2024-10-25,2024-11-01,7,Repeat Loan,2820.0,0.2,2919.0,0
3870,ID_311981373933251804,311981,Kenya,373933,251804,Type_7,5000.0,5176.0,2024-10-25,2024-11-01,7,Repeat Loan,1000.0,0.2,1035.0,0
3871,ID_311981373933267278,311981,Kenya,373933,267278,Type_7,5000.0,5176.0,2024-10-25,2024-11-01,7,Repeat Loan,1000.0,0.2,1035.0,0
3872,ID_310221373964267278,310221,Kenya,373964,267278,Type_7,7200.0,7453.0,2024-10-25,2024-11-01,7,Repeat Loan,1440.0,0.2,1491.0,0
3873,ID_310221373964251804,310221,Kenya,373964,251804,Type_7,7200.0,7453.0,2024-10-25,2024-11-01,7,Repeat Loan,1440.0,0.2,1491.0,0
3874,ID_308650373967267278,308650,Kenya,373967,267278,Type_7,5594.0,5886.0,2024-10-25,2024-11-01,7,Repeat Loan,1119.0,0.200035752592062,1177.0,1
3875,ID_308650373967251804,308650,Kenya,373967,251804,Type_7,5594.0,5886.0,2024-10-25,2024-11-01,7,Repeat Loan,1119.0,0.200035752592062,1177.0,1
3876,ID_310119373975251804,310119,Kenya,373975,251804,Type_7,5584.0,5780.0,2024-10-26,2024-11-02,7,Repeat Loan,1117.0,0.200035816618911,1156.0,0
3877,ID_310119373975267278,310119,Kenya,373975,267278,Type_7,5584.0,5780.0,2024-10-26,2024-11-02,7,Repeat Loan,1117.0,0.200035816618911,1156.0,0
3878,ID_309083373995267278,309083,Kenya,373995,267278,Type_7,11700.0,12110.0,2024-10-26,2024-11-02,7,Repeat Loan,2340.0,0.2,2422.0,0
3879,ID_309083373995251804,309083,Kenya,373995,251804,Type_7,11700.0,12110.0,2024-10-26,2024-11-02,7,Repeat Loan,2340.0,0.2,2422.0,0
3880,ID_308438374010251804,308438,Kenya,374010,251804,Type_7,29656.0,30694.0,2024-10-26,2024-11-02,7,Repeat Loan,5931.0,0.199993256002158,6139.0,0
3881,ID_308438374010267278,308438,Kenya,374010,267278,Type_7,29656.0,30694.0,2024-10-26,2024-11-02,7,Repeat Loan,5931.0,0.199993256002158,6139.0,0
3882,ID_308480374015251804,308480,Kenya,374015,251804,Type_7,6517.0,6746.0,2024-10-26,2024-11-02,7,Repeat Loan,1303.0,0.199938622065367,1349.0,0
3883,ID_308480374015267278,308480,Kenya,374015,267278,Type_7,6517.0,6746.0,2024-10-26,2024-11-02,7,Repeat Loan,1303.0,0.199938622065367,1349.0,0
3884,ID_309644374016251804,309644,Kenya,374016,251804,Type_7,10097.0,10522.0,2024-10-26,2024-11-02,7,Repeat Loan,2019.0,0.199960384272556,2104.0,0
3885,ID_309644374016267278,309644,Kenya,374016,267278,Type_7,10097.0,10522.0,2024-10-26,2024-11-02,7,Repeat Loan,2019.0,0.199960384272556,2104.0,0
3886,ID_311492374021251804,311492,Kenya,374021,251804,Type_7,5347.0,5535.0,2024-10-26,2024-11-02,7,Repeat Loan,1069.0,0.199925191696278,1107.0,0
3887,ID_311492374021267278,311492,Kenya,374021,267278,Type_7,5347.0,5535.0,2024-10-26,2024-11-02,7,Repeat Loan,1069.0,0.199925191696278,1107.0,0
3888,ID_308873374025267278,308873,Kenya,374025,267278,Type_7,8900.0,9212.0,2024-10-26,2024-11-02,7,Repeat Loan,1780.0,0.2,1842.0,0
3889,ID_308873374025251804,308873,Kenya,374025,251804,Type_7,8900.0,9212.0,2024-10-26,2024-11-02,7,Repeat Loan,1780.0,0.2,1842.0,0
3890,ID_311524374057251804,311524,Kenya,374057,251804,Type_7,5000.0,5176.0,2024-10-28,2024-11-04,7,Repeat Loan,1000.0,0.2,1035.0,0
3891,ID_311524374057267278,311524,Kenya,374057,267278,Type_7,5000.0,5176.0,2024-10-28,2024-11-04,7,New Loan,1000.0,0.2,1035.0,0
3892,ID_308630374076267278,308630,Kenya,374076,267278,Type_7,5366.0,5554.0,2024-10-28,2024-11-04,7,Repeat Loan,1073.0,0.199962728289228,1111.0,0
3893,ID_308630374076251804,308630,Kenya,374076,251804,Type_7,5366.0,5554.0,2024-10-28,2024-11-04,7,Repeat Loan,1073.0,0.199962728289228,1111.0,0
3894,ID_309092374082251804,309092,Kenya,374082,251804,Type_7,7571.0,7836.0,2024-10-28,2024-11-04,7,Repeat Loan,1514.0,0.199973583410381,1567.0,0
3895,ID_309092374082267278,309092,Kenya,374082,267278,Type_7,7571.0,7836.0,2024-10-28,2024-11-04,7,Repeat Loan,1514.0,0.199973583410381,1567.0,0
3896,ID_248829374084267278,248829,Kenya,374084,267278,Type_7,28830.0,29840.0,2024-10-28,2024-11-04,7,Repeat Loan,5766.0,0.2,5968.0,0
3897,ID_248829374084251804,248829,Kenya,374084,251804,Type_7,28830.0,29840.0,2024-10-28,2024-11-04,7,Repeat Loan,5766.0,0.2,5968.0,0
3898,ID_311193374086251804,311193,Kenya,374086,251804,Type_7,4989.0,5164.0,2024-10-28,2024-11-04,7,Repeat Loan,998.0,0.200040088194026,1033.0,0
3899,ID_311193374086267278,311193,Kenya,374086,267278,Type_7,4989.0,5164.0,2024-10-28,2024-11-04,7,New Loan,998.0,0.200040088194026,1033.0,0
3900,ID_308368374089251804,308368,Kenya,374089,251804,Type_7,7718.0,7989.0,2024-10-28,2024-11-04,7,Repeat Loan,1543.0,0.199922259652759,1597.0,0
3901,ID_308368374089267278,308368,Kenya,374089,267278,Type_7,7718.0,7989.0,2024-10-28,2024-11-04,7,Repeat Loan,1543.0,0.199922259652759,1597.0,0
3902,ID_308410374093267278,308410,Kenya,374093,267278,Type_7,3389.0,3508.0,2024-10-28,2024-11-04,7,Repeat Loan,678.0,0.200059014458542,702.0,0
3903,ID_308410374093251804,308410,Kenya,374093,251804,Type_7,3389.0,3508.0,2024-10-28,2024-11-04,7,Repeat Loan,678.0,0.200059014458542,702.0,0
3904,ID_249194374096251804,249194,Kenya,374096,251804,Type_7,11400.0,11893.0,2024-10-28,2024-11-04,7,Repeat Loan,2280.0,0.2,2379.0,1
3905,ID_249194374096267278,249194,Kenya,374096,267278,Type_7,11400.0,11893.0,2024-10-28,2024-11-04,7,Repeat Loan,2280.0,0.2,2379.0,1
3906,ID_311197374104267278,311197,Kenya,374104,267278,Type_7,8695.0,9000.0,2024-10-28,2024-11-04,7,Repeat Loan,1739.0,0.2,1800.0,0
3907,ID_311197374104251804,311197,Kenya,374104,251804,Type_7,8695.0,9000.0,2024-10-28,2024-11-04,7,Repeat Loan,1739.0,0.2,1800.0,0
3908,ID_311663374106251804,311663,Kenya,374106,251804,Type_7,7489.0,7752.0,2024-10-28,2024-11-04,7,Repeat Loan,1498.0,0.200026705835225,1551.0,0
3909,ID_311663374106267278,311663,Kenya,374106,267278,Type_7,7489.0,7752.0,2024-10-28,2024-11-04,7,Repeat Loan,1498.0,0.200026705835225,1551.0,0
3910,ID_309167374125267278,309167,Kenya,374125,267278,Type_7,7200.0,7453.0,2024-10-28,2024-11-04,7,Repeat Loan,1440.0,0.2,1491.0,0
3911,ID_309167374125251804,309167,Kenya,374125,251804,Type_7,7200.0,7453.0,2024-10-28,2024-11-04,7,Repeat Loan,1440.0,0.2,1491.0,0
3912,ID_251535374128251804,251535,Kenya,374128,251804,Type_7,45569.0,47164.0,2024-10-28,2024-11-04,7,Repeat Loan,9114.0,0.200004388948627,9433.0,0
3913,ID_251535374128267278,251535,Kenya,374128,267278,Type_7,45569.0,47164.0,2024-10-28,2024-11-04,7,Repeat Loan,9114.0,0.200004388948627,9433.0,0
3914,ID_312181374132267278,312181,Kenya,374132,267278,Type_7,5000.0,5239.0,2024-10-28,2024-11-04,7,Repeat Loan,1000.0,0.2,1048.0,1
3915,ID_312181374132251804,312181,Kenya,374132,251804,Type_7,5000.0,5239.0,2024-10-28,2024-11-04,7,Repeat Loan,1000.0,0.2,1048.0,1
3916,ID_308512374133251804,308512,Kenya,374133,251804,Type_7,27248.0,28202.0,2024-10-28,2024-11-04,7,Repeat Loan,5449.0,0.199977980035231,5640.0,0
3917,ID_308512374133267278,308512,Kenya,374133,267278,Type_7,27248.0,28202.0,2024-10-28,2024-11-04,7,Repeat Loan,5449.0,0.199977980035231,5640.0,0
3918,ID_308545374134267278,308545,Kenya,374134,267278,Type_7,3722.0,3853.0,2024-10-28,2024-11-04,7,Repeat Loan,744.0,0.199892530897367,770.0,0
3919,ID_308545374134251804,308545,Kenya,374134,251804,Type_7,3722.0,3853.0,2024-10-28,2024-11-04,7,Repeat Loan,744.0,0.199892530897367,770.0,0
3920,ID_311458374135251804,311458,Kenya,374135,251804,Type_7,3254.0,3368.0,2024-10-28,2024-11-04,7,Repeat Loan,651.0,0.200061462814996,674.0,0
3921,ID_311458374135267278,311458,Kenya,374135,267278,Type_7,3254.0,3368.0,2024-10-28,2024-11-04,7,Repeat Loan,651.0,0.200061462814996,674.0,0
3922,ID_308643374136267278,308643,Kenya,374136,267278,Type_7,5938.0,6186.0,2024-10-28,2024-11-04,7,Repeat Loan,1187.0,0.199898955877399,1237.0,0
3923,ID_308643374136251804,308643,Kenya,374136,251804,Type_7,5938.0,6186.0,2024-10-28,2024-11-04,7,Repeat Loan,1187.0,0.199898955877399,1237.0,0
3924,ID_310615374145267278,310615,Kenya,374145,267278,Type_7,5045.0,5222.0,2024-10-29,2024-11-05,7,Repeat Loan,1009.0,0.2,1044.0,0
3925,ID_310615374145251804,310615,Kenya,374145,251804,Type_7,5045.0,5222.0,2024-10-29,2024-11-05,7,Repeat Loan,1009.0,0.2,1044.0,0
3926,ID_311528374146251804,311528,Kenya,374146,251804,Type_7,6000.0,6211.0,2024-10-29,2024-11-05,7,Repeat Loan,1200.0,0.2,1242.0,0
3927,ID_311528374146267278,311528,Kenya,374146,267278,Type_7,6000.0,6211.0,2024-10-29,2024-11-05,7,Repeat Loan,1200.0,0.2,1242.0,0
3928,ID_308928374151251804,308928,Kenya,374151,251804,Type_7,19800.0,20494.0,2024-10-29,2024-11-05,7,Repeat Loan,3960.0,0.2,4099.0,0
3929,ID_308928374151267278,308928,Kenya,374151,267278,Type_7,19800.0,20494.0,2024-10-29,2024-11-05,7,Repeat Loan,3960.0,0.2,4099.0,0
3930,ID_308666374168251804,308666,Kenya,374168,251804,Type_7,7394.0,7653.0,2024-10-29,2024-11-05,7,Repeat Loan,1479.0,0.200027048958615,1531.0,0
3931,ID_308666374168267278,308666,Kenya,374168,267278,Type_7,7394.0,7653.0,2024-10-29,2024-11-05,7,Repeat Loan,1479.0,0.200027048958615,1531.0,0
3932,ID_243332374174267278,243332,Kenya,374174,267278,Type_7,17333.0,18003.0,2024-10-29,2024-11-05,7,Repeat Loan,3466.0,0.199965383949691,3600.0,1
3933,ID_243332374174251804,243332,Kenya,374174,251804,Type_7,17333.0,18003.0,2024-10-29,2024-11-05,7,Repeat Loan,3466.0,0.199965383949691,3600.0,1
3934,ID_311972374184251804,311972,Kenya,374184,251804,Type_7,4763.0,4930.0,2024-10-29,2024-11-05,7,Repeat Loan,952.0,0.199874028973336,985.0,0
3935,ID_311972374184267278,311972,Kenya,374184,267278,Type_7,4763.0,4930.0,2024-10-29,2024-11-05,7,Repeat Loan,952.0,0.199874028973336,985.0,0
3936,ID_310020374195251804,310020,Kenya,374195,251804,Type_7,9400.0,9730.0,2024-10-29,2024-11-05,7,Repeat Loan,1880.0,0.2,1946.0,0
3937,ID_310020374195267278,310020,Kenya,374195,267278,Type_7,9400.0,9730.0,2024-10-29,2024-11-05,7,Repeat Loan,1880.0,0.2,1946.0,0
3938,ID_266441374208267278,266441,Kenya,374208,267278,Type_7,8383.0,8677.0,2024-10-29,2024-11-05,7,Repeat Loan,1676.0,0.199928426577597,1735.0,0
3939,ID_266441374208251804,266441,Kenya,374208,251804,Type_7,8383.0,8677.0,2024-10-29,2024-11-05,7,Repeat Loan,1676.0,0.199928426577597,1735.0,0
3940,ID_312595374217267278,312595,Kenya,374217,267278,Type_7,5000.0,5176.0,2024-10-29,2024-11-05,7,Repeat Loan,1000.0,0.2,1035.0,0
3941,ID_312595374217251804,312595,Kenya,374217,251804,Type_7,5000.0,5176.0,2024-10-29,2024-11-05,7,Repeat Loan,1000.0,0.2,1035.0,0
3942,ID_312502374218251804,312502,Kenya,374218,251804,Type_7,4978.0,5180.0,2024-10-29,2024-11-05,7,Repeat Loan,995.0,0.199879469666532,1035.0,1
3943,ID_312502374218267278,312502,Kenya,374218,267278,Type_7,4978.0,5180.0,2024-10-29,2024-11-05,7,Repeat Loan,995.0,0.199879469666532,1035.0,1
3944,ID_311433374219251804,311433,Kenya,374219,251804,Type_7,7813.0,8087.0,2024-10-29,2024-11-05,7,Repeat Loan,1562.0,0.199923204914885,1617.0,0
3945,ID_311433374219267278,311433,Kenya,374219,267278,Type_7,7813.0,8087.0,2024-10-29,2024-11-05,7,Repeat Loan,1562.0,0.199923204914885,1617.0,0
3946,ID_308377374250267278,308377,Kenya,374250,267278,Type_7,2461.0,2563.0,2024-10-30,2024-11-06,7,Repeat Loan,492.0,0.199918732222673,512.0,1
3947,ID_308377374250251804,308377,Kenya,374250,251804,Type_7,2461.0,2563.0,2024-10-30,2024-11-06,7,Repeat Loan,492.0,0.199918732222673,512.0,1
3948,ID_309144374251251804,309144,Kenya,374251,251804,Type_7,10100.0,10545.0,2024-10-30,2024-11-06,7,Repeat Loan,2020.0,0.2,2109.0,1
3949,ID_309144374251267278,309144,Kenya,374251,267278,Type_7,10100.0,10545.0,2024-10-30,2024-11-06,7,Repeat Loan,2020.0,0.2,2109.0,1
3950,ID_262848374255251804,262848,Kenya,374255,251804,Type_7,8500.0,8798.0,2024-10-30,2024-11-06,7,Repeat Loan,1700.0,0.2,1760.0,0
3951,ID_262848374255267278,262848,Kenya,374255,267278,Type_7,8500.0,8798.0,2024-10-30,2024-11-06,7,Repeat Loan,1700.0,0.2,1760.0,0
3952,ID_311657374265267278,311657,Kenya,374265,267278,Type_7,5603.0,5800.0,2024-10-30,2024-11-06,7,Repeat Loan,1120.0,0.199892914510083,1159.0,0
3953,ID_311657374265251804,311657,Kenya,374265,251804,Type_7,5603.0,5800.0,2024-10-30,2024-11-06,7,Repeat Loan,1120.0,0.199892914510083,1159.0,0
3954,ID_311529374268251804,311529,Kenya,374268,251804,Type_7,7520.0,7784.0,2024-10-30,2024-11-06,7,Repeat Loan,1504.0,0.2,1557.0,0
3955,ID_311529374268267278,311529,Kenya,374268,267278,Type_7,7520.0,7784.0,2024-10-30,2024-11-06,7,Repeat Loan,1504.0,0.2,1557.0,0
3956,ID_306674374272267278,306674,Kenya,374272,267278,Type_7,5000.0,5176.0,2024-10-30,2024-11-06,7,Repeat Loan,1000.0,0.2,1035.0,0
3957,ID_306674374272251804,306674,Kenya,374272,251804,Type_7,5000.0,5176.0,2024-10-30,2024-11-06,7,Repeat Loan,1000.0,0.2,1035.0,0
3958,ID_244340374273267278,244340,Kenya,374273,267278,Type_7,97910.0,101889.0,2024-10-30,2024-11-06,7,Repeat Loan,19582.0,0.2,20378.0,0
3959,ID_244340374273251804,244340,Kenya,374273,251804,Type_7,97910.0,101889.0,2024-10-30,2024-11-06,7,Repeat Loan,19582.0,0.2,20378.0,0
3960,ID_309896374275251804,309896,Kenya,374275,251804,Type_7,5050.0,5283.0,2024-10-30,2024-11-06,7,Repeat Loan,1010.0,0.2,1057.0,1
3961,ID_309896374275267278,309896,Kenya,374275,267278,Type_7,5050.0,5283.0,2024-10-30,2024-11-06,7,Repeat Loan,1010.0,0.2,1057.0,1
3962,ID_311482374276267278,311482,Kenya,374276,267278,Type_7,4350.0,4543.0,2024-10-30,2024-11-06,7,Repeat Loan,870.0,0.2,909.0,1
3963,ID_311482374276251804,311482,Kenya,374276,251804,Type_7,4350.0,4543.0,2024-10-30,2024-11-06,7,Repeat Loan,870.0,0.2,909.0,1
3964,ID_310340374281267278,310340,Kenya,374281,267278,Type_7,5000.0,5176.0,2024-10-30,2024-11-06,7,Repeat Loan,1000.0,0.2,1035.0,0
3965,ID_310340374281251804,310340,Kenya,374281,251804,Type_7,5000.0,5176.0,2024-10-30,2024-11-06,7,Repeat Loan,1000.0,0.2,1035.0,0
3966,ID_310238374282267278,310238,Kenya,374282,267278,Type_7,9645.0,9983.0,2024-10-30,2024-11-06,7,Repeat Loan,1929.0,0.2,1997.0,0
3967,ID_310238374282251804,310238,Kenya,374282,251804,Type_7,9645.0,9983.0,2024-10-30,2024-11-06,7,Repeat Loan,1929.0,0.2,1997.0,0
3968,ID_308875374284267278,308875,Kenya,374284,267278,Type_7,20108.0,20812.0,2024-10-30,2024-11-06,7,Repeat Loan,4021.0,0.199970161129898,4162.0,0
3969,ID_308875374284251804,308875,Kenya,374284,251804,Type_7,20108.0,20812.0,2024-10-30,2024-11-06,7,Repeat Loan,4021.0,0.199970161129898,4162.0,0
3970,ID_308886374286267278,308886,Kenya,374286,267278,Type_7,63700.0,65930.0,2024-10-31,2024-11-07,7,Repeat Loan,12740.0,0.2,13186.0,0
3971,ID_308886374286251804,308886,Kenya,374286,251804,Type_7,63700.0,65930.0,2024-10-31,2024-11-07,7,Repeat Loan,12740.0,0.2,13186.0,0
3972,ID_310717374296251804,310717,Kenya,374296,251804,Type_7,4770.0,4937.0,2024-10-31,2024-11-07,7,Repeat Loan,954.0,0.2,987.0,0
3973,ID_310717374296267278,310717,Kenya,374296,267278,Type_7,4770.0,4937.0,2024-10-31,2024-11-07,7,Repeat Loan,954.0,0.2,987.0,0
3974,ID_311622374306267278,311622,Kenya,374306,267278,Type_7,4251.0,4400.0,2024-10-31,2024-11-07,7,Repeat Loan,850.0,0.19995295224653,880.0,0
3975,ID_311622374306251804,311622,Kenya,374306,251804,Type_7,4251.0,4400.0,2024-10-31,2024-11-07,7,Repeat Loan,850.0,0.19995295224653,880.0,0
3976,ID_308433374308267278,308433,Kenya,374308,267278,Type_7,3595.0,3721.0,2024-10-31,2024-11-07,7,Repeat Loan,719.0,0.2,744.0,0
3977,ID_308433374308251804,308433,Kenya,374308,251804,Type_7,3595.0,3721.0,2024-10-31,2024-11-07,7,Repeat Loan,719.0,0.2,744.0,0
3978,ID_250013374317267278,250013,Kenya,374317,267278,Type_7,5889.0,6096.0,2024-10-31,2024-11-07,7,Repeat Loan,1178.0,0.200033961623365,1219.0,0
3979,ID_250013374317251804,250013,Kenya,374317,251804,Type_7,5889.0,6096.0,2024-10-31,2024-11-07,7,Repeat Loan,1178.0,0.200033961623365,1219.0,0
3980,ID_311145374328251804,311145,Kenya,374328,251804,Type_7,4976.0,5151.0,2024-10-31,2024-11-07,7,Repeat Loan,995.0,0.199959807073954,1030.0,0
3981,ID_311145374328267278,311145,Kenya,374328,267278,Type_7,4976.0,5151.0,2024-10-31,2024-11-07,7,Repeat Loan,995.0,0.199959807073954,1030.0,0
3982,ID_199820374342267278,199820,Kenya,374342,267278,Type_7,10000.0,10379.0,2024-10-31,2024-11-07,7,Repeat Loan,2000.0,0.2,2076.0,1
3983,ID_199820374342251804,199820,Kenya,374342,251804,Type_7,10000.0,10379.0,2024-10-31,2024-11-07,7,Repeat Loan,2000.0,0.2,2076.0,1
3984,ID_311012374346267278,311012,Kenya,374346,267278,Type_7,5220.0,5403.0,2024-10-31,2024-11-07,7,Repeat Loan,1044.0,0.2,1081.0,0
3985,ID_311012374346251804,311012,Kenya,374346,251804,Type_7,5220.0,5403.0,2024-10-31,2024-11-07,7,Repeat Loan,1044.0,0.2,1081.0,0
3986,ID_310298374351267278,310298,Kenya,374351,267278,Type_7,8400.0,8771.0,2024-10-31,2024-11-07,7,Repeat Loan,1680.0,0.2,1754.0,1
3987,ID_310298374351251804,310298,Kenya,374351,251804,Type_7,8400.0,8771.0,2024-10-31,2024-11-07,7,Repeat Loan,1680.0,0.2,1754.0,1
3988,ID_312432374353267278,312432,Kenya,374353,267278,Type_7,6500.0,6728.0,2024-10-31,2024-11-07,7,Repeat Loan,1300.0,0.2,1346.0,0
3989,ID_312432374353251804,312432,Kenya,374353,251804,Type_7,6500.0,6728.0,2024-10-31,2024-11-07,7,Repeat Loan,1300.0,0.2,1346.0,0
3990,ID_308551374356267278,308551,Kenya,374356,267278,Type_7,7363.0,7621.0,2024-10-31,2024-11-07,7,Repeat Loan,1472.0,0.1999185114763,1524.0,0
3991,ID_308551374356251804,308551,Kenya,374356,251804,Type_7,7363.0,7621.0,2024-10-31,2024-11-07,7,Repeat Loan,1472.0,0.1999185114763,1524.0,0
3992,ID_258774374359267278,258774,Kenya,374359,267278,Type_7,5000.0,5225.0,2024-10-31,2024-11-07,7,New Loan,1000.0,0.2,1045.0,1
3993,ID_258774374359251804,258774,Kenya,374359,251804,Type_7,5000.0,5225.0,2024-10-31,2024-11-07,7,Repeat Loan,1000.0,0.2,1045.0,1
3994,ID_267525374360267278,267525,Kenya,374360,267278,Type_7,26598.0,27529.0,2024-10-31,2024-11-07,7,Repeat Loan,5319.0,0.199977441912925,5505.0,0
3995,ID_267525374360251804,267525,Kenya,374360,251804,Type_7,26598.0,27529.0,2024-10-31,2024-11-07,7,Repeat Loan,5319.0,0.199977441912925,5505.0,0
3996,ID_309148374361251804,309148,Kenya,374361,251804,Type_7,1785.0,1848.0,2024-11-01,2024-11-08,7,Repeat Loan,357.0,0.2,370.0,0
3997,ID_309148374361267278,309148,Kenya,374361,267278,Type_7,1785.0,1848.0,2024-11-01,2024-11-08,7,Repeat Loan,357.0,0.2,370.0,0
3998,ID_309091374380251804,309091,Kenya,374380,251804,Type_7,7300.0,7556.0,2024-11-01,2024-11-08,7,Repeat Loan,1460.0,0.2,1511.0,0
3999,ID_309091374380267278,309091,Kenya,374380,267278,Type_7,7300.0,7556.0,2024-11-01,2024-11-08,7,Repeat Loan,1460.0,0.2,1511.0,0
4000,ID_311801374389251804,311801,Kenya,374389,251804,Type_7,3468.0,3590.0,2024-11-01,2024-11-08,7,Repeat Loan,693.0,0.199826989619377,717.0,0
4001,ID_311801374389267278,311801,Kenya,374389,267278,Type_7,3468.0,3590.0,2024-11-01,2024-11-08,7,Repeat Loan,693.0,0.199826989619377,717.0,0
4002,ID_311191374424267278,311191,Kenya,374424,267278,Type_7,5000.0,5181.0,2024-11-01,2024-11-08,7,Repeat Loan,1000.0,0.2,1036.0,0
4003,ID_311191374424251804,311191,Kenya,374424,251804,Type_7,5000.0,5181.0,2024-11-01,2024-11-08,7,Repeat Loan,1000.0,0.2,1036.0,0
4004,ID_311474374431267278,311474,Kenya,374431,267278,Type_7,6610.0,6842.0,2024-11-01,2024-11-08,7,Repeat Loan,1322.0,0.2,1368.0,0
4005,ID_311474374431251804,311474,Kenya,374431,251804,Type_7,6610.0,6842.0,2024-11-01,2024-11-08,7,Repeat Loan,1322.0,0.2,1368.0,0
4006,ID_309023374434267278,309023,Kenya,374434,267278,Type_7,8600.0,8902.0,2024-11-01,2024-11-08,7,Repeat Loan,1720.0,0.2,1780.0,0
4007,ID_309023374434251804,309023,Kenya,374434,251804,Type_7,8600.0,8902.0,2024-11-01,2024-11-08,7,Repeat Loan,1720.0,0.2,1780.0,0
4008,ID_309926374441251804,309926,Kenya,374441,251804,Type_7,1719.0,1780.0,2024-11-01,2024-11-08,7,Repeat Loan,344.0,0.200116346713205,356.0,0
4009,ID_309926374441267278,309926,Kenya,374441,267278,Type_7,1719.0,1780.0,2024-11-01,2024-11-08,7,New Loan,344.0,0.200116346713205,356.0,0
4010,ID_292586374443251804,292586,Kenya,374443,251804,Type_7,95760.0,99297.0,2024-11-01,2024-11-08,7,Repeat Loan,19152.0,0.2,19859.0,0
4011,ID_292586374443267278,292586,Kenya,374443,267278,Type_7,95760.0,99297.0,2024-11-01,2024-11-08,7,Repeat Loan,19152.0,0.2,19859.0,0
4012,ID_311778374448251804,311778,Kenya,374448,251804,Type_7,6800.0,7039.0,2024-11-01,2024-11-08,7,Repeat Loan,1360.0,0.2,1408.0,0
4013,ID_311778374448267278,311778,Kenya,374448,267278,Type_7,6800.0,7039.0,2024-11-01,2024-11-08,7,Repeat Loan,1360.0,0.2,1408.0,0
4014,ID_311780374451251804,311780,Kenya,374451,251804,Type_7,2832.0,2932.0,2024-11-01,2024-11-08,7,Repeat Loan,566.0,0.199858757062146,586.0,0
4015,ID_311780374451267278,311780,Kenya,374451,267278,Type_7,2832.0,2932.0,2024-11-01,2024-11-08,7,Repeat Loan,566.0,0.199858757062146,586.0,0
4016,ID_308989374453267278,308989,Kenya,374453,267278,Type_7,51617.0,53424.0,2024-11-02,2024-11-09,7,Repeat Loan,10323.0,0.199992250615107,10684.0,0
4017,ID_308989374453251804,308989,Kenya,374453,251804,Type_7,51617.0,53424.0,2024-11-02,2024-11-09,7,Repeat Loan,10323.0,0.199992250615107,10684.0,0
4018,ID_308934374455267278,308934,Kenya,374455,267278,Type_7,6770.0,7025.0,2024-11-02,2024-11-09,7,Repeat Loan,1354.0,0.2,1405.0,1
4019,ID_308934374455251804,308934,Kenya,374455,251804,Type_7,6770.0,7025.0,2024-11-02,2024-11-09,7,Repeat Loan,1354.0,0.2,1405.0,1
4020,ID_311009374461251804,311009,Kenya,374461,251804,Type_7,9400.0,9730.0,2024-11-02,2024-11-09,7,Repeat Loan,1880.0,0.2,1946.0,0
4021,ID_311009374461267278,311009,Kenya,374461,267278,Type_7,9400.0,9730.0,2024-11-02,2024-11-09,7,Repeat Loan,1880.0,0.2,1946.0,0
4022,ID_308977374478251804,308977,Kenya,374478,251804,Type_7,28600.0,29647.0,2024-11-02,2024-11-09,7,Repeat Loan,5720.0,0.2,5929.0,0
4023,ID_308977374478267278,308977,Kenya,374478,267278,Type_7,28600.0,29647.0,2024-11-02,2024-11-09,7,Repeat Loan,5720.0,0.2,5929.0,0
4024,ID_308423374487251804,308423,Kenya,374487,251804,Type_7,7700.0,7970.0,2024-11-02,2024-11-09,7,Repeat Loan,1540.0,0.2,1594.0,0
4025,ID_308423374487267278,308423,Kenya,374487,267278,Type_7,7700.0,7970.0,2024-11-02,2024-11-09,7,Repeat Loan,1540.0,0.2,1594.0,0
4026,ID_311479374490251804,311479,Kenya,374490,251804,Type_7,5440.0,5631.0,2024-11-02,2024-11-09,7,Repeat Loan,1088.0,0.2,1126.0,0
4027,ID_311479374490267278,311479,Kenya,374490,267278,Type_7,5440.0,5631.0,2024-11-02,2024-11-09,7,Repeat Loan,1088.0,0.2,1126.0,0
4028,ID_308426374491267278,308426,Kenya,374491,267278,Type_7,11192.0,11584.0,2024-11-02,2024-11-09,7,Repeat Loan,2238.0,0.199964260185847,2316.0,0
4029,ID_308426374491251804,308426,Kenya,374491,251804,Type_7,11192.0,11584.0,2024-11-02,2024-11-09,7,Repeat Loan,2238.0,0.199964260185847,2316.0,0
4030,ID_308565374495251804,308565,Kenya,374495,251804,Type_7,1047.0,1084.0,2024-11-02,2024-11-09,7,Repeat Loan,209.0,0.199617956064947,216.0,0
4031,ID_308565374495267278,308565,Kenya,374495,267278,Type_7,1047.0,1084.0,2024-11-02,2024-11-09,7,Repeat Loan,209.0,0.199617956064947,216.0,0
4032,ID_312574374501251804,312574,Kenya,374501,251804,Type_7,5000.0,5218.0,2024-11-02,2024-11-09,7,Repeat Loan,1000.0,0.2,1044.0,1
4033,ID_312574374501267278,312574,Kenya,374501,267278,Type_7,5000.0,5218.0,2024-11-02,2024-11-09,7,New Loan,1000.0,0.2,1044.0,1
4034,ID_311529374511267278,311529,Kenya,374511,267278,Type_7,10300.0,10708.0,2024-11-02,2024-11-09,7,Repeat Loan,2060.0,0.2,2142.0,1
4035,ID_311529374511251804,311529,Kenya,374511,251804,Type_7,10300.0,10708.0,2024-11-02,2024-11-09,7,Repeat Loan,2060.0,0.2,2142.0,1
4036,ID_312620374512267278,312620,Kenya,374512,267278,Type_7,2235.0,2314.0,2024-11-02,2024-11-09,7,New Loan,447.0,0.2,463.0,0
4037,ID_312620374512251804,312620,Kenya,374512,251804,Type_7,2235.0,2314.0,2024-11-02,2024-11-09,7,Repeat Loan,447.0,0.2,463.0,0
4038,ID_243861374513251804,243861,Kenya,374513,251804,Type_7,5000.0,5176.0,2024-11-02,2024-11-09,7,Repeat Loan,1000.0,0.2,1035.0,0
4039,ID_243861374513267278,243861,Kenya,374513,267278,Type_7,5000.0,5176.0,2024-11-02,2024-11-09,7,New Loan,1000.0,0.2,1035.0,0
4040,ID_308980374514251804,308980,Kenya,374514,251804,Type_7,9085.0,9403.0,2024-11-02,2024-11-09,7,Repeat Loan,1817.0,0.2,1881.0,0
4041,ID_308980374514267278,308980,Kenya,374514,267278,Type_7,9085.0,9403.0,2024-11-02,2024-11-09,7,Repeat Loan,1817.0,0.2,1881.0,0
4042,ID_249229374529267278,249229,Kenya,374529,267278,Type_7,18400.0,19090.0,2024-11-03,2024-11-10,7,Repeat Loan,3680.0,0.2,3818.0,1
4043,ID_249229374529251804,249229,Kenya,374529,251804,Type_7,18400.0,19090.0,2024-11-03,2024-11-10,7,Repeat Loan,3680.0,0.2,3818.0,1
4044,ID_310232374530267278,310232,Kenya,374530,267278,Type_7,9110.0,9429.0,2024-11-04,2024-11-11,7,Repeat Loan,1822.0,0.2,1886.0,0
4045,ID_310232374530251804,310232,Kenya,374530,251804,Type_7,9110.0,9429.0,2024-11-04,2024-11-11,7,Repeat Loan,1822.0,0.2,1886.0,0
4046,ID_288763374566251804,288763,Kenya,374566,251804,Type_7,19720.0,20411.0,2024-11-04,2024-11-11,7,Repeat Loan,3944.0,0.2,4082.0,0
4047,ID_288763374566267278,288763,Kenya,374566,267278,Type_7,19720.0,20411.0,2024-11-04,2024-11-11,7,Repeat Loan,3944.0,0.2,4082.0,0
4048,ID_308523374588251804,308523,Kenya,374588,251804,Type_7,7200.0,7453.0,2024-11-04,2024-11-11,7,Repeat Loan,1440.0,0.2,1491.0,0
4049,ID_308523374588267278,308523,Kenya,374588,267278,Type_7,7200.0,7453.0,2024-11-04,2024-11-11,7,Repeat Loan,1440.0,0.2,1491.0,0
4050,ID_310221374593251804,310221,Kenya,374593,251804,Type_7,7560.0,7825.0,2024-11-04,2024-11-11,7,Repeat Loan,1512.0,0.2,1565.0,0
4051,ID_310221374593267278,310221,Kenya,374593,267278,Type_7,7560.0,7825.0,2024-11-04,2024-11-11,7,Repeat Loan,1512.0,0.2,1565.0,0
4052,ID_308512374596267278,308512,Kenya,374596,267278,Type_7,34351.0,35554.0,2024-11-04,2024-11-11,7,Repeat Loan,6870.0,0.199994177753194,7111.0,0
4053,ID_308512374596251804,308512,Kenya,374596,251804,Type_7,34351.0,35554.0,2024-11-04,2024-11-11,7,Repeat Loan,6870.0,0.199994177753194,7111.0,0
4054,ID_309083374601251804,309083,Kenya,374601,251804,Type_7,13207.0,13670.0,2024-11-04,2024-11-11,7,Repeat Loan,2641.0,0.199969713030968,2734.0,0
4055,ID_309083374601267278,309083,Kenya,374601,267278,Type_7,13207.0,13670.0,2024-11-04,2024-11-11,7,Repeat Loan,2641.0,0.199969713030968,2734.0,0
4056,ID_306485374604267278,306485,Kenya,374604,267278,Type_7,5950.0,6159.0,2024-11-04,2024-11-11,7,Repeat Loan,1190.0,0.2,1232.0,0
4057,ID_306485374604251804,306485,Kenya,374604,251804,Type_7,5950.0,6159.0,2024-11-04,2024-11-11,7,Repeat Loan,1190.0,0.2,1232.0,0
4058,ID_309041374615251804,309041,Kenya,374615,251804,Type_7,16078.0,16641.0,2024-11-04,2024-11-11,7,Repeat Loan,3215.0,0.199962681925612,3328.0,1
4059,ID_309041374615267278,309041,Kenya,374615,267278,Type_7,16078.0,16641.0,2024-11-04,2024-11-11,7,Repeat Loan,3215.0,0.199962681925612,3328.0,1
4060,ID_311663374617251804,311663,Kenya,374617,251804,Type_7,8409.0,8704.0,2024-11-04,2024-11-11,7,Repeat Loan,1682.0,0.200023784040908,1741.0,0
4061,ID_311663374617267278,311663,Kenya,374617,267278,Type_7,8409.0,8704.0,2024-11-04,2024-11-11,7,Repeat Loan,1682.0,0.200023784040908,1741.0,0
4062,ID_308504374618251804,308504,Kenya,374618,251804,Type_7,11903.0,12320.0,2024-11-04,2024-11-11,7,Repeat Loan,2380.0,0.199949592539695,2463.0,1
4063,ID_308504374618267278,308504,Kenya,374618,267278,Type_7,11903.0,12320.0,2024-11-04,2024-11-11,7,Repeat Loan,2380.0,0.199949592539695,2463.0,1
4064,ID_310205374620251804,310205,Kenya,374620,251804,Type_7,18300.0,18941.0,2024-11-04,2024-11-11,7,Repeat Loan,3660.0,0.2,3788.0,0
4065,ID_310205374620267278,310205,Kenya,374620,267278,Type_7,18300.0,18941.0,2024-11-04,2024-11-11,7,Repeat Loan,3660.0,0.2,3788.0,0
4066,ID_248829374623267278,248829,Kenya,374623,267278,Type_7,25880.0,26786.0,2024-11-04,2024-11-11,7,Repeat Loan,5176.0,0.2,5357.0,0
4067,ID_248829374623251804,248829,Kenya,374623,251804,Type_7,25880.0,26786.0,2024-11-04,2024-11-11,7,Repeat Loan,5176.0,0.2,5357.0,0
4068,ID_308789374626267278,308789,Kenya,374626,267278,Type_7,5461.0,5653.0,2024-11-04,2024-11-11,7,Repeat Loan,1092.0,0.199963376670939,1130.0,0
4069,ID_308789374626251804,308789,Kenya,374626,251804,Type_7,5461.0,5653.0,2024-11-04,2024-11-11,7,Repeat Loan,1092.0,0.199963376670939,1130.0,0
4070,ID_248364374630251804,248364,Kenya,374630,251804,Type_7,14663.0,15177.0,2024-11-04,2024-11-11,7,Repeat Loan,2932.0,0.19995908067926,3035.0,0
4071,ID_248364374630267278,248364,Kenya,374630,267278,Type_7,14663.0,15177.0,2024-11-04,2024-11-11,7,Repeat Loan,2932.0,0.19995908067926,3035.0,0
4072,ID_308638374633251804,308638,Kenya,374633,251804,Type_7,3115.0,3225.0,2024-11-04,2024-11-11,7,Repeat Loan,623.0,0.2,645.0,0
4073,ID_308638374633267278,308638,Kenya,374633,267278,Type_7,3115.0,3225.0,2024-11-04,2024-11-11,7,Repeat Loan,623.0,0.2,645.0,0
4074,ID_311492374637251804,311492,Kenya,374637,251804,Type_7,6125.0,6340.0,2024-11-04,2024-11-11,7,Repeat Loan,1225.0,0.2,1268.0,0
4075,ID_311492374637267278,311492,Kenya,374637,267278,Type_7,6125.0,6340.0,2024-11-04,2024-11-11,7,Repeat Loan,1225.0,0.2,1268.0,0
4076,ID_309063374643251804,309063,Kenya,374643,251804,Type_7,5000.0,5176.0,2024-11-05,2024-11-12,7,Repeat Loan,1000.0,0.2,1035.0,0
4077,ID_309063374643267278,309063,Kenya,374643,267278,Type_7,5000.0,5176.0,2024-11-05,2024-11-12,7,Repeat Loan,1000.0,0.2,1035.0,0
4078,ID_308368374659251804,308368,Kenya,374659,251804,Type_7,5000.0,5176.0,2024-11-05,2024-11-12,7,Repeat Loan,1000.0,0.2,1035.0,0
4079,ID_308368374659267278,308368,Kenya,374659,267278,Type_7,5000.0,5176.0,2024-11-05,2024-11-12,7,Repeat Loan,1000.0,0.2,1035.0,0
4080,ID_250569374663251804,250569,Kenya,374663,251804,Type_7,7200.0,7453.0,2024-11-05,2024-11-12,7,Repeat Loan,1440.0,0.2,1491.0,0
4081,ID_250569374663267278,250569,Kenya,374663,267278,Type_7,7200.0,7453.0,2024-11-05,2024-11-12,7,Repeat Loan,1440.0,0.2,1491.0,0
4082,ID_311801374665251804,311801,Kenya,374665,251804,Type_7,8200.0,8487.0,2024-11-05,2024-11-12,7,Repeat Loan,1640.0,0.2,1697.0,0
4083,ID_311801374665267278,311801,Kenya,374665,267278,Type_7,8200.0,8487.0,2024-11-05,2024-11-12,7,Repeat Loan,1640.0,0.2,1697.0,0
4084,ID_312631374677267278,312631,Kenya,374677,267278,Type_7,4185.0,4332.0,2024-11-05,2024-11-12,7,Repeat Loan,837.0,0.2,866.0,0
4085,ID_312631374677251804,312631,Kenya,374677,251804,Type_7,4185.0,4332.0,2024-11-05,2024-11-12,7,Repeat Loan,837.0,0.2,866.0,0
4086,ID_308438374693251804,308438,Kenya,374693,251804,Type_7,43958.0,45497.0,2024-11-05,2024-11-12,7,Repeat Loan,8791.0,0.199986350607397,9099.0,0
4087,ID_308438374693267278,308438,Kenya,374693,267278,Type_7,43958.0,45497.0,2024-11-05,2024-11-12,7,Repeat Loan,8791.0,0.199986350607397,9099.0,0
4088,ID_311524374705267278,311524,Kenya,374705,267278,Type_7,4200.0,4347.0,2024-11-05,2024-11-12,7,Repeat Loan,840.0,0.2,869.0,0
4089,ID_311524374705251804,311524,Kenya,374705,251804,Type_7,4200.0,4347.0,2024-11-05,2024-11-12,7,Repeat Loan,840.0,0.2,869.0,0
4090,ID_308629374709267278,308629,Kenya,374709,267278,Type_7,11341.0,11738.0,2024-11-05,2024-11-12,7,Repeat Loan,2268.0,0.199982364870822,2347.0,1
4091,ID_308629374709251804,308629,Kenya,374709,251804,Type_7,11341.0,11738.0,2024-11-05,2024-11-12,7,Repeat Loan,2268.0,0.199982364870822,2347.0,1
4092,ID_308909374720267278,308909,Kenya,374720,267278,Type_7,6781.0,7019.0,2024-11-05,2024-11-12,7,Repeat Loan,1356.0,0.199970505825099,1404.0,1
4093,ID_308909374720251804,308909,Kenya,374720,251804,Type_7,6781.0,7019.0,2024-11-05,2024-11-12,7,Repeat Loan,1356.0,0.199970505825099,1404.0,1
4094,ID_311193374728267278,311193,Kenya,374728,267278,Type_7,5409.0,5599.0,2024-11-05,2024-11-12,7,Repeat Loan,1082.0,0.200036975411351,1120.0,0
4095,ID_311193374728251804,311193,Kenya,374728,251804,Type_7,5409.0,5599.0,2024-11-05,2024-11-12,7,Repeat Loan,1082.0,0.200036975411351,1120.0,0
4096,ID_309167374729251804,309167,Kenya,374729,251804,Type_7,8972.0,9287.0,2024-11-05,2024-11-12,7,Repeat Loan,1794.0,0.199955416852429,1857.0,0
4097,ID_309167374729267278,309167,Kenya,374729,267278,Type_7,8972.0,9287.0,2024-11-05,2024-11-12,7,Repeat Loan,1794.0,0.199955416852429,1857.0,0
4098,ID_312159374749251804,312159,Kenya,374749,251804,Type_7,5000.0,5176.0,2024-11-06,2024-11-13,7,Repeat Loan,1000.0,0.2,1035.0,0
4099,ID_312159374749267278,312159,Kenya,374749,267278,Type_7,5000.0,5176.0,2024-11-06,2024-11-13,7,Repeat Loan,1000.0,0.2,1035.0,0
4100,ID_251535374772251804,251535,Kenya,374772,251804,Type_7,43954.0,45493.0,2024-11-06,2024-11-13,7,Repeat Loan,8791.0,0.200004550211584,9099.0,0
4101,ID_251535374772267278,251535,Kenya,374772,267278,Type_7,43954.0,45493.0,2024-11-06,2024-11-13,7,Repeat Loan,8791.0,0.200004550211584,9099.0,0
4102,ID_311494374782251804,311494,Kenya,374782,251804,Type_7,6600.0,6832.0,2024-11-06,2024-11-13,7,Repeat Loan,1320.0,0.2,1366.0,0
4103,ID_311494374782267278,311494,Kenya,374782,267278,Type_7,6600.0,6832.0,2024-11-06,2024-11-13,7,Repeat Loan,1320.0,0.2,1366.0,0
4104,ID_310119374793251804,310119,Kenya,374793,251804,Type_7,5754.0,5956.0,2024-11-06,2024-11-13,7,Repeat Loan,479.5,0.0833333333333333,496.0,1
4105,ID_310119374793267278,310119,Kenya,374793,267278,Type_7,5754.0,5956.0,2024-11-06,2024-11-13,7,Repeat Loan,479.5,0.0833333333333333,496.0,1
4106,ID_308974374794267278,308974,Kenya,374794,267278,Type_7,15600.0,16146.0,2024-11-06,2024-11-13,7,Repeat Loan,1300.0,0.0833333333333333,1346.0,1
4107,ID_308974374794251804,308974,Kenya,374794,251804,Type_7,15600.0,16146.0,2024-11-06,2024-11-13,7,Repeat Loan,1300.0,0.0833333333333333,1346.0,1
4108,ID_312582374796267278,312582,Kenya,374796,267278,Type_7,5000.0,5176.0,2024-11-06,2024-11-13,7,Repeat Loan,833.33,0.166666,863.0,0
4109,ID_312582374796251804,312582,Kenya,374796,251804,Type_7,5000.0,5176.0,2024-11-06,2024-11-13,7,Repeat Loan,833.33,0.166666,863.0,0
4110,ID_310615374799251804,310615,Kenya,374799,251804,Type_7,6400.0,6625.0,2024-11-07,2024-11-14,7,Repeat Loan,1066.67,0.1666671875,1104.0,0
4111,ID_310615374799267278,310615,Kenya,374799,267278,Type_7,6400.0,6625.0,2024-11-07,2024-11-14,7,Repeat Loan,1066.67,0.1666671875,1104.0,0
4112,ID_310219374800251804,310219,Kenya,374800,251804,Type_7,2370.0,2453.0,2024-11-07,2024-11-14,7,Repeat Loan,395.0,0.166666666666666,409.0,0
4113,ID_310219374800267278,310219,Kenya,374800,267278,Type_7,2370.0,2453.0,2024-11-07,2024-11-14,7,Repeat Loan,395.0,0.166666666666666,409.0,0
4114,ID_240534374801267278,240534,Kenya,374801,267278,Type_7,9802.0,10146.0,2024-11-07,2024-11-14,7,Repeat Loan,1633.67,0.166667006733319,1691.0,0
4115,ID_240534374801251804,240534,Kenya,374801,251804,Type_7,9802.0,10146.0,2024-11-07,2024-11-14,7,Repeat Loan,1633.67,0.166667006733319,1691.0,0
4116,ID_248818374805251804,248818,Kenya,374805,251804,Type_7,68364.0,70757.0,2024-11-07,2024-11-14,7,Repeat Loan,11394.0,0.166666666666666,11793.0,0
4117,ID_248818374805267278,248818,Kenya,374805,267278,Type_7,68364.0,70757.0,2024-11-07,2024-11-14,7,Repeat Loan,11394.0,0.166666666666666,11793.0,0
4118,ID_308373374827251804,308373,Kenya,374827,251804,Type_7,48058.0,49741.0,2024-11-07,2024-11-14,7,Repeat Loan,8009.67,0.1666667360273,8290.0,0
4119,ID_308373374827267278,308373,Kenya,374827,267278,Type_7,48058.0,49741.0,2024-11-07,2024-11-14,7,Repeat Loan,8009.67,0.1666667360273,8290.0,0
4120,ID_308545374828267278,308545,Kenya,374828,267278,Type_7,3650.0,3778.0,2024-11-07,2024-11-14,7,Repeat Loan,608.33,0.166665753424657,630.0,0
4121,ID_308545374828251804,308545,Kenya,374828,251804,Type_7,3650.0,3778.0,2024-11-07,2024-11-14,7,Repeat Loan,608.33,0.166665753424657,630.0,0
4122,ID_249297374833267278,249297,Kenya,374833,267278,Type_7,8199.0,8486.0,2024-11-07,2024-11-14,7,Repeat Loan,1366.67,0.166687400902549,1415.0,0
4123,ID_249297374833251804,249297,Kenya,374833,251804,Type_7,8199.0,8486.0,2024-11-07,2024-11-14,7,Repeat Loan,1366.67,0.166687400902549,1415.0,0
4124,ID_310487374835251804,310487,Kenya,374835,251804,Type_7,29800.0,30843.0,2024-11-07,2024-11-14,7,Repeat Loan,4966.67,0.166666778523489,5141.0,0
4125,ID_310487374835267278,310487,Kenya,374835,267278,Type_7,29800.0,30843.0,2024-11-07,2024-11-14,7,Repeat Loan,4966.67,0.166666778523489,5141.0,0
4126,ID_311145374837251804,311145,Kenya,374837,251804,Type_7,5000.0,5176.0,2024-11-07,2024-11-14,7,Repeat Loan,833.33,0.166666,863.0,0
4127,ID_311145374837267278,311145,Kenya,374837,267278,Type_7,5000.0,5176.0,2024-11-07,2024-11-14,7,Repeat Loan,833.33,0.166666,863.0,0
4128,ID_308875374857267278,308875,Kenya,374857,267278,Type_7,17300.0,17906.0,2024-11-08,2024-11-15,7,Repeat Loan,2883.33,0.166666473988439,2984.0,0
4129,ID_308875374857251804,308875,Kenya,374857,251804,Type_7,17300.0,17906.0,2024-11-08,2024-11-15,7,Repeat Loan,2883.33,0.166666473988439,2984.0,0
4130,ID_311657374868267278,311657,Kenya,374868,267278,Type_7,6680.0,6914.0,2024-11-08,2024-11-15,7,Repeat Loan,1113.33,0.16666616766467,1152.0,0
4131,ID_311657374868251804,311657,Kenya,374868,251804,Type_7,6680.0,6914.0,2024-11-08,2024-11-15,7,Repeat Loan,1113.33,0.16666616766467,1152.0,0
4132,ID_309088374883267278,309088,Kenya,374883,267278,Type_7,7137.0,7387.0,2024-11-08,2024-11-15,7,Repeat Loan,594.83,0.0833445425248704,616.0,0
4133,ID_309088374883251804,309088,Kenya,374883,251804,Type_7,7137.0,7387.0,2024-11-08,2024-11-15,7,Repeat Loan,594.83,0.0833445425248704,616.0,0
4134,ID_311780374922267278,311780,Kenya,374922,267278,Type_7,7882.0,8158.0,2024-11-08,2024-11-15,7,Repeat Loan,788.2,0.1,816.0,0
4135,ID_311780374922251804,311780,Kenya,374922,251804,Type_7,7882.0,8158.0,2024-11-08,2024-11-15,7,Repeat Loan,788.2,0.1,816.0,0
4136,ID_311474374931251804,311474,Kenya,374931,251804,Type_7,7285.0,7540.0,2024-11-08,2024-11-15,7,Repeat Loan,728.6,0.100013726835964,754.0,0
4137,ID_311474374931267278,311474,Kenya,374931,267278,Type_7,7285.0,7540.0,2024-11-08,2024-11-15,7,Repeat Loan,728.6,0.100013726835964,754.0,0
4138,ID_311438374932251804,311438,Kenya,374932,251804,Type_7,2753.0,2850.0,2024-11-08,2024-11-15,7,Repeat Loan,275.4,0.10003632401017,285.0,0
4139,ID_311438374932267278,311438,Kenya,374932,267278,Type_7,2753.0,2850.0,2024-11-08,2024-11-15,7,Repeat Loan,275.4,0.10003632401017,285.0,0
4140,ID_308666374936267278,308666,Kenya,374936,267278,Type_7,8609.0,8911.0,2024-11-09,2024-11-16,7,Repeat Loan,861.0,0.100011615750958,891.0,0
4141,ID_308666374936251804,308666,Kenya,374936,251804,Type_7,8609.0,8911.0,2024-11-09,2024-11-16,7,Repeat Loan,861.0,0.100011615750958,891.0,0
4142,ID_267525374938251804,267525,Kenya,374938,251804,Type_7,31900.0,33017.0,2024-11-09,2024-11-16,7,Repeat Loan,3190.0,0.1,3302.0,0
4143,ID_267525374938267278,267525,Kenya,374938,267278,Type_7,31900.0,33017.0,2024-11-09,2024-11-16,7,Repeat Loan,3190.0,0.1,3302.0,0
4144,ID_309968374974267278,309968,Kenya,374974,267278,Type_7,26437.0,27363.0,2024-11-09,2024-11-16,7,Repeat Loan,3304.75,0.12500472822181,3421.0,0
4145,ID_309968374974251804,309968,Kenya,374974,251804,Type_7,26437.0,27363.0,2024-11-09,2024-11-16,7,Repeat Loan,3304.75,0.12500472822181,3421.0,0
4146,ID_250013374975267278,250013,Kenya,374975,267278,Type_7,3519.0,3643.0,2024-11-09,2024-11-16,7,Repeat Loan,440.0,0.125035521454958,456.0,0
4147,ID_250013374975251804,250013,Kenya,374975,251804,Type_7,3519.0,3643.0,2024-11-09,2024-11-16,7,Repeat Loan,440.0,0.125035521454958,456.0,0
4148,ID_262848374980251804,262848,Kenya,374980,251804,Type_7,10200.0,10558.0,2024-11-09,2024-11-16,7,Repeat Loan,1700.0,0.166666666666666,1760.0,0
4149,ID_262848374980267278,262848,Kenya,374980,267278,Type_7,10200.0,10558.0,2024-11-09,2024-11-16,7,Repeat Loan,1700.0,0.166666666666666,1760.0,0
4150,ID_312241374995267278,312241,Kenya,374995,267278,Type_7,5000.0,5176.0,2024-11-09,2024-11-16,7,Repeat Loan,833.33,0.166666,863.0,0
4151,ID_312241374995251804,312241,Kenya,374995,251804,Type_7,5000.0,5176.0,2024-11-09,2024-11-16,7,Repeat Loan,833.33,0.166666,863.0,0
4152,ID_312620374997251804,312620,Kenya,374997,251804,Type_7,4257.0,4406.0,2024-11-09,2024-11-16,7,Repeat Loan,709.67,0.166706600892647,735.0,0
4153,ID_312620374997267278,312620,Kenya,374997,267278,Type_7,4257.0,4406.0,2024-11-09,2024-11-16,7,Repeat Loan,709.67,0.166706600892647,735.0,0
4154,ID_311981374999251804,311981,Kenya,374999,251804,Type_7,7800.0,8073.0,2024-11-09,2024-11-16,7,Repeat Loan,1300.0,0.166666666666666,1346.0,0
4155,ID_311981374999267278,311981,Kenya,374999,267278,Type_7,7800.0,8073.0,2024-11-09,2024-11-16,7,Repeat Loan,1300.0,0.166666666666666,1346.0,0
4156,ID_308473375004267278,308473,Kenya,375004,267278,Type_7,7000.0,7246.0,2024-11-09,2024-11-16,7,Repeat Loan,1166.67,0.166667142857142,1208.0,0
4157,ID_308473375004251804,308473,Kenya,375004,251804,Type_7,7000.0,7246.0,2024-11-09,2024-11-16,7,Repeat Loan,1166.67,0.166667142857142,1208.0,0
4158,ID_308989375012251804,308989,Kenya,375012,251804,Type_7,48661.0,50365.0,2024-11-10,2024-11-17,7,Repeat Loan,8110.33,0.166670023221881,8394.0,0
4159,ID_308989375012267278,308989,Kenya,375012,267278,Type_7,48661.0,50365.0,2024-11-10,2024-11-17,7,Repeat Loan,8110.33,0.166670023221881,8394.0,0
4160,ID_311433375041267278,311433,Kenya,375041,267278,Type_7,8950.0,9264.0,2024-11-10,2024-11-17,7,Repeat Loan,1491.67,0.166667039106145,1544.0,0
4161,ID_311433375041251804,311433,Kenya,375041,251804,Type_7,8950.0,9264.0,2024-11-10,2024-11-17,7,Repeat Loan,1491.67,0.166667039106145,1544.0,0
4162,ID_308433375043267278,308433,Kenya,375043,267278,Type_7,4390.0,4544.0,2024-11-10,2024-11-17,7,Repeat Loan,731.67,0.166667425968109,757.0,0
4163,ID_308433375043251804,308433,Kenya,375043,251804,Type_7,4390.0,4544.0,2024-11-10,2024-11-17,7,Repeat Loan,731.67,0.166667425968109,757.0,0
4164,ID_308784375066267278,308784,Kenya,375066,267278,Type_7,7089.0,7338.0,2024-11-11,2024-11-18,7,Repeat Loan,1181.67,0.166690647482014,1223.0,0
4165,ID_308784375066251804,308784,Kenya,375066,251804,Type_7,7089.0,7338.0,2024-11-11,2024-11-18,7,Repeat Loan,1181.67,0.166690647482014,1223.0,0
4166,ID_311524375089251804,311524,Kenya,375089,251804,Type_7,3362.0,3480.0,2024-11-11,2024-11-18,7,Repeat Loan,560.33,0.166665675193337,580.0,0
4167,ID_311524375089267278,311524,Kenya,375089,267278,Type_7,3362.0,3480.0,2024-11-11,2024-11-18,7,Repeat Loan,560.33,0.166665675193337,580.0,0
4168,ID_312608375118251804,312608,Kenya,375118,251804,Type_7,4916.0,5089.0,2024-11-11,2024-11-18,7,Repeat Loan,819.33,0.166665988608624,848.0,0
4169,ID_312608375118267278,312608,Kenya,375118,267278,Type_7,4916.0,5089.0,2024-11-11,2024-11-18,7,Repeat Loan,819.33,0.166665988608624,848.0,0
4170,ID_308438375124251804,308438,Kenya,375124,251804,Type_7,54905.0,56827.0,2024-11-11,2024-11-18,7,Repeat Loan,9151.0,0.166669702212913,9471.0,0
4171,ID_308438375124267278,308438,Kenya,375124,267278,Type_7,54905.0,56827.0,2024-11-11,2024-11-18,7,Repeat Loan,9151.0,0.166669702212913,9471.0,0
4172,ID_288763375133267278,288763,Kenya,375133,267278,Type_7,18569.0,19219.0,2024-11-11,2024-11-18,7,Repeat Loan,3095.0,0.166675642199364,3203.0,0
4173,ID_288763375133251804,288763,Kenya,375133,251804,Type_7,18569.0,19219.0,2024-11-11,2024-11-18,7,Repeat Loan,3095.0,0.166675642199364,3203.0,0
4174,ID_310150375137251804,310150,Kenya,375137,251804,Type_7,7300.0,7556.0,2024-11-11,2024-11-18,7,Repeat Loan,1216.67,0.166667123287671,1259.0,0
4175,ID_310150375137267278,310150,Kenya,375137,267278,Type_7,7300.0,7556.0,2024-11-11,2024-11-18,7,Repeat Loan,1216.67,0.166667123287671,1259.0,0
4176,ID_310340375141267278,310340,Kenya,375141,267278,Type_7,5000.0,5176.0,2024-11-11,2024-11-18,7,Repeat Loan,833.33,0.166666,863.0,0
4177,ID_310340375141251804,310340,Kenya,375141,251804,Type_7,5000.0,5176.0,2024-11-11,2024-11-18,7,Repeat Loan,833.33,0.166666,863.0,0
4178,ID_308543375144267278,308543,Kenya,375144,267278,Type_7,36098.0,37362.0,2024-11-11,2024-11-18,7,Repeat Loan,6016.33,0.166666574325447,6227.0,0
4179,ID_308543375144251804,308543,Kenya,375144,251804,Type_7,36098.0,37362.0,2024-11-11,2024-11-18,7,Repeat Loan,6016.33,0.166666574325447,6227.0,0
4180,ID_308368375145267278,308368,Kenya,375145,267278,Type_7,9987.0,10337.0,2024-11-12,2024-11-19,7,Repeat Loan,1664.67,0.166683688795434,1723.0,0
4181,ID_308368375145251804,308368,Kenya,375145,251804,Type_7,9987.0,10337.0,2024-11-12,2024-11-19,7,Repeat Loan,1664.67,0.166683688795434,1723.0,0
4182,ID_312631375152267278,312631,Kenya,375152,267278,Type_7,2435.0,2521.0,2024-11-12,2024-11-19,7,Repeat Loan,406.0,0.166735112936344,420.0,0
4183,ID_312631375152251804,312631,Kenya,375152,251804,Type_7,2435.0,2521.0,2024-11-12,2024-11-19,7,Repeat Loan,406.0,0.166735112936344,420.0,0
4184,ID_308512375154251804,308512,Kenya,375154,251804,Type_7,39595.0,40981.0,2024-11-12,2024-11-19,7,Repeat Loan,6599.33,0.166670791766637,6830.0,0
4185,ID_308512375154267278,308512,Kenya,375154,267278,Type_7,39595.0,40981.0,2024-11-12,2024-11-19,7,Repeat Loan,6599.33,0.166670791766637,6830.0,0
4186,ID_250569375164251804,250569,Kenya,375164,251804,Type_7,4961.0,5135.0,2024-11-12,2024-11-19,7,Repeat Loan,827.0,0.166700262043942,856.0,0
4187,ID_250569375164267278,250569,Kenya,375164,267278,Type_7,4961.0,5135.0,2024-11-12,2024-11-19,7,Repeat Loan,827.0,0.166700262043942,856.0,0
4188,ID_308423375185251804,308423,Kenya,375185,251804,Type_7,7669.0,7938.0,2024-11-12,2024-11-19,7,Repeat Loan,1278.33,0.166687964532533,1323.0,0
4189,ID_308423375185267278,308423,Kenya,375185,267278,Type_7,7669.0,7938.0,2024-11-12,2024-11-19,7,Repeat Loan,1278.33,0.166687964532533,1323.0,0
4190,ID_309083375190267278,309083,Kenya,375190,267278,Type_7,8850.0,9160.0,2024-11-12,2024-11-19,7,Repeat Loan,1475.0,0.166666666666666,1527.0,0
4191,ID_309083375190251804,309083,Kenya,375190,251804,Type_7,8850.0,9160.0,2024-11-12,2024-11-19,7,Repeat Loan,1475.0,0.166666666666666,1527.0,0
4192,ID_308638375198251804,308638,Kenya,375198,251804,Type_7,4320.0,4472.0,2024-11-12,2024-11-19,7,Repeat Loan,720.0,0.166666666666666,745.0,0
4193,ID_308638375198267278,308638,Kenya,375198,267278,Type_7,4320.0,4472.0,2024-11-12,2024-11-19,7,Repeat Loan,720.0,0.166666666666666,745.0,0
4194,ID_311009375200267278,311009,Kenya,375200,267278,Type_7,11484.0,11886.0,2024-11-12,2024-11-19,7,Repeat Loan,1914.0,0.166666666666666,1981.0,0
4195,ID_311009375200251804,311009,Kenya,375200,251804,Type_7,11484.0,11886.0,2024-11-12,2024-11-19,7,Repeat Loan,1914.0,0.166666666666666,1981.0,0
4196,ID_309023375201251804,309023,Kenya,375201,251804,Type_7,10300.0,10661.0,2024-11-12,2024-11-19,7,Repeat Loan,1716.67,0.166666990291262,1777.0,0
4197,ID_309023375201267278,309023,Kenya,375201,267278,Type_7,10300.0,10661.0,2024-11-12,2024-11-19,7,Repeat Loan,1716.67,0.166666990291262,1777.0,0
4198,ID_308761375203251804,308761,Kenya,375203,251804,Type_7,28956.0,29970.0,2024-11-12,2024-11-19,7,Repeat Loan,4826.0,0.166666666666666,4995.0,0
4199,ID_308761375203267278,308761,Kenya,375203,267278,Type_7,28956.0,29970.0,2024-11-12,2024-11-19,7,Repeat Loan,4826.0,0.166666666666666,4995.0,0
4200,ID_310020375212251804,310020,Kenya,375212,251804,Type_7,11535.0,11939.0,2024-11-12,2024-11-19,7,Repeat Loan,1922.67,0.166681404421326,1990.0,0
4201,ID_310020375212267278,310020,Kenya,375212,267278,Type_7,11535.0,11939.0,2024-11-12,2024-11-19,7,Repeat Loan,1922.67,0.166681404421326,1990.0,0
4202,ID_310313375213251804,310313,Kenya,375213,251804,Type_7,4994.0,5169.0,2024-11-12,2024-11-19,7,Repeat Loan,832.33,0.166665999199038,861.0,0
4203,ID_310313375213267278,310313,Kenya,375213,267278,Type_7,4994.0,5169.0,2024-11-12,2024-11-19,7,Repeat Loan,832.33,0.166665999199038,861.0,0
4204,ID_310205375215267278,310205,Kenya,375215,267278,Type_7,23800.0,24634.0,2024-11-12,2024-11-19,7,Repeat Loan,2380.0,0.1,2463.0,0
4205,ID_310205375215251804,310205,Kenya,375215,251804,Type_7,23800.0,24634.0,2024-11-12,2024-11-19,7,Repeat Loan,2380.0,0.1,2463.0,0
4206,ID_311191375228267278,311191,Kenya,375228,267278,Type_7,5000.0,5176.0,2024-11-13,2024-11-20,7,Repeat Loan,833.33,0.166666,863.0,0
4207,ID_311191375228251804,311191,Kenya,375228,251804,Type_7,5000.0,5176.0,2024-11-13,2024-11-20,7,Repeat Loan,833.33,0.166666,863.0,0
4208,ID_308425375244251804,308425,Kenya,375244,251804,Type_7,11700.0,12110.0,2024-11-13,2024-11-20,7,Repeat Loan,1950.0,0.166666666666666,2018.0,0
4209,ID_308425375244267278,308425,Kenya,375244,267278,Type_7,11700.0,12110.0,2024-11-13,2024-11-20,7,Repeat Loan,1950.0,0.166666666666666,2018.0,0
4210,ID_311193375246267278,311193,Kenya,375246,267278,Type_7,6954.0,7198.0,2024-11-13,2024-11-20,7,Repeat Loan,1159.0,0.166666666666666,1200.0,0
4211,ID_311193375246251804,311193,Kenya,375246,251804,Type_7,6954.0,7198.0,2024-11-13,2024-11-20,7,Repeat Loan,1159.0,0.166666666666666,1200.0,0
4212,ID_312631375252251804,312631,Kenya,375252,251804,Type_7,2960.0,3064.0,2024-11-13,2024-11-20,7,Repeat Loan,493.33,0.16666554054054,511.0,0
4213,ID_312631375252267278,312631,Kenya,375252,267278,Type_7,2960.0,3064.0,2024-11-13,2024-11-20,7,Repeat Loan,493.33,0.16666554054054,511.0,0
4214,ID_310487375256251804,310487,Kenya,375256,251804,Type_7,30920.0,32003.0,2024-11-13,2024-11-20,7,Repeat Loan,5153.33,0.166666558861578,5334.0,0
4215,ID_310487375256267278,310487,Kenya,375256,267278,Type_7,30920.0,32003.0,2024-11-13,2024-11-20,7,Repeat Loan,5153.33,0.166666558861578,5334.0,0
4216,ID_308505375265251804,308505,Kenya,375265,251804,Type_7,5870.0,6076.0,2024-11-13,2024-11-20,7,Repeat Loan,978.33,0.166666098807495,1013.0,0
4217,ID_308505375265267278,308505,Kenya,375265,267278,Type_7,5870.0,6076.0,2024-11-13,2024-11-20,7,Repeat Loan,978.33,0.166666098807495,1013.0,0
4218,ID_308426375267251804,308426,Kenya,375267,251804,Type_7,13000.0,13456.0,2024-11-13,2024-11-20,7,Repeat Loan,2166.67,0.166666923076923,2243.0,0
4219,ID_308426375267267278,308426,Kenya,375267,267278,Type_7,13000.0,13456.0,2024-11-13,2024-11-20,7,Repeat Loan,2166.67,0.166666923076923,2243.0,0
4220,ID_309063375273267278,309063,Kenya,375273,267278,Type_7,5000.0,5176.0,2024-11-13,2024-11-20,7,Repeat Loan,625.0,0.125,647.0,0
4221,ID_309063375273251804,309063,Kenya,375273,251804,Type_7,5000.0,5176.0,2024-11-13,2024-11-20,7,Repeat Loan,625.0,0.125,647.0,0
4222,ID_310221375274267278,310221,Kenya,375274,267278,Type_7,9100.0,9419.0,2024-11-13,2024-11-20,7,Repeat Loan,1137.5,0.125,1177.0,0
4223,ID_310221375274251804,310221,Kenya,375274,251804,Type_7,9100.0,9419.0,2024-11-13,2024-11-20,7,Repeat Loan,1137.5,0.125,1177.0,0
4224,ID_248829375278251804,248829,Kenya,375278,251804,Type_7,27510.0,28473.0,2024-11-13,2024-11-20,7,Repeat Loan,3438.75,0.125,3559.0,0
4225,ID_248829375278267278,248829,Kenya,375278,267278,Type_7,27510.0,28473.0,2024-11-13,2024-11-20,7,Repeat Loan,3438.75,0.125,3559.0,0
4226,ID_312280375282267278,312280,Kenya,375282,267278,Type_16,35062.0,36290.0,2024-11-13,2024-11-20,7,Repeat Loan,3506.2,0.0999999999999999,3629.0,0
4227,ID_312280375282251804,312280,Kenya,375282,251804,Type_16,35062.0,36290.0,2024-11-13,2024-11-20,7,Repeat Loan,3506.2,0.0999999999999999,3629.0,0
4228,ID_311224375283251804,311224,Kenya,375283,251804,Type_17,15995.0,16315.0,2024-11-13,2024-11-20,7,Repeat Loan,1999.5,0.125007814942169,2040.0,0
4229,ID_311224375283267278,311224,Kenya,375283,267278,Type_17,15995.0,16315.0,2024-11-13,2024-11-20,7,Repeat Loan,1999.5,0.125007814942169,2040.0,0
4230,ID_310534375284251804,310534,Kenya,375284,251804,Type_17,11499.0,11729.0,2024-11-13,2024-11-20,7,Repeat Loan,1437.5,0.125010870510479,1466.0,0
4231,ID_310534375284267278,310534,Kenya,375284,267278,Type_17,11499.0,11729.0,2024-11-13,2024-11-20,7,Repeat Loan,1437.5,0.125010870510479,1466.0,0
4232,ID_310594375285267278,310594,Kenya,375285,267278,Type_17,4699.0,4793.0,2024-11-13,2024-11-20,7,Repeat Loan,587.5,0.125026601404554,599.0,0
4233,ID_310594375285251804,310594,Kenya,375285,251804,Type_17,4699.0,4793.0,2024-11-13,2024-11-20,7,Repeat Loan,587.5,0.125026601404554,599.0,0
4234,ID_308523375287251804,308523,Kenya,375287,251804,Type_7,8600.0,8902.0,2024-11-13,2024-11-20,7,Repeat Loan,1075.0,0.125,1113.0,0
4235,ID_308523375287267278,308523,Kenya,375287,267278,Type_7,8600.0,8902.0,2024-11-13,2024-11-20,7,Repeat Loan,1075.0,0.125,1113.0,0
4236,ID_246628375290267278,246628,Kenya,375290,267278,Type_7,8018.0,8299.0,2024-11-13,2024-11-20,7,Repeat Loan,1002.25,0.125,1037.0,0
4237,ID_246628375290251804,246628,Kenya,375290,251804,Type_7,8018.0,8299.0,2024-11-13,2024-11-20,7,Repeat Loan,1002.25,0.125,1037.0,0
4238,ID_310852375294267278,310852,Kenya,375294,267278,Type_16,20400.0,21318.0,2024-11-14,2024-11-28,14,Repeat Loan,2040.0,0.1,2132.0,0
4239,ID_310852375294251804,310852,Kenya,375294,251804,Type_16,20400.0,21318.0,2024-11-14,2024-11-28,14,Repeat Loan,2040.0,0.1,2132.0,0
4240,ID_309529375295267278,309529,Kenya,375295,267278,Type_7,7000.0,7246.0,2024-11-14,2024-11-21,7,Repeat Loan,700.0,0.1,725.0,0
4241,ID_309529375295251804,309529,Kenya,375295,251804,Type_7,7000.0,7246.0,2024-11-14,2024-11-21,7,Repeat Loan,700.0,0.1,725.0,0
4242,ID_310366375296267278,310366,Kenya,375296,267278,Type_17,13868.0,14146.0,2024-11-14,2024-11-21,7,Repeat Loan,1733.5,0.125,1768.0,0
4243,ID_310366375296251804,310366,Kenya,375296,251804,Type_17,13868.0,14146.0,2024-11-14,2024-11-21,7,Repeat Loan,1733.5,0.125,1768.0,0
4244,ID_311751375297251804,311751,Kenya,375297,251804,Type_16,25495.0,26388.0,2024-11-14,2024-11-21,7,Repeat Loan,3187.0,0.125004902922141,3299.0,0
4245,ID_311751375297267278,311751,Kenya,375297,267278,Type_16,25495.0,26388.0,2024-11-14,2024-11-21,7,Repeat Loan,3187.0,0.125004902922141,3299.0,0
4246,ID_312096375301251804,312096,Kenya,375301,251804,Type_17,12286.0,12532.0,2024-11-14,2024-11-21,7,Repeat Loan,1023.83,0.0833330620218134,1044.0,0
4247,ID_312096375301267278,312096,Kenya,375301,267278,Type_17,12286.0,12532.0,2024-11-14,2024-11-21,7,Repeat Loan,1023.83,0.0833330620218134,1044.0,0
4248,ID_310563375302251804,310563,Kenya,375302,251804,Type_17,12125.0,12368.0,2024-11-14,2024-11-21,7,Repeat Loan,1010.5,0.083340206185567,1031.0,0
4249,ID_310563375302267278,310563,Kenya,375302,267278,Type_17,12125.0,12368.0,2024-11-14,2024-11-21,7,Repeat Loan,1010.5,0.083340206185567,1031.0,0
4250,ID_308412375303267278,308412,Kenya,375303,267278,Type_7,5574.0,5770.0,2024-11-14,2024-11-21,7,Repeat Loan,464.5,0.0833333333333333,481.0,0
4251,ID_308412375303251804,308412,Kenya,375303,251804,Type_7,5574.0,5770.0,2024-11-14,2024-11-21,7,Repeat Loan,464.5,0.0833333333333333,481.0,0
4252,ID_310800375305267278,310800,Kenya,375305,267278,Type_17,5552.0,5664.0,2024-11-14,2024-11-21,7,Repeat Loan,462.67,0.0833339337175792,472.0,0
4253,ID_310800375305251804,310800,Kenya,375305,251804,Type_17,5552.0,5664.0,2024-11-14,2024-11-21,7,Repeat Loan,462.67,0.0833339337175792,472.0,0
4254,ID_312012375310267278,312012,Kenya,375310,267278,Type_16,11700.0,12227.0,2024-11-14,2024-11-28,14,Repeat Loan,1462.5,0.125,1528.0,0
4255,ID_312012375310251804,312012,Kenya,375310,251804,Type_16,11700.0,12227.0,2024-11-14,2024-11-28,14,Repeat Loan,1462.5,0.125,1528.0,0
4256,ID_268892375311267278,268892,Kenya,375311,267278,Type_16,23448.0,24504.0,2024-11-14,2024-11-28,14,Repeat Loan,2931.0,0.125,3063.0,0
4257,ID_268892375311251804,268892,Kenya,375311,251804,Type_16,23448.0,24504.0,2024-11-14,2024-11-28,14,Repeat Loan,2931.0,0.125,3063.0,0
4258,ID_308224375312267278,308224,Kenya,375312,267278,Type_17,22000.0,22440.0,2024-11-14,2024-11-21,7,Repeat Loan,2750.0,0.125,2805.0,0
4259,ID_308224375312251804,308224,Kenya,375312,251804,Type_17,22000.0,22440.0,2024-11-14,2024-11-21,7,Repeat Loan,2750.0,0.125,2805.0,0
4260,ID_311081375313251804,311081,Kenya,375313,251804,Type_16,50000.0,51751.0,2024-11-14,2024-11-21,7,Repeat Loan,6250.0,0.125,6469.0,0
4261,ID_311081375313267278,311081,Kenya,375313,267278,Type_16,50000.0,51751.0,2024-11-14,2024-11-21,7,Repeat Loan,6250.0,0.125,6469.0,0
4262,ID_310712375314267278,310712,Kenya,375314,267278,Type_17,15000.0,15300.0,2024-11-14,2024-11-21,7,Repeat Loan,1875.0,0.125,1913.0,0
4263,ID_310712375314251804,310712,Kenya,375314,251804,Type_17,15000.0,15300.0,2024-11-14,2024-11-21,7,Repeat Loan,1875.0,0.125,1913.0,0
4264,ID_311738375317251804,311738,Kenya,375317,251804,Type_17,10000.0,10200.0,2024-11-14,2024-11-21,7,Repeat Loan,1250.0,0.125,1275.0,0
4265,ID_311738375317267278,311738,Kenya,375317,267278,Type_17,10000.0,10200.0,2024-11-14,2024-11-21,7,Repeat Loan,1250.0,0.125,1275.0,0
4266,ID_308511375319267278,308511,Kenya,375319,267278,Type_7,17925.0,18553.0,2024-11-14,2024-11-21,7,Repeat Loan,1792.6,0.100005578800557,1855.0,0
4267,ID_308511375319251804,308511,Kenya,375319,251804,Type_7,17925.0,18553.0,2024-11-14,2024-11-21,7,Repeat Loan,1792.6,0.100005578800557,1855.0,0
